-- phpMyAdmin SQL Dump
-- version 4.9.2
-- https://www.phpmyadmin.net/
--
-- Host: 127.0.0.1
-- Generation Time: Apr 02, 2020 at 02:33 PM
-- Server version: 10.4.10-MariaDB
-- PHP Version: 7.3.12

SET SQL_MODE = "NO_AUTO_VALUE_ON_ZERO";
SET AUTOCOMMIT = 0;
START TRANSACTION;
SET time_zone = "+00:00";


/*!40101 SET @OLD_CHARACTER_SET_CLIENT=@@CHARACTER_SET_CLIENT */;
/*!40101 SET @OLD_CHARACTER_SET_RESULTS=@@CHARACTER_SET_RESULTS */;
/*!40101 SET @OLD_COLLATION_CONNECTION=@@COLLATION_CONNECTION */;
/*!40101 SET NAMES utf8mb4 */;

--
-- Database: `new_location`
--

-- --------------------------------------------------------

--
-- Table structure for table `departments`
--

CREATE TABLE `departments` (
  `id` int(10) UNSIGNED NOT NULL,
  `cod_dane` int(11) NOT NULL,
  `name` varchar(191) COLLATE utf8mb4_unicode_ci NOT NULL,
  `created_at` timestamp NULL DEFAULT NULL,
  `updated_at` timestamp NULL DEFAULT NULL
) ENGINE=InnoDB DEFAULT CHARSET=utf8mb4 COLLATE=utf8mb4_unicode_ci;

--
-- Dumping data for table `departments`
--

INSERT INTO `departments` (`id`, `cod_dane`, `name`, `created_at`, `updated_at`) VALUES
(1, 19, 'CAUCA', '2019-10-09 21:48:51', '2019-10-09 21:48:51');

-- --------------------------------------------------------

--
-- Table structure for table `failed_jobs`
--

CREATE TABLE `failed_jobs` (
  `id` bigint(20) UNSIGNED NOT NULL,
  `connection` text COLLATE utf8mb4_unicode_ci NOT NULL,
  `queue` text COLLATE utf8mb4_unicode_ci NOT NULL,
  `payload` longtext COLLATE utf8mb4_unicode_ci NOT NULL,
  `exception` longtext COLLATE utf8mb4_unicode_ci NOT NULL,
  `failed_at` timestamp NOT NULL DEFAULT current_timestamp()
) ENGINE=InnoDB DEFAULT CHARSET=utf8mb4 COLLATE=utf8mb4_unicode_ci;

-- --------------------------------------------------------

--
-- Table structure for table `headquarters`
--

CREATE TABLE `headquarters` (
  `id` bigint(20) UNSIGNED NOT NULL,
  `name` varchar(191) COLLATE utf8mb4_unicode_ci NOT NULL,
  `town_id` int(10) UNSIGNED NOT NULL,
  `institution_id` bigint(20) UNSIGNED NOT NULL,
  `created_at` timestamp NULL DEFAULT current_timestamp(),
  `updated_at` timestamp NULL DEFAULT current_timestamp()
) ENGINE=InnoDB DEFAULT CHARSET=utf8mb4 COLLATE=utf8mb4_unicode_ci;

--
-- Dumping data for table `headquarters`
--

INSERT INTO `headquarters` (`id`, `name`, `town_id`, `institution_id`, `created_at`, `updated_at`) VALUES
(1, 'SAN AGUSTIN DEL NAPI (SEDE PRINCIPAL)', 1, 1, '2020-03-31 15:05:49', '2020-03-31 15:05:49'),
(2, 'PABLO VI (SEDE PRINCIPAL)', 2, 2, '2020-03-31 15:05:50', '2020-03-31 15:05:50'),
(3, 'SANTA CLARA DE ASIS (SEDE PRINCIPAL)', 3, 3, '2020-03-31 15:05:51', '2020-03-31 15:05:51'),
(4, 'SAN JOSE (SEDE PRINCIPAL)', 1, 4, '2020-03-31 15:05:52', '2020-03-31 15:05:52'),
(5, 'TIMBA', 4, 5, '2020-03-31 15:05:53', '2020-03-31 15:05:53'),
(6, 'SIMON BOLIVAR (SEDE PRINCIPAL)', 5, 6, '2020-03-31 15:05:54', '2020-03-31 15:05:54'),
(7, 'LA ARROBLEDA (SEDE PRINCIPAL)', 6, 7, '2020-03-31 15:05:55', '2020-03-31 15:05:55'),
(8, 'FRAY LUIS AMIGO (SEDE PRINCIPAL)', 1, 8, '2020-03-31 15:05:56', '2020-03-31 15:05:56'),
(9, 'CAPITÁN BERMÚDEZ (SEDE PRINCIPAL)', 7, 9, '2020-03-31 15:05:56', '2020-03-31 15:05:56'),
(10, 'JOSE HILARIO LOPEZ', 8, 10, '2020-03-31 15:05:57', '2020-03-31 15:05:57'),
(11, 'ERM ALA KUSREI YA MISAK PISCITAU', 9, 11, '2020-03-31 15:05:59', '2020-03-31 15:05:59'),
(12, 'MANUEL DE VALVERDE (SEDE PRINCIPAL)', 1, 12, '2020-03-31 15:06:00', '2020-03-31 15:06:00'),
(13, 'NUESTRA SEÑORA DEL ROSARIO (SEDE PRINCIPAL)', 10, 13, '2020-03-31 15:06:05', '2020-03-31 15:06:05'),
(14, 'HUISITO (SEDE PRINCIPAL)', 11, 14, '2020-03-31 15:06:06', '2020-03-31 15:06:06'),
(15, 'LAS COSECHAS', 8, 15, '2020-03-31 15:06:06', '2020-03-31 15:06:06'),
(16, 'ANA JOSEFA MORALES DUQUE (SEDE PRINCIPAL)', 6, 16, '2020-03-31 15:06:07', '2020-03-31 15:06:07'),
(17, 'SAN PEDRO Y SAN PABLO (SEDE PRINCIPAL)', 1, 17, '2020-03-31 15:06:08', '2020-03-31 15:06:08'),
(18, 'CAÑA DULCE (SEDE PRINCIPAL)', 12, 18, '2020-03-31 15:06:09', '2020-03-31 15:06:09'),
(19, 'LICEO LIMBANIA VELASCO (SEDE PRINCIPAL)', 6, 19, '2020-03-31 15:06:09', '2020-03-31 15:06:09'),
(20, 'AGUA CLARA', 11, 20, '2020-03-31 15:06:10', '2020-03-31 15:06:10'),
(21, 'ALMIRANTE PADILLA (SEDE PRINCIPAL)', 8, 10, '2020-03-31 15:06:11', '2020-03-31 15:06:11'),
(22, 'PIAMONTE (SEDE PRINCIPAL)', 13, 21, '2020-03-31 15:06:11', '2020-03-31 15:06:11'),
(23, 'EL ROSARIO', 1, 22, '2020-03-31 15:06:12', '2020-03-31 15:06:12'),
(24, 'LA CAPONERA', 14, 23, '2020-03-31 15:06:13', '2020-03-31 15:06:13'),
(25, 'NUCLEO TECNICO (SEDE PRINCIPAL)', 15, 24, '2020-03-31 15:06:14', '2020-03-31 15:06:14'),
(26, 'SAGRADO CORAZON (SEDE PRINCIPAL)', 16, 25, '2020-03-31 15:06:16', '2020-03-31 15:06:16'),
(27, 'BETANIA', 2, 26, '2020-03-31 15:06:17', '2020-03-31 15:06:17'),
(28, 'FRANCISCO JOSE DE CALDAS (SEDE PRINCIPAL)', 6, 27, '2020-03-31 15:06:18', '2020-03-31 15:06:18'),
(29, 'DINDE (SEDE PRINCIPAL)', 17, 28, '2020-03-31 15:06:19', '2020-03-31 15:06:19'),
(30, 'MADRE CARIDAD BRADER (SEDE PRINCIPAL)', 18, 29, '2020-03-31 15:06:20', '2020-03-31 15:06:20'),
(31, 'CE EL DAMIAN - SEDE PRINCIPAL', 19, 30, '2020-03-31 15:06:21', '2020-03-31 15:06:21'),
(32, 'RIO NEGRO (SEDE PRINCIPAL)', 8, 15, '2020-03-31 15:06:22', '2020-03-31 15:06:22'),
(33, 'ERM EL PEÑÓN', 9, 31, '2020-03-31 15:06:23', '2020-03-31 15:06:23'),
(34, 'MINGO', 14, 23, '2020-03-31 15:06:24', '2020-03-31 15:06:24'),
(35, 'SIMON BOLIVAR (SEDE PRINCIPAL)', 7, 32, '2020-03-31 15:06:25', '2020-03-31 15:06:25'),
(36, 'LA PAZ', 20, 33, '2020-03-31 15:06:28', '2020-03-31 15:06:28'),
(37, 'POLICARPA FERNANDEZ (SEDE PRINCIPAL)', 6, 34, '2020-03-31 15:06:29', '2020-03-31 15:06:29'),
(38, 'MARIA INMACULADA', 5, 6, '2020-03-31 15:06:29', '2020-03-31 15:06:29'),
(39, 'MANZANARES', 11, 35, '2020-03-31 15:06:30', '2020-03-31 15:06:30'),
(40, 'JUAN IGNACIO (SEDE PRINCIPAL)', 5, 36, '2020-03-31 15:06:30', '2020-03-31 15:06:30'),
(41, 'JORGE ELIECER GAITAN (SEDE PRINCIPAL)', 14, 37, '2020-03-31 15:06:31', '2020-03-31 15:06:31'),
(42, 'JUSTINIANO OCORO (SEDE PRINCIPAL)', 3, 38, '2020-03-31 15:06:32', '2020-03-31 15:06:32'),
(43, 'CENTRO DOCENTE MIXTO EL CAIMITO', 21, 39, '2020-03-31 15:06:33', '2020-03-31 15:06:33'),
(44, 'RIO VIEJO', 2, 40, '2020-03-31 15:06:33', '2020-03-31 15:06:33'),
(45, 'LA ARROBLEDA', 6, 7, '2020-03-31 15:06:34', '2020-03-31 15:06:34'),
(46, 'LEVANTE EN MARCHA (SEDE PRINCIPAL)', 1, 41, '2020-03-31 15:06:35', '2020-03-31 15:06:35'),
(47, 'SAN FRANCISCO ADENTRO', 2, 42, '2020-03-31 15:06:37', '2020-03-31 15:06:37'),
(48, 'CONCEPCION', 2, 43, '2020-03-31 15:06:39', '2020-03-31 15:06:39'),
(49, 'EL BARRANCO', 2, 44, '2020-03-31 15:06:39', '2020-03-31 15:06:39'),
(50, 'INSTITUTO TECNICO DE SANTANDER DE QUILICHAO (SEDE PRINCIPAL)', 6, 45, '2020-03-31 15:06:40', '2020-03-31 15:06:40'),
(51, 'VEREDAS UNIDAS BARRAGAN (SEDE PRINCIPAL)', 14, 23, '2020-03-31 15:06:41', '2020-03-31 15:06:41'),
(52, 'COTEJE (SEDE PRINCIPAL)', 3, 46, '2020-03-31 15:06:41', '2020-03-31 15:06:41'),
(53, 'SAN FERNANDO DE MELCHOR (SEDE PRINCIPAL)', 22, 47, '2020-03-31 15:06:42', '2020-03-31 15:06:42'),
(54, 'IE LA CAMPANA - SEDE PRINCIPAL', 23, 48, '2020-03-31 15:06:43', '2020-03-31 15:06:43'),
(55, 'SAN JOSE DE GUARE (SEDE PRINCIPAL)', 1, 49, '2020-03-31 15:06:44', '2020-03-31 15:06:44'),
(56, 'PESCADOR', 21, 50, '2020-03-31 15:06:46', '2020-03-31 15:06:46'),
(57, 'INSTITUCION EDUCTIVA AGUA CLARA GOLONDRO (SEDE PRINCIPAL)', 2, 42, '2020-03-31 15:06:47', '2020-03-31 15:06:47'),
(58, 'DOS QUEBRADAS (SEDE PRINCIPAL)', 2, 43, '2020-03-31 15:06:47', '2020-03-31 15:06:47'),
(59, 'PUERTO SAIJA (SEDE PRINCIPAL)', 3, 51, '2020-03-31 15:06:48', '2020-03-31 15:06:48'),
(60, 'PUERTO LUZ', 3, 3, '2020-03-31 15:06:49', '2020-03-31 15:06:49'),
(61, 'SENON FABIO VILLEGAS (SEDE PRINCIPAL)', 5, 52, '2020-03-31 15:06:49', '2020-03-31 15:06:49'),
(62, 'JOSE NORBEY GRAJALES RAMIRES', 24, 53, '2020-03-31 15:06:55', '2020-03-31 15:06:55'),
(63, 'SANTA ANA', 2, 54, '2020-03-31 15:06:56', '2020-03-31 15:06:56'),
(64, 'FIDELINA ECHEVERRY (SEDE PRINCIPAL)', 16, 55, '2020-03-31 15:06:57', '2020-03-31 15:06:57'),
(65, 'SAGRADA FAMILIA (SEDE PRINCIPAL)', 2, 26, '2020-03-31 15:06:58', '2020-03-31 15:06:58'),
(66, 'HOLANDA (SEDE PRINCIPAL)', 8, 56, '2020-03-31 15:06:58', '2020-03-31 15:06:58'),
(67, 'NUCLEO ESCOLAR CALOTO (SEDE PRINCIPAL)', 25, 57, '2020-03-31 15:06:59', '2020-03-31 15:06:59'),
(68, 'MIGUEL ZAPATA (SEDE PRINCIPAL)', 20, 58, '2020-03-31 15:07:01', '2020-03-31 15:07:01'),
(69, 'LA PLANADA (SEDE PRINCIPAL)', 26, 59, '2020-03-31 15:07:01', '2020-03-31 15:07:01'),
(70, 'SAN JOSE (SEDE PRINCIPAL)', 3, 4, '2020-03-31 15:07:02', '2020-03-31 15:07:02'),
(71, 'BOCA GRANDE (SEDE PRINCIPAL)', 2, 60, '2020-03-31 15:07:03', '2020-03-31 15:07:03'),
(72, 'QUINTERO (SEDE PRINCIPAL)', 25, 61, '2020-03-31 15:07:04', '2020-03-31 15:07:04'),
(73, 'CHUARE NAPI (SEDE PRINCIPAL)', 1, 62, '2020-03-31 15:07:05', '2020-03-31 15:07:05'),
(74, 'ALTOS DE PARIS', 16, 63, '2020-03-31 15:07:07', '2020-03-31 15:07:07'),
(75, 'LAS CRUCES', 2, 26, '2020-03-31 15:07:07', '2020-03-31 15:07:07'),
(76, 'COLEGIO TECNICO AGRICOLA  SA´T KIWE - SEDE PRINCIPAL', 27, 64, '2020-03-31 15:07:11', '2020-03-31 15:07:11'),
(77, 'OASIS (SEDE PRINCIPAL)', 12, 65, '2020-03-31 15:07:12', '2020-03-31 15:07:12'),
(78, 'SANTA ANA (SEDE PRINCIPAL)', 24, 66, '2020-03-31 15:07:13', '2020-03-31 15:07:13'),
(79, 'IE AGROEMPRESARIAL SAN MIGUEL DE AVIRAMA - SEDE PRINCIPAL', 27, 67, '2020-03-31 15:07:13', '2020-03-31 15:07:13'),
(80, 'IE BILINGUE DXI PADEN - SEDE PRINCIPAL', 25, 68, '2020-03-31 15:07:14', '2020-03-31 15:07:14'),
(81, 'VASCO NUÑEZ DE BALBOA (SEDE PRINCIPAL)', 26, 69, '2020-03-31 15:07:14', '2020-03-31 15:07:14'),
(82, 'CAUCA (SEDE PRINCIPAL)', 6, 70, '2020-03-31 15:07:15', '2020-03-31 15:07:15'),
(83, 'DOMINGO BELISARIO GOMEZ (SEDE PRINCIPAL)', 22, 71, '2020-03-31 15:07:17', '2020-03-31 15:07:17'),
(84, 'SAN BERNARDO (SEDE PRINCIPAL)', 3, 72, '2020-03-31 15:07:19', '2020-03-31 15:07:19'),
(85, 'SUAREZ (SEDE PRINCIPAL)', 28, 73, '2020-03-31 15:07:20', '2020-03-31 15:07:20'),
(86, 'RIO CLARO', 11, 35, '2020-03-31 15:07:22', '2020-03-31 15:07:22'),
(87, 'SANTA INES DE ASIS', 2, 2, '2020-03-31 15:07:24', '2020-03-31 15:07:24'),
(88, 'LAS PAVAS', 2, 43, '2020-03-31 15:07:27', '2020-03-31 15:07:27'),
(89, 'IEA MAXIMINO GARABATO ANTES (IE INDÍGENA MAXIMINO GARABATO) - SEDE PRINCIPAL', 2, 74, '2020-03-31 15:07:28', '2020-03-31 15:07:28'),
(90, 'PATIA (SEDE PRINCIPAL)', 7, 75, '2020-03-31 15:07:29', '2020-03-31 15:07:29'),
(91, 'SAN ANTONIO DE PADUA (SEDE PRINCIPAL)', 29, 76, '2020-03-31 15:07:29', '2020-03-31 15:07:29'),
(92, 'ESCUELA RURAL MIXTA ELIAS TROCHEZ - SEDE PRINCIPAL', 29, 77, '2020-03-31 15:07:31', '2020-03-31 15:07:31'),
(93, 'EL PORVENIR', 30, 78, '2020-03-31 15:07:32', '2020-03-31 15:07:32'),
(94, 'ASNAZU (SEDE PRINCIPAL)', 28, 79, '2020-03-31 15:07:33', '2020-03-31 15:07:33'),
(95, 'EL ESTRECHO (SEDE PRINCIPAL)', 7, 80, '2020-03-31 15:07:34', '2020-03-31 15:07:34'),
(96, 'SANTA CRUZ DEL SIGUI (SEDE PRINCIPAL)', 2, 81, '2020-03-31 15:07:35', '2020-03-31 15:07:35'),
(97, 'PUERTO TEJADA', 16, 25, '2020-03-31 15:07:36', '2020-03-31 15:07:36'),
(98, 'CARLOS ALBAN (SEDE PRINCIPAL)', 29, 82, '2020-03-31 15:07:37', '2020-03-31 15:07:37'),
(99, 'IE ETNOEDUCATIVO DE TOEZ - SEDE PRINCIPAL', 25, 83, '2020-03-31 15:07:38', '2020-03-31 15:07:38'),
(100, 'SAN ANTONIO DE GUAJUI (SEDE PRINCIPAL)', 1, 84, '2020-03-31 15:07:39', '2020-03-31 15:07:39'),
(101, 'COMERCIAL EL ORTIGAL (SEDE PRINCIPAL)', 24, 85, '2020-03-31 15:07:40', '2020-03-31 15:07:40'),
(102, 'GUILLERMO LEON VALENCIA (SEDE PRINCIPAL)', 21, 50, '2020-03-31 15:07:41', '2020-03-31 15:07:41'),
(103, 'VENECIA', 1, 4, '2020-03-31 15:07:42', '2020-03-31 15:07:42'),
(104, 'PISITAO CHICO (SEDE PRINCIPAL)', 12, 86, '2020-03-31 15:07:43', '2020-03-31 15:07:43'),
(105, 'ANA SILENA ARROYAVE (SEDE PRINCIPAL)', 16, 87, '2020-03-31 15:07:45', '2020-03-31 15:07:45'),
(106, 'MARISCAL SUCRE (SEDE PRINCIPAL)', 31, 88, '2020-03-31 15:07:46', '2020-03-31 15:07:46'),
(107, 'SANTA ANA (SEDE PRINCIPAL)', 1, 89, '2020-03-31 15:07:48', '2020-03-31 15:07:48'),
(108, 'EL PALMAR (SEDE PRINCIPAL)', 6, 90, '2020-03-31 15:07:49', '2020-03-31 15:07:49'),
(109, 'GUALALA SIGUI', 2, 81, '2020-03-31 15:07:49', '2020-03-31 15:07:49'),
(110, 'CURACAS (SEDE PRINCIPAL)', 10, 91, '2020-03-31 15:07:50', '2020-03-31 15:07:50'),
(111, 'LEOPOLDO PIZARRO GONZALEZ (SEDE PRINCIPAL)', 24, 92, '2020-03-31 15:07:51', '2020-03-31 15:07:51'),
(112, 'SAN ISIDRO INFI', 3, 93, '2020-03-31 15:07:52', '2020-03-31 15:07:52'),
(113, 'TIMBA (SEDE PRINCIPAL)', 4, 5, '2020-03-31 15:07:52', '2020-03-31 15:07:52'),
(114, 'PUERTO RICO (SEDE PRINCIPAL)', 20, 94, '2020-03-31 15:07:53', '2020-03-31 15:07:53'),
(115, 'ARGELIA (SEDE PRINCIPAL)', 20, 95, '2020-03-31 15:07:54', '2020-03-31 15:07:54'),
(116, 'CONCENTRACIÓN ESCOLAR MISAK', 9, 11, '2020-03-31 15:07:56', '2020-03-31 15:07:56'),
(117, 'PALO BLANCO (SEDE PRINCIPAL)', 4, 96, '2020-03-31 15:07:56', '2020-03-31 15:07:56'),
(118, 'SEMINARIO INDIGENA PAEZ', 27, 97, '2020-03-31 15:07:57', '2020-03-31 15:07:57'),
(119, 'HONDURAS', 4, 98, '2020-03-31 15:07:57', '2020-03-31 15:07:57'),
(120, 'NORMAL SUPERIOR NACIONAL LA INMACULADA (SEDE PRINCIPAL)', 1, 99, '2020-03-31 15:07:58', '2020-03-31 15:07:58'),
(121, 'FRANCISCO ANTONIO RADA (SEDE PRINCIPAL)', 9, 100, '2020-03-31 15:07:59', '2020-03-31 15:07:59'),
(122, 'CENTRO DOCENTE RURAL MIXTO PALETON', 32, 101, '2020-03-31 15:08:00', '2020-03-31 15:08:00'),
(123, 'FRANCISCO JOSE DE CALDAS (SEDE PRINCIPAL)', 33, 102, '2020-03-31 15:08:06', '2020-03-31 15:08:06'),
(124, 'PARRAGA (SEDE PRINCIPAL)', 18, 103, '2020-03-31 15:08:09', '2020-03-31 15:08:09'),
(125, 'SAN PEDRO', 6, 104, '2020-03-31 15:08:11', '2020-03-31 15:08:11'),
(126, 'SAGRADA FAMILIA (SEDE PRINCIPAL)', 25, 26, '2020-03-31 15:08:12', '2020-03-31 15:08:12'),
(127, 'ESCUELA RURAL MIXTA LA VILLA', 27, 105, '2020-03-31 15:08:13', '2020-03-31 15:08:13'),
(128, 'COLEGIO DEPARTAMENTAL NUESTRA SENORA DE LOS REMEDIOS', 22, 106, '2020-03-31 15:08:13', '2020-03-31 15:08:13'),
(129, 'EL CARMEN', 1, 4, '2020-03-31 15:08:15', '2020-03-31 15:08:15'),
(130, 'INSTITUTO AGROPECUARIO MANUEL JOSE MOSQUERA VIDAL', 34, 107, '2020-03-31 15:08:15', '2020-03-31 15:08:15'),
(131, 'LA TROJA', 3, 108, '2020-03-31 15:08:16', '2020-03-31 15:08:16'),
(132, 'EL SOCORRO (SEDE PRINCIPAL)', 9, 109, '2020-03-31 15:08:17', '2020-03-31 15:08:17'),
(133, 'JOSE MARIA OBANDO (SEDE PRINCIPAL)', 15, 110, '2020-03-31 15:08:19', '2020-03-31 15:08:19'),
(134, 'PROMOCION SOCIAL DE GUANACAS (SEDE PRINCIPAL)', 35, 111, '2020-03-31 15:08:20', '2020-03-31 15:08:20'),
(135, 'ADOLFO LEON QUINTANA', 15, 110, '2020-03-31 15:08:22', '2020-03-31 15:08:22'),
(136, 'JOSE HILARIO LOPEZ (SEDE PRINCIPAL)', 16, 112, '2020-03-31 15:08:22', '2020-03-31 15:08:22'),
(137, 'ESCIPION JARAMILLO (SEDE PRINCIPAL)', 25, 113, '2020-03-31 15:08:24', '2020-03-31 15:08:24'),
(138, 'EL PUEBLITO', 1, 4, '2020-03-31 15:08:25', '2020-03-31 15:08:25'),
(139, 'OBANDO (SEDE PRINCIPAL)', 14, 114, '2020-03-31 15:08:26', '2020-03-31 15:08:26'),
(140, 'EL CARMELO (SEDE PRINCIPAL)', 1, 115, '2020-03-31 15:08:26', '2020-03-31 15:08:26'),
(141, 'CARMEN DE QUINTANA (SEDE PRINCIPAL)', 17, 116, '2020-03-31 15:08:28', '2020-03-31 15:08:28'),
(142, 'ESCUELA RURAL MIXTA LA MILAGROSA', 35, 117, '2020-03-31 15:08:30', '2020-03-31 15:08:30'),
(143, 'MARGARITA LEGARDA (SEDE PRINCIPAL)', 30, 118, '2020-03-31 15:08:31', '2020-03-31 15:08:31'),
(144, 'FERNANDEZ GUERRA (SEDE PRINCIPAL)', 6, 104, '2020-03-31 15:08:33', '2020-03-31 15:08:33'),
(145, 'OLAYA (SEDE PRINCIPAL)', 26, 119, '2020-03-31 15:08:34', '2020-03-31 15:08:34'),
(146, 'SANTA ROSA DE LIMA ARBELA (SEDE PRINCIPAL)', 36, 120, '2020-03-31 15:08:35', '2020-03-31 15:08:35'),
(147, 'NOANAMITO (SEDE PRINCIPAL)', 2, 54, '2020-03-31 15:08:36', '2020-03-31 15:08:36'),
(148, 'LA MILAGROSA (SEDE PRINCIPAL)', 16, 63, '2020-03-31 15:08:49', '2020-03-31 15:08:49'),
(149, 'ANTONIA SANTOS', 33, 27, '2020-03-31 15:08:51', '2020-03-31 15:08:51'),
(150, 'GUILLERMO VALENCIA (SEDE PRINCIPAL)', 29, 121, '2020-03-31 15:08:53', '2020-03-31 15:08:53'),
(151, 'PROMOCION SOCIAL (SEDE PRINCIPAL)', 29, 122, '2020-03-31 15:08:54', '2020-03-31 15:08:54'),
(152, 'PETE ADENTRO', 3, 123, '2020-03-31 15:08:55', '2020-03-31 15:08:55'),
(153, 'BOCA DE PATIA (SEDE PRINCIPAL)', 3, 124, '2020-03-31 15:08:56', '2020-03-31 15:08:56'),
(154, 'COLEGIO SANTA MARIA DE CAQUIONA', 37, 125, '2020-03-31 15:08:57', '2020-03-31 15:08:57'),
(155, 'ESCUELA RURAL MIXTA LA BODEGA', 9, 126, '2020-03-31 15:08:58', '2020-03-31 15:08:58'),
(156, 'CENTRO DOCENTE RURAL MIXTO MIRAFLORES', 23, 127, '2020-03-31 15:08:59', '2020-03-31 15:08:59'),
(157, 'NORMAL NACIONAL SANTA CLARA - SEDE PRINCIPAL', 37, 128, '2020-03-31 15:09:00', '2020-03-31 15:09:00'),
(158, 'EL TABLON (SEDE PRINCIPAL)', 37, 129, '2020-03-31 15:09:00', '2020-03-31 15:09:00'),
(159, 'SAN LUIS (SEDE PRINCIPAL)', 37, 130, '2020-03-31 15:09:01', '2020-03-31 15:09:01'),
(160, 'LA HERRADURA (SEDE PRINCIPAL)', 37, 131, '2020-03-31 15:09:02', '2020-03-31 15:09:02'),
(161, 'EL DIVISO- SEDE PRINCIPAL (SEDE PRINCIPAL)', 20, 132, '2020-03-31 15:09:06', '2020-03-31 15:09:06'),
(162, 'SINAI (SEDE PRINCIPAL)', 20, 133, '2020-03-31 15:09:07', '2020-03-31 15:09:07'),
(163, 'EL OSO', 33, 134, '2020-03-31 15:09:09', '2020-03-31 15:09:09'),
(164, 'INSTITUCIÓN EDUCATIVA LA  DEPRESION (SEDE PRINCIPAL)', 33, 135, '2020-03-31 15:09:11', '2020-03-31 15:09:11'),
(165, 'SANTA CATALINA LABUORE (SEDE PRINCIPAL)', 22, 136, '2020-03-31 15:09:11', '2020-03-31 15:09:11'),
(166, 'JOSE DOLORES DAZA (SEDE PRINCIPAL)', 22, 137, '2020-03-31 15:09:12', '2020-03-31 15:09:12'),
(167, 'ANDINO (SEDE PRINCIPAL)', 22, 138, '2020-03-31 15:09:13', '2020-03-31 15:09:13'),
(168, 'VALENTIN CARABALI (SEDE PRINCIPAL)', 4, 139, '2020-03-31 15:09:16', '2020-03-31 15:09:16'),
(169, 'ERM EL CERAL - SEDE PRINCIPAL', 4, 140, '2020-03-31 15:09:16', '2020-03-31 15:09:16'),
(170, 'BRISAS DE MARILOPEZ (SEDE PRINCIPAL)', 4, 141, '2020-03-31 15:09:20', '2020-03-31 15:09:20'),
(171, 'NUEVA VISION DE HONDURAS (SEDE PRINCIPAL)', 4, 98, '2020-03-31 15:09:21', '2020-03-31 15:09:21'),
(172, 'LA MESETA (SEDE PRINCIPAL)', 17, 142, '2020-03-31 15:09:24', '2020-03-31 15:09:24'),
(173, 'COLEGIO AGROPECUARIO YANACONAS', 36, 143, '2020-03-31 15:09:25', '2020-03-31 15:09:25'),
(174, 'ALTO MOJIBIO (SEDE PRINCIPAL)', 17, 144, '2020-03-31 15:09:26', '2020-03-31 15:09:26'),
(175, 'LAS DELICIAS', 17, 145, '2020-03-31 15:09:26', '2020-03-31 15:09:26'),
(176, 'CASAS BAJAS (SEDE PRINCIPAL)', 17, 146, '2020-03-31 15:09:27', '2020-03-31 15:09:27'),
(177, 'NUESTRA SEÑORA DEL CARMEN (SEDE PRINCIPAL)', 17, 147, '2020-03-31 15:09:28', '2020-03-31 15:09:28'),
(178, 'PATHYU LUUCX', 9, 31, '2020-03-31 15:09:28', '2020-03-31 15:09:28'),
(179, 'ESC EL PITAL', 17, 145, '2020-03-31 15:09:29', '2020-03-31 15:09:29'),
(180, 'ESCUELA RURAL DE TIERRA DENTRO', 9, 148, '2020-03-31 15:09:30', '2020-03-31 15:09:30'),
(181, 'NUESTRA SEÑORA DE LAS MERCEDES (SEDE PRINCIPAL)', 17, 149, '2020-03-31 15:09:31', '2020-03-31 15:09:31'),
(182, 'INSTITUTO EDUCATIVO TÉCNICO AGRÍCOLA KWESX DXIJ PLAN DE ZÚÑIGA', 21, 39, '2020-03-31 15:09:31', '2020-03-31 15:09:31'),
(183, 'CENTRO DE FORMACION INTEGRAL COMUNITARIA KWE SX UMA KIWE - CEFIC', 21, 39, '2020-03-31 15:09:32', '2020-03-31 15:09:32'),
(184, 'EL ROSARIO (SEDE PRINCIPAL)', 21, 150, '2020-03-31 15:09:33', '2020-03-31 15:09:33'),
(185, 'CENTRO DOCENTE RURAL MIXTO SAN JOSE DE LOS MONOS', 21, 39, '2020-03-31 15:09:35', '2020-03-31 15:09:35'),
(186, 'ESCUELA RURAL MIXTA DE FILIPINAS', 21, 39, '2020-03-31 15:09:35', '2020-03-31 15:09:35'),
(187, 'MONTERILLA (SEDE PRINCIPAL)', 21, 151, '2020-03-31 15:09:36', '2020-03-31 15:09:36'),
(188, 'CERRO ALTO (SEDE PRINCIPAL)', 21, 152, '2020-03-31 15:09:37', '2020-03-31 15:09:37'),
(189, 'LA CABAÑA (SEDE PRINCIPAL)', 14, 153, '2020-03-31 15:09:39', '2020-03-31 15:09:39'),
(190, 'INSTITUTO AGRICOLA CARMENCITA CARDONA DE GUTIERREZ', 15, 154, '2020-03-31 15:09:43', '2020-03-31 15:09:43'),
(191, 'ESCUELA RURAL MIXTA CHICHARRONAL', 15, 154, '2020-03-31 15:09:44', '2020-03-31 15:09:44'),
(192, 'SAN CARLOS (SEDE PRINCIPAL)', 11, 155, '2020-03-31 15:09:45', '2020-03-31 15:09:45'),
(193, 'LIBORIO MEJIA (SEDE PRINCIPAL)', 11, 156, '2020-03-31 15:09:45', '2020-03-31 15:09:45'),
(194, 'SEVILLA (SEDE PRINCIPAL)', 11, 157, '2020-03-31 15:09:46', '2020-03-31 15:09:46'),
(195, 'PUEBLO NUEVO CIPRÉS (SEDE PRINCIPAL)', 11, 158, '2020-03-31 15:09:48', '2020-03-31 15:09:48'),
(196, 'CUATRO ESQUINAS (SEDE PRINCIPAL)', 11, 159, '2020-03-31 15:09:48', '2020-03-31 15:09:48'),
(197, 'FRANCISCO DE PAULA SANTANDER (SEDE PRINCIPAL)', 11, 160, '2020-03-31 15:09:49', '2020-03-31 15:09:49'),
(198, 'EL PLACER (SEDE PRINCIPAL)', 11, 161, '2020-03-31 15:09:49', '2020-03-31 15:09:49'),
(199, 'QUILCACE (SEDE PRINCIPAL)', 11, 162, '2020-03-31 15:09:50', '2020-03-31 15:09:50'),
(200, 'PLAYA RICA (SEDE PRINCIPAL)', 11, 163, '2020-03-31 15:09:51', '2020-03-31 15:09:51'),
(201, 'PIAGUA (SEDE PRINCIPAL)', 11, 164, '2020-03-31 15:09:52', '2020-03-31 15:09:52'),
(202, 'EL MORAL', 11, 165, '2020-03-31 15:09:53', '2020-03-31 15:09:53'),
(203, 'JOSE TORIBIO PAZ MONCAYO (SEDE PRINCIPAL)', 38, 166, '2020-03-31 15:09:55', '2020-03-31 15:09:55'),
(204, 'SAN PEDRO', 1, 12, '2020-03-31 15:09:57', '2020-03-31 15:09:57'),
(205, 'EL ROBLE', 1, 89, '2020-03-31 15:09:59', '2020-03-31 15:09:59'),
(206, 'CASCAJERO', 1, 89, '2020-03-31 15:10:06', '2020-03-31 15:10:06'),
(207, 'PUERTO CALI', 1, 4, '2020-03-31 15:10:09', '2020-03-31 15:10:09'),
(208, 'INSTITUCION EDUCATIVA EL NARANJO (SEDE PRINCIPAL)', 1, 22, '2020-03-31 15:10:12', '2020-03-31 15:10:12'),
(209, 'ANGOSTURA', 3, 124, '2020-03-31 15:10:13', '2020-03-31 15:10:13'),
(210, 'SOLEDAD', 1, 1, '2020-03-31 15:10:15', '2020-03-31 15:10:15'),
(211, 'SANSON', 1, 41, '2020-03-31 15:10:28', '2020-03-31 15:10:28'),
(212, 'PENITENTE', 1, 41, '2020-03-31 15:10:38', '2020-03-31 15:10:38'),
(213, 'EL CARMEN NUEVO (BUENAVISTA)', 1, 41, '2020-03-31 15:10:39', '2020-03-31 15:10:39'),
(214, 'EL GUAYACAN', 1, 8, '2020-03-31 15:10:45', '2020-03-31 15:10:45'),
(215, 'LA DORADA', 11, 35, '2020-03-31 15:10:52', '2020-03-31 15:10:52'),
(216, 'EL CARMEN', 1, 41, '2020-03-31 15:10:56', '2020-03-31 15:10:56'),
(217, 'CUERVAL', 3, 167, '2020-03-31 15:10:58', '2020-03-31 15:10:58'),
(218, 'INSTITUCION EDUCATIVA MICROEMPRESARIAL AGROPECUARIO SAN ANDRES (SEDE PRINCIPAL)', 35, 168, '2020-03-31 15:11:00', '2020-03-31 15:11:00'),
(219, 'YU¿ KWET ZUUN', 35, 169, '2020-03-31 15:11:01', '2020-03-31 15:11:01'),
(220, 'LUIS NELSON CUELLAR (SEDE PRINCIPAL)', 35, 170, '2020-03-31 15:11:03', '2020-03-31 15:11:03'),
(221, 'ERM EL LAGO - SEDE PRINCIPAL', 35, 171, '2020-03-31 15:11:04', '2020-03-31 15:11:04'),
(222, 'ERM NASA USS YAK CXHACXHAFXI´ ZENXI', 35, 172, '2020-03-31 15:11:05', '2020-03-31 15:11:05'),
(223, 'NUESTRA SENORA DE LA CANDELARIA (SEDE PRINCIPAL)', 35, 173, '2020-03-31 15:11:05', '2020-03-31 15:11:05'),
(224, 'ESCUELA NORMAL SUPERIOR ENRIQUE VALLEJO DE TIERRADENTRO (SEDE PRINCIPAL)', 27, 174, '2020-03-31 15:11:09', '2020-03-31 15:11:09'),
(225, 'INZA (SEDE PRINCIPAL)', 35, 175, '2020-03-31 15:11:10', '2020-03-31 15:11:10'),
(226, 'INSTITUTO TECNICO AGROPECUARIO  JIISA YAT', 35, 176, '2020-03-31 15:11:12', '2020-03-31 15:11:12'),
(227, 'ESCUELA RURAL MIXTA TUMBICHUCUE', 35, 177, '2020-03-31 15:11:13', '2020-03-31 15:11:13'),
(228, 'IE AGROPECUARIA KPI SX ZUN CALDERAS - CALDERAS - SEDE PRINCIPAL', 35, 178, '2020-03-31 15:11:16', '2020-03-31 15:11:16'),
(229, 'EZEQUIEL HURTADO (SEDE PRINCIPAL)', 23, 179, '2020-03-31 15:11:17', '2020-03-31 15:11:17'),
(230, 'INSTITUTO TÉCNICO AGROPECUARIO NASA WESX KIWE DE GRANADILLO', 21, 39, '2020-03-31 15:11:18', '2020-03-31 15:11:18'),
(231, 'IE TECNICA EDUARDO SANTOS - SEDE PRINCIPAL', 19, 180, '2020-03-31 15:11:18', '2020-03-31 15:11:18'),
(232, 'CENT DE FORM INTEGRAL MARDEN ARNULFO BETANCUR ( ANT SIGLO21)', 32, 181, '2020-03-31 15:11:20', '2020-03-31 15:11:20'),
(233, 'ESCUELA RURAL MIXTA LA ESPERANZA', 32, 182, '2020-03-31 15:11:21', '2020-03-31 15:11:21'),
(234, 'CENTRO DOCENTE RURAL MIXTA NATALA - SEDE PRINCIPAL', 19, 183, '2020-03-31 15:11:22', '2020-03-31 15:11:22'),
(235, 'KWE´SE PIYA YAT (NUESTROS SITIOS DE APRENDIZAJE) - SEDE PRINCIPAL', 32, 184, '2020-03-31 15:11:25', '2020-03-31 15:11:25'),
(236, 'CENTRO DOCENTE RURAL MIXTO CHIMICUETO', 32, 185, '2020-03-31 15:11:26', '2020-03-31 15:11:26'),
(237, 'PALO GRANDE BAJO (SEDE PRINCIPAL)', 33, 186, '2020-03-31 15:11:28', '2020-03-31 15:11:28'),
(238, 'ESCUELA RURAL MIXTA LOS ROBLES', 33, 187, '2020-03-31 15:11:29', '2020-03-31 15:11:29'),
(239, 'INSTITUCION EDUCATIVA SANTA RITA (SEDE PRINCIPAL)', 36, 188, '2020-03-31 15:11:30', '2020-03-31 15:11:30'),
(240, 'NORMAL SUPERIOR LOS ANDES (SEDE PRINCIPAL)', 36, 189, '2020-03-31 15:11:31', '2020-03-31 15:11:31'),
(241, 'ESCUELA RURAL MIXTA SANTA BARBARA', 36, 190, '2020-03-31 15:11:32', '2020-03-31 15:11:32'),
(242, 'LANA CHUARE', 2, 191, '2020-03-31 15:11:33', '2020-03-31 15:11:33'),
(243, 'CACAHUAL (SEDE PRINCIPAL)', 2, 192, '2020-03-31 15:11:34', '2020-03-31 15:11:34'),
(244, 'LA CAPILLA', 2, 60, '2020-03-31 15:11:35', '2020-03-31 15:11:35'),
(245, 'PLAYA GRANDE CHUARE', 2, 191, '2020-03-31 15:11:36', '2020-03-31 15:11:36'),
(246, 'VALENTIN', 2, 192, '2020-03-31 15:11:37', '2020-03-31 15:11:37'),
(247, 'YULLAL JOLI', 2, 2, '2020-03-31 15:11:40', '2020-03-31 15:11:40'),
(248, 'CABECITAS SIGUI', 2, 81, '2020-03-31 15:11:47', '2020-03-31 15:11:47'),
(249, 'SAN ANTONIO DE CHUARE (SEDE PRINCIPAL)', 2, 191, '2020-03-31 15:11:49', '2020-03-31 15:11:49'),
(250, 'SAN FERNANDO', 2, 26, '2020-03-31 15:11:54', '2020-03-31 15:11:54'),
(251, 'SAN PEDRO', 2, 26, '2020-03-31 15:11:55', '2020-03-31 15:11:55'),
(252, 'ZARAGOZA (SEDE PRINCIPAL)', 2, 44, '2020-03-31 15:11:56', '2020-03-31 15:11:56'),
(253, 'LA ROTURA (SEDE PRINCIPAL)', 2, 40, '2020-03-31 15:12:12', '2020-03-31 15:12:12'),
(254, 'YUCAL-JOLI', 2, 2, '2020-03-31 15:12:19', '2020-03-31 15:12:19'),
(255, 'SAN ANTONIO DE GURUMENDI', 2, 2, '2020-03-31 15:12:21', '2020-03-31 15:12:21'),
(256, 'JUAN XXIII (SEDE PRINCIPAL)', 10, 193, '2020-03-31 15:12:23', '2020-03-31 15:12:23'),
(257, 'MOJARRAS (SEDE PRINCIPAL)', 10, 194, '2020-03-31 15:12:25', '2020-03-31 15:12:25'),
(258, 'INSTITUCION EDUCATIVA SAN JUANITO (SEDE PRINCIPAL)', 10, 195, '2020-03-31 15:12:27', '2020-03-31 15:12:27'),
(259, 'INSTITUCION EDUCATIVA CAJAMARCA (SEDE PRINCIPAL)', 10, 196, '2020-03-31 15:12:28', '2020-03-31 15:12:28'),
(260, 'ISRAEL MARÍA NARVÁEZ (SEDE PRINCIPAL)', 10, 197, '2020-03-31 15:12:33', '2020-03-31 15:12:33'),
(261, 'ALTO DE LAS CANADAS', 10, 198, '2020-03-31 15:12:33', '2020-03-31 15:12:33'),
(262, 'ROSARIO MIRANDA (SEDE PRINCIPAL)', 24, 199, '2020-03-31 15:12:36', '2020-03-31 15:12:36'),
(263, 'CENTRO DOCENTE RURAL MIXTO JEBALA', 34, 200, '2020-03-31 15:12:37', '2020-03-31 15:12:37'),
(264, 'CENTRO INTEGRAL DE FORMACIÓN E INVESTIGACIÓN WAMPIANO - SEDE PRINCIPAL', 9, 201, '2020-03-31 15:12:37', '2020-03-31 15:12:37'),
(265, 'ESCUELA RURAL MIXTA DE COHETANDO', 27, 202, '2020-03-31 15:12:59', '2020-03-31 15:12:59'),
(266, 'ESCUELA RURAL MIXTA SAN LUIS', 27, 203, '2020-03-31 15:13:00', '2020-03-31 15:13:00'),
(267, 'ESCUELA RURAL MIXTA EL CANELO', 27, 204, '2020-03-31 15:13:01', '2020-03-31 15:13:01'),
(268, 'ESCUELA RURAL MIXTA DE  MOSOCO', 27, 205, '2020-03-31 15:13:02', '2020-03-31 15:13:02'),
(269, 'INSTITUTO TECNICO ETNO ECOLOGICO VITONCO', 27, 206, '2020-03-31 15:13:03', '2020-03-31 15:13:03'),
(270, 'IEDPTAL INDG MISAK MISAK ALA KUSREINUK MINGA EDUCATIVA INTERCULTURAL KURAK CHAK', 9, 11, '2020-03-31 15:13:05', '2020-03-31 15:13:05'),
(271, 'INSTITUTO TÉCNICO EMPRESARIAL MONTE CRUZ - SEDE PRINCIPAL', 27, 207, '2020-03-31 15:13:06', '2020-03-31 15:13:06'),
(272, 'ESCUELA RURAL MIXTA LA MURALLA', 27, 208, '2020-03-31 15:13:08', '2020-03-31 15:13:08'),
(273, 'ESCUELA  RURAL MIXTA LA CEJA', 27, 209, '2020-03-31 15:13:09', '2020-03-31 15:13:09'),
(274, 'ESCUELA LA PALMA', 27, 210, '2020-03-31 15:13:09', '2020-03-31 15:13:09'),
(275, 'ESCUELA RURAL MIXTA LA MESA DE CALOTO', 27, 211, '2020-03-31 15:13:12', '2020-03-31 15:13:12'),
(276, 'ESCUELA RURAL MIXTA JARATEEPATA TE WARRAARADE', 2, 212, '2020-03-31 15:13:15', '2020-03-31 15:13:15'),
(277, 'CAMILO TORRES (SEDE PRINCIPAL)', 7, 213, '2020-03-31 15:13:17', '2020-03-31 15:13:17'),
(278, 'SAN JOSE DEL MORRO (SEDE PRINCIPAL)', 22, 214, '2020-03-31 15:13:18', '2020-03-31 15:13:18'),
(279, 'JUAN BAUTISTA BOLAÑOS (SEDE PRINCIPAL)', 7, 215, '2020-03-31 15:13:19', '2020-03-31 15:13:19'),
(280, 'PIENDAMO (SEDE PRINCIPAL)', 12, 216, '2020-03-31 15:13:20', '2020-03-31 15:13:20'),
(281, 'SIMON BOLIVAR (SEDE PRINCIPAL)', 12, 32, '2020-03-31 15:13:22', '2020-03-31 15:13:22'),
(282, '20 DE JULIO', 20, 217, '2020-03-31 15:13:23', '2020-03-31 15:13:23'),
(283, 'COLEGIO AGROINDUSTRIAL  INTEGRADO LA MARIA', 12, 218, '2020-03-31 15:13:26', '2020-03-31 15:13:26'),
(284, 'SAN PEDRO CLAVER (SEDE PRINCIPAL)', 16, 219, '2020-03-31 15:13:27', '2020-03-31 15:13:27'),
(285, 'LA FLORIDA', 18, 220, '2020-03-31 15:13:42', '2020-03-31 15:13:42'),
(286, 'NUESTRA SEÑORA DEL ROSARIO (SEDE PRINCIPAL)', 39, 221, '2020-03-31 15:13:43', '2020-03-31 15:13:43'),
(287, 'IET VENECIA - SEDE PRINCIPAL', 39, 222, '2020-03-31 15:13:44', '2020-03-31 15:13:44'),
(288, 'SAN ANTONIO (SEDE PRINCIPAL)', 6, 223, '2020-03-31 15:13:47', '2020-03-31 15:13:47'),
(289, 'INSTITUTO TECNICO AGROINDUSTRIAL SANTA LUCIA', 6, 224, '2020-03-31 15:13:50', '2020-03-31 15:13:50'),
(290, 'INSTITUTO TECNICO AGROPECUARIO JUAN TAMA', 6, 225, '2020-03-31 15:13:51', '2020-03-31 15:13:51'),
(291, 'CENTRO DOCENTE RURAL MIXTO QUICHAYA', 23, 226, '2020-03-31 15:13:54', '2020-03-31 15:13:54'),
(292, 'PERICO NEGRO #2', 16, 55, '2020-03-31 15:13:55', '2020-03-31 15:13:55'),
(293, 'LA PALOMERA (SEDE PRINCIPAL)', 6, 227, '2020-03-31 15:13:56', '2020-03-31 15:13:56'),
(294, 'JOSE MARIA CORDOBA (SEDE PRINCIPAL)', 6, 228, '2020-03-31 15:13:56', '2020-03-31 15:13:56'),
(295, 'LA NIÑA MARIA - CRUCERO DE GUALI (SEDE PRINCIPAL)', 25, 229, '2020-03-31 15:14:00', '2020-03-31 15:14:00'),
(296, 'JOSÉ ACEVEDO Y GÓMEZ (SEDE PRINCIPAL)', 40, 230, '2020-03-31 15:14:01', '2020-03-31 15:14:01'),
(297, 'SAN JUAN', 40, 231, '2020-03-31 15:14:02', '2020-03-31 15:14:02'),
(298, 'IEA FRAY ISIDORO DE MONTCLAR - SEDE PRINCIPAL', 40, 232, '2020-03-31 15:14:03', '2020-03-31 15:14:03'),
(299, 'FRANCISCO JOSE DE CALDAS (SEDE PRINCIPAL)', 23, 233, '2020-03-31 15:14:04', '2020-03-31 15:14:04'),
(300, 'NUESTRA SENORA DEL PERPETUO SOCORRO (SEDE PRINCIPAL)', 23, 234, '2020-03-31 15:14:05', '2020-03-31 15:14:05'),
(301, 'ESCUELA RURAL MIXTA EL TRANAL', 23, 235, '2020-03-31 15:14:06', '2020-03-31 15:14:06'),
(302, 'IE CENTRO INTEGRADO DE SERVICIOS CIS (FUS BUENAVISTA) - SEDE PRINCIPAL', 23, 236, '2020-03-31 15:14:08', '2020-03-31 15:14:08'),
(303, 'CENTRO DOCENTE DE FORMACIÓN INTERCULTURAL COMUNITARIO KWET KI´NA LAS MERCEDES', 21, 39, '2020-03-31 15:14:10', '2020-03-31 15:14:10'),
(304, 'INSTITUCION EDUCATIVA MISAK MAMA MANUELA - SEDE PRINCIPAL', 23, 237, '2020-03-31 15:14:11', '2020-03-31 15:14:11'),
(305, 'ESCUELA RURAL MISAK LA LAGUNA II ETAPA', 9, 11, '2020-03-31 15:14:12', '2020-03-31 15:14:12'),
(306, 'CENTRO DOCENTE RURAL MIXTO PUEBLO NUEVO', 21, 39, '2020-03-31 15:14:14', '2020-03-31 15:14:14'),
(307, 'IET AGROAMBIENTAL SEK BUVX FXIW LA GAITANA - SEDE PRINCIPAL', 23, 238, '2020-03-31 15:14:15', '2020-03-31 15:14:15'),
(308, 'SOTARA (SEDE PRINCIPAL)', 41, 239, '2020-03-31 15:14:17', '2020-03-31 15:14:17'),
(309, 'LOS ROBLES (SEDE PRINCIPAL)', 41, 240, '2020-03-31 15:14:20', '2020-03-31 15:14:20'),
(310, 'PIEDRA DE LEON (SEDE PRINCIPAL)', 41, 241, '2020-03-31 15:14:21', '2020-03-31 15:14:21'),
(311, 'IE AGROPECUARIA LOS COMUNEROS - SEDE PRINCIPAL', 41, 242, '2020-03-31 15:14:22', '2020-03-31 15:14:22'),
(312, 'LA BETULIA (SEDE PRINCIPAL)', 28, 243, '2020-03-31 15:14:25', '2020-03-31 15:14:25'),
(313, 'SANTA MARIA (SEDE PRINCIPAL)', 29, 244, '2020-03-31 15:14:27', '2020-03-31 15:14:27'),
(314, 'EL BOQUERON (SEDE PRINCIPAL)', 29, 245, '2020-03-31 15:14:28', '2020-03-31 15:14:28'),
(315, 'CINCO DIAS (SEDE PRINCIPAL)', 29, 246, '2020-03-31 15:14:29', '2020-03-31 15:14:29'),
(316, 'LA CABANA (SEDE PRINCIPAL)', 29, 247, '2020-03-31 15:14:30', '2020-03-31 15:14:30'),
(317, 'SANTA ROSA (SEDE PRINCIPAL)', 3, 248, '2020-03-31 15:14:34', '2020-03-31 15:14:34'),
(318, 'REALITO', 3, 46, '2020-03-31 15:14:37', '2020-03-31 15:14:37'),
(319, 'COLEGIO VOCACIONAL AGRICOLA GUANGUI', 3, 249, '2020-03-31 15:14:41', '2020-03-31 15:14:41'),
(320, 'SANTA MARIA (SEDE PRINCIPAL)', 3, 250, '2020-03-31 15:14:43', '2020-03-31 15:14:43'),
(321, 'CENTRO DOCENTE EL NAZAREÑO', 3, 249, '2020-03-31 15:14:44', '2020-03-31 15:14:44'),
(322, 'CAMARONES', 3, 108, '2020-03-31 15:14:50', '2020-03-31 15:14:50'),
(323, 'FRANCISCO JOSE DE CALDAS (SEDE PRINCIPAL)', 34, 27, '2020-03-31 15:14:58', '2020-03-31 15:14:58'),
(324, 'EFRAIN OROZCO (SEDE PRINCIPAL)', 17, 251, '2020-03-31 15:15:00', '2020-03-31 15:15:00'),
(325, 'IE POLINDARA - SEDE PRINCIPAL', 34, 252, '2020-03-31 15:15:00', '2020-03-31 15:15:00'),
(326, 'CENTRO DOCENTE RURAL MIXTO NOVIRAO', 34, 253, '2020-03-31 15:15:01', '2020-03-31 15:15:01'),
(327, 'ESCUELA RURAL MIXTA PALACE', 34, 254, '2020-03-31 15:15:05', '2020-03-31 15:15:05'),
(328, 'LA PRIMAVERA (SEDE PRINCIPAL)', 5, 255, '2020-03-31 15:15:07', '2020-03-31 15:15:07'),
(329, 'LLACUANAS (SEDE PRINCIPAL)', 37, 256, '2020-03-31 15:15:13', '2020-03-31 15:15:13'),
(330, 'EL PALO (SEDE PRINCIPAL)', 25, 257, '2020-03-31 15:15:13', '2020-03-31 15:15:13'),
(331, 'ESCUELA RURAL MIXTA EL ROBLAR', 6, 258, '2020-03-31 15:15:16', '2020-03-31 15:15:16'),
(332, 'NUEVO MEXICO', 16, 259, '2020-03-31 15:15:18', '2020-03-31 15:15:18'),
(333, 'LAS BRISAS (SEDE PRINCIPAL)', 16, 260, '2020-03-31 15:15:19', '2020-03-31 15:15:19'),
(334, 'EL BUJIO', 2, 40, '2020-03-31 15:15:20', '2020-03-31 15:15:20'),
(335, 'GUACARI', 2, 60, '2020-03-31 15:15:21', '2020-03-31 15:15:21'),
(336, 'ALTO CHUARE NAICIONA', 2, 191, '2020-03-31 15:15:23', '2020-03-31 15:15:23'),
(337, 'ESCUELA RURAL MIXTA CHINAS', 27, 206, '2020-03-31 15:15:26', '2020-03-31 15:15:26'),
(338, 'DIVINO NINO DE YAPURA (SEDE PRINCIPAL)', 13, 261, '2020-03-31 15:15:28', '2020-03-31 15:15:28'),
(339, 'EL ORTIGAL # 1', 24, 85, '2020-03-31 15:15:29', '2020-03-31 15:15:29'),
(340, 'LA HERRADURA', 3, 51, '2020-03-31 15:15:30', '2020-03-31 15:15:30'),
(341, 'BUENOS AIRES', 22, 262, '2020-03-31 15:15:30', '2020-03-31 15:15:30'),
(342, 'JOSE MARIA OBANDO (SEDE PRINCIPAL)', 11, 263, '2020-03-31 15:15:31', '2020-03-31 15:15:31'),
(343, 'IE AGROPECUARIA ALTO DEL REY - SEDE PRINCIPAL', 11, 264, '2020-03-31 15:15:32', '2020-03-31 15:15:32'),
(344, 'HERMES MARTINEZ (SEDE PRINCIPAL)', 9, 265, '2020-03-31 15:15:32', '2020-03-31 15:15:32'),
(345, 'EL TREBOL (SEDE PRINCIPAL)', 7, 266, '2020-03-31 15:15:34', '2020-03-31 15:15:34'),
(346, 'EL CRUCERO (SEDE PRINCIPAL)', 41, 267, '2020-03-31 15:15:37', '2020-03-31 15:15:37'),
(347, 'JUAN XXIII', 12, 65, '2020-03-31 15:15:38', '2020-03-31 15:15:38'),
(348, 'MAXIMO GOMEZ (SEDE PRINCIPAL)', 9, 268, '2020-03-31 15:15:39', '2020-03-31 15:15:39'),
(349, 'VILLALOBOS (SEDE PRINCIPAL', 40, 231, '2020-03-31 15:15:40', '2020-03-31 15:15:40'),
(350, 'LA PAZ', 2, 2, '2020-03-31 15:15:40', '2020-03-31 15:15:40'),
(351, 'ZANJON RICO (SEDE PRINCIPAL)', 16, 259, '2020-03-31 15:15:42', '2020-03-31 15:15:42'),
(352, 'PIZARES', 3, 124, '2020-03-31 15:15:48', '2020-03-31 15:15:48'),
(353, 'SANTA MARTA (SEDE PRINCIPAL)', 40, 269, '2020-03-31 15:15:51', '2020-03-31 15:15:51'),
(354, 'IE DE PROMOCION VOCACIONAL DE ALTAMIRA - SEDE PRINCIPAL', 28, 270, '2020-03-31 15:15:57', '2020-03-31 15:15:57'),
(355, 'DON ALONSO (SEDE PRINCIPAL)', 7, 271, '2020-03-31 15:16:00', '2020-03-31 15:16:00'),
(356, 'MADRE DE DIOS (SEDE PRINCIPAL)', 12, 272, '2020-03-31 15:16:02', '2020-03-31 15:16:02'),
(357, 'LA LORENA', 12, 273, '2020-03-31 15:16:03', '2020-03-31 15:16:03'),
(358, 'CENTRO DE FORMACIÓN INTEGRAL COMUNITARIO HOGARES CALDONO - CEFIC', 21, 39, '2020-03-31 15:16:04', '2020-03-31 15:16:04'),
(359, 'IEA ETNOEDUCATIVA EL CREDO ANTES (CERM EL CREDO)', 25, 274, '2020-03-31 15:16:19', '2020-03-31 15:16:19'),
(360, 'ZARZAL', 7, 271, '2020-03-31 15:16:20', '2020-03-31 15:16:20'),
(361, 'SANTIAGO (SEDE PRINCIPAL)', 39, 275, '2020-03-31 15:16:23', '2020-03-31 15:16:23'),
(362, 'ESCUELA RURAL MIXTA LA  CALLE DE SANTA ROSA', 3, 276, '2020-03-31 15:16:28', '2020-03-31 15:16:28'),
(363, 'ESCUELA BILINGUE KINISIA PIA UNION MALAGA', 3, 276, '2020-03-31 15:16:29', '2020-03-31 15:16:29'),
(364, 'ESCUELA RURAL MIXTA SAN ISIDRO BUBUEY', 3, 276, '2020-03-31 15:16:29', '2020-03-31 15:16:29'),
(365, 'CENTRO EDUCATIVO AGROFORESTAL SAN JUAN DE QUINTANA', 34, 277, '2020-03-31 15:16:39', '2020-03-31 15:16:39'),
(366, 'LA PAZ (SEDE PRINCIPAL)', 11, 278, '2020-03-31 15:16:40', '2020-03-31 15:16:40'),
(367, 'SANTA TERESITA DEL NIÑO JESUS (SEDE PRINCIPAL)', 35, 279, '2020-03-31 15:16:41', '2020-03-31 15:16:41'),
(368, 'ESCUELA EL MESON', 9, 280, '2020-03-31 15:16:46', '2020-03-31 15:16:46'),
(369, 'EL PEDREGAL', 25, 281, '2020-03-31 15:16:47', '2020-03-31 15:16:47'),
(370, 'LA UNION - LLANITO (SEDE PRINCIPAL)', 4, 282, '2020-03-31 15:16:48', '2020-03-31 15:16:48'),
(371, 'CABECITAL (SEDE PRINCIPAL)', 3, 93, '2020-03-31 15:16:49', '2020-03-31 15:16:49'),
(372, 'LAS BRISAS (SEDE PRINCIPAL)', 7, 283, '2020-03-31 15:16:50', '2020-03-31 15:16:50'),
(373, 'VARONES', 21, 284, '2020-03-31 15:16:51', '2020-03-31 15:16:51'),
(374, 'OSCAR PINO ESPINAL', 25, 113, '2020-03-31 15:16:52', '2020-03-31 15:16:52'),
(375, 'MARCO FIDEL SUAREZ (SEDE PRINCIPAL)', 22, 285, '2020-03-31 15:16:59', '2020-03-31 15:16:59'),
(376, 'MARCO FIDEL NARVAEZ (SEDE PRINCIPAL)', 20, 286, '2020-03-31 15:17:01', '2020-03-31 15:17:01'),
(377, 'LA CUMBRE', 20, 287, '2020-03-31 15:17:03', '2020-03-31 15:17:03'),
(378, 'LA EMBOSCADA', 20, 33, '2020-03-31 15:17:06', '2020-03-31 15:17:06'),
(379, 'CACHIMBO', 26, 288, '2020-03-31 15:17:08', '2020-03-31 15:17:08'),
(380, 'LA BERMEJA (SEDE PRINCIPAL)', 26, 289, '2020-03-31 15:17:08', '2020-03-31 15:17:08'),
(381, 'INSTITUCION EDUCATIVA PURETO (SEDE PRINCIPAL)', 26, 290, '2020-03-31 15:17:12', '2020-03-31 15:17:12'),
(382, 'LA CARBONERA (SEDE PRINCIPAL)', 22, 291, '2020-03-31 15:17:17', '2020-03-31 15:17:17'),
(383, 'EL RODEO (SEDE PRINCIPAL)', 22, 292, '2020-03-31 15:17:18', '2020-03-31 15:17:18'),
(384, 'NUESTRA SENORA DEL CARMEN (SEDE PRINCIPAL)', 22, 293, '2020-03-31 15:17:20', '2020-03-31 15:17:20'),
(385, 'EL TUNEL (SEDE PRINCIPAL)', 17, 294, '2020-03-31 15:17:27', '2020-03-31 15:17:27'),
(386, 'LA VIUDA (SEDE PRINCIPAL)', 17, 295, '2020-03-31 15:17:27', '2020-03-31 15:17:27'),
(387, 'LA CAPILLA (SEDE PRINCIPAL)', 17, 296, '2020-03-31 15:17:29', '2020-03-31 15:17:29'),
(388, 'NUESTRA SEÑORA DEL ROSARIO (SEDE PRINCIPAL)', 17, 297, '2020-03-31 15:17:31', '2020-03-31 15:17:31'),
(389, 'SUSANA TROCHEZ DE VIVAS (SEDE PRINCIPAL)', 21, 284, '2020-03-31 15:17:32', '2020-03-31 15:17:32'),
(390, 'CENTRO DOCENTE URBANO MIXTO MADRE LAURA', 21, 39, '2020-03-31 15:17:33', '2020-03-31 15:17:33'),
(391, 'INSTITUTO AGRICOLA ALVARO ULCUE CHOCUE', 21, 39, '2020-03-31 15:17:35', '2020-03-31 15:17:35'),
(392, 'CENTRO DOCENTE RURAL MIXTO SEK KIWE', 21, 39, '2020-03-31 15:17:39', '2020-03-31 15:17:39'),
(393, 'LA FONDA (SEDE PRINCIPAL)', 7, 298, '2020-03-31 15:17:40', '2020-03-31 15:17:40'),
(394, 'HUASANO  (SEDE PRINCIPAL)', 25, 281, '2020-03-31 15:17:40', '2020-03-31 15:17:40'),
(395, 'EL PLACER', 25, 281, '2020-03-31 15:17:41', '2020-03-31 15:17:41'),
(396, 'CENTRO DOCENTE RURAL MIXTO EL GUABITO', 25, 68, '2020-03-31 15:17:43', '2020-03-31 15:17:43'),
(397, 'CENTRO DOCENTE RURAL MIXTO LA BETULIA', 19, 180, '2020-03-31 15:17:46', '2020-03-31 15:17:46'),
(398, 'INSTITUCION EDUCATIVA SAN JACINTO (SEDE PRINCIPAL)', 14, 299, '2020-03-31 15:17:47', '2020-03-31 15:17:47'),
(399, 'INSTITUTO COMERCIAL DEL CAUCA INCODELCA (SEDE PRINCIPAL)', 15, 300, '2020-03-31 15:17:51', '2020-03-31 15:17:51'),
(400, 'COLEGIO RURAL AGROPECUARIO CARRIZALES (ERM CARRIZALES)', 15, 301, '2020-03-31 15:17:52', '2020-03-31 15:17:52'),
(401, 'LISBOA DAJUANDO', 11, 302, '2020-03-31 15:17:55', '2020-03-31 15:17:55'),
(402, 'COLEGIO TÉCNICO AGROINDUSTRIAL ÁNGEL MARÍA LIZ', 35, 176, '2020-03-31 15:18:47', '2020-03-31 15:18:47'),
(403, 'SAGRADA FAMILIA DE NAZARETH (SEDE PRINCIPAL)', 35, 303, '2020-03-31 15:18:50', '2020-03-31 15:18:50'),
(404, 'SAN JOSÉ (SEDE PRINCIPAL)', 35, 304, '2020-03-31 15:18:55', '2020-03-31 15:18:55'),
(405, 'CENTRO DOCENTE ZUMBICO', 32, 305, '2020-03-31 15:19:00', '2020-03-31 15:19:00'),
(406, 'FRANCISCO JOSE DE CALDAS (SEDE PRINCIPAL)', 33, 27, '2020-03-31 15:19:02', '2020-03-31 15:19:02'),
(407, 'NUEVA GENERACION (SEDE PRINCIPAL)', 33, 306, '2020-03-31 15:19:04', '2020-03-31 15:19:04'),
(408, 'COL NTA SEÑORA DE LA CANDELARIA (ANTES ESC RUR MIX PANCITARA)', 36, 307, '2020-03-31 15:19:12', '2020-03-31 15:19:12'),
(409, 'SANTA JUANA DE ARCO (SEDE PRINCIPAL)', 36, 308, '2020-03-31 15:19:13', '2020-03-31 15:19:13'),
(410, 'SAN FRANCISCO JAVIER (SEDE PRINCIPAL)', 36, 309, '2020-03-31 15:19:18', '2020-03-31 15:19:18'),
(411, 'LOS UVOS (SEDE PRINCIPAL)', 36, 310, '2020-03-31 15:19:20', '2020-03-31 15:19:20'),
(412, 'CENTRO DOCENTE BARBILLAS', 36, 311, '2020-03-31 15:19:21', '2020-03-31 15:19:21'),
(413, 'CABECITAS DE MICAY', 2, 191, '2020-03-31 15:19:28', '2020-03-31 15:19:28'),
(414, 'MARUCHA', 2, 43, '2020-03-31 15:19:36', '2020-03-31 15:19:36'),
(415, 'GUAYABAL', 2, 54, '2020-03-31 15:19:39', '2020-03-31 15:19:39'),
(416, 'LAS PALMAS', 2, 26, '2020-03-31 15:19:45', '2020-03-31 15:19:45'),
(417, 'EL TRUENO', 2, 26, '2020-03-31 15:19:47', '2020-03-31 15:19:47'),
(418, 'ESCUELA INDIGENA RURAL PLAYA BENDITA', 2, 74, '2020-03-31 15:19:57', '2020-03-31 15:19:57'),
(419, 'ESCUELA INDIGENA GUADUALITO', 2, 74, '2020-03-31 15:20:07', '2020-03-31 15:20:07'),
(420, 'PLAYA MENUDA JOLI', 2, 2, '2020-03-31 15:20:11', '2020-03-31 15:20:11'),
(421, 'URBANA MARISCAL SUCRE (SEDE PRINCIPAL)', 24, 53, '2020-03-31 15:20:17', '2020-03-31 15:20:17'),
(422, 'ESCUELA RURAL MIXTA AGUA NEGRA', 9, 312, '2020-03-31 15:20:25', '2020-03-31 15:20:25'),
(423, 'EL MANGO (SEDE PRINCIPAL)', 9, 313, '2020-03-31 15:20:28', '2020-03-31 15:20:28'),
(424, 'CENTRO DOCENTE CHIMBORAZO', 9, 314, '2020-03-31 15:20:30', '2020-03-31 15:20:30'),
(425, 'EL TAMBORAL', 8, 315, '2020-03-31 15:21:12', '2020-03-31 15:21:12'),
(426, 'ESCUELA EL CUARTEL', 27, 316, '2020-03-31 15:21:31', '2020-03-31 15:21:31'),
(427, 'FELIX MARIA ORTIZ (SEDE PRINCIPAL)', 27, 317, '2020-03-31 15:21:34', '2020-03-31 15:21:34'),
(428, 'LA MESA (SEDE PRINCIPAL)', 7, 318, '2020-03-31 15:21:42', '2020-03-31 15:21:42'),
(429, 'DOS RÍOS (SEDE PRINCIPAL)', 7, 319, '2020-03-31 15:21:51', '2020-03-31 15:21:51'),
(430, 'MIRAFLOR (SEDE PRINCIPAL)', 13, 320, '2020-03-31 15:21:59', '2020-03-31 15:21:59'),
(431, 'GUENGUE', 16, 260, '2020-03-31 15:22:11', '2020-03-31 15:22:11'),
(432, 'LAS CEIBAS', 16, 55, '2020-03-31 15:22:18', '2020-03-31 15:22:18'),
(433, 'CORRENTON', 2, 2, '2020-03-31 15:22:20', '2020-03-31 15:22:20'),
(434, 'IE MANUEL MARIA MOSQUERA - SEDE PRINCIPAL', 30, 321, '2020-03-31 15:22:22', '2020-03-31 15:22:22'),
(435, 'IE COLONIA ESCOLAR DE COCONUCO - SEDE PRINCIPAL', 30, 322, '2020-03-31 15:22:23', '2020-03-31 15:22:23'),
(436, 'LA PLAYA (SEDE PRINCIPAL)', 30, 78, '2020-03-31 15:22:25', '2020-03-31 15:22:25'),
(437, 'IEA GUILLEMO LEON VALENCIA - SEDE PRINCIPAL', 30, 323, '2020-03-31 15:22:26', '2020-03-31 15:22:26'),
(438, 'SANTA TERESITA (SEDE PRINCIPAL)', 18, 324, '2020-03-31 15:22:28', '2020-03-31 15:22:28'),
(439, 'EL SAUCE (SEDE PRINCIPAL)', 18, 325, '2020-03-31 15:22:30', '2020-03-31 15:22:30'),
(440, 'LOMA BAJO (SEDE PRINCIPAL)', 18, 220, '2020-03-31 15:22:31', '2020-03-31 15:22:31'),
(441, 'CENTRO DOCENTE RURAL MIXTO NASA KIWE TCK KSHAW', 6, 326, '2020-03-31 15:22:37', '2020-03-31 15:22:37'),
(442, 'INSTITUTO TECNICO AGROPECUARIO COMUNITARIO EL AGUILA', 6, 326, '2020-03-31 15:22:41', '2020-03-31 15:22:41'),
(443, 'ESCUELA RURAL MIXTA LA CONCEPCION', 6, 327, '2020-03-31 15:22:44', '2020-03-31 15:22:44'),
(444, 'DOMINGUILLO (SEDE PRINCIPAL)', 6, 328, '2020-03-31 15:22:49', '2020-03-31 15:22:49'),
(445, 'ESCUELA NUEVA GENERACION NASA KIWE', 6, 329, '2020-03-31 15:22:56', '2020-03-31 15:22:56'),
(446, 'ESCUELA RURAL MIXTA ALTO PARAISO', 6, 329, '2020-03-31 15:22:57', '2020-03-31 15:22:57'),
(447, 'CENTRO DOCENTE RURAL MIXTO LAS DANTAS', 23, 226, '2020-03-31 15:23:00', '2020-03-31 15:23:00'),
(448, 'CENTRO DOCENTE RURAL MIXTO GOLONDRINAS', 23, 226, '2020-03-31 15:23:01', '2020-03-31 15:23:01'),
(449, 'IE RENACER PÁEZ - SEDE PRICIPAL', 23, 330, '2020-03-31 15:23:02', '2020-03-31 15:23:02'),
(450, 'CENTRO DOCENTE RURAL MIXTO PENEBIO', 23, 331, '2020-03-31 15:23:03', '2020-03-31 15:23:03'),
(451, 'CENT EDUC DE ARTES Y OFICIOS NAMUY MISAK ANTES CENT DOC RUR MIXT EL SALADO', 23, 331, '2020-03-31 15:23:04', '2020-03-31 15:23:04'),
(452, 'ESCUELA RURAL MIXTA CAIMITO', 9, 11, '2020-03-31 15:23:09', '2020-03-31 15:23:09'),
(453, 'COLEGIO AGROINDUSTRIAL MISAK SAN PEDRO', 9, 11, '2020-03-31 15:23:10', '2020-03-31 15:23:10'),
(454, 'LA PAZ (SEDE PRINCIPAL)', 41, 278, '2020-03-31 15:23:11', '2020-03-31 15:23:11'),
(455, 'SAN JOSE DEL TRAPICHE', 2, 54, '2020-03-31 15:23:12', '2020-03-31 15:23:12'),
(456, 'MARI LOPEZ BELLAVISTA (SEDE PRINCIPAL)', 28, 332, '2020-03-31 15:23:14', '2020-03-31 15:23:14'),
(457, 'CENTRO DOCENTE AGUA CLARA - SEDE PRINCIPAL', 28, 333, '2020-03-31 15:23:15', '2020-03-31 15:23:15'),
(458, 'SANTA ROSA DE LIMA (SEDE PRINCIPAL)', 28, 120, '2020-03-31 15:23:17', '2020-03-31 15:23:17'),
(459, 'SILOE', 29, 247, '2020-03-31 15:23:19', '2020-03-31 15:23:19'),
(460, 'BELLAVISTA', 3, 38, '2020-03-31 15:23:29', '2020-03-31 15:23:29'),
(461, 'FRANCIA', 3, 38, '2020-03-31 15:23:56', '2020-03-31 15:23:56'),
(462, 'BOCA DE YANTIN', 3, 248, '2020-03-31 15:24:01', '2020-03-31 15:24:01'),
(463, 'CALLE DE JESUS', 3, 248, '2020-03-31 15:24:04', '2020-03-31 15:24:04'),
(464, 'ESCUELA RURAL MIXTA LA SIERPE', 3, 276, '2020-03-31 15:24:15', '2020-03-31 15:24:15'),
(465, 'ESCUELA RURAL MIXTA SAN FRANCISCO DE GUANGUI', 3, 249, '2020-03-31 15:24:15', '2020-03-31 15:24:15'),
(466, 'ESCUELA INDIGENA EL PARAMO', 3, 249, '2020-03-31 15:24:27', '2020-03-31 15:24:27'),
(467, 'ESCUELA RURAL MIXTA PENATIGRE', 3, 249, '2020-03-31 15:24:37', '2020-03-31 15:24:37'),
(468, 'EL HIGUERON', 11, 165, '2020-03-31 15:24:51', '2020-03-31 15:24:51'),
(469, 'LOS BRAZOS', 3, 51, '2020-03-31 15:24:52', '2020-03-31 15:24:52'),
(470, 'INSTITUCION EDUCATIVA EL SESTEADERO - SEDE PRINCIPAL', 19, 334, '2020-03-31 15:24:57', '2020-03-31 15:24:57'),
(471, 'CENTRO DE FORMACION AGROAMBIENTAL - KIWE ÇEHK FXI´ZE WA´ -EL PORVENIR CALDONO- CEFAKIÇ', 21, 39, '2020-03-31 15:24:58', '2020-03-31 15:24:58'),
(472, 'CENTRO DE FORMACION INTEGRAL IKH TUKH KIWE LA ESTRELLA', 21, 39, '2020-03-31 15:25:01', '2020-03-31 15:25:01'),
(473, 'SEGUENGUE (SEDE PRINCIPAL)', 11, 335, '2020-03-31 15:25:07', '2020-03-31 15:25:07'),
(474, 'BETANIA REMOLINO', 11, 20, '2020-03-31 15:25:09', '2020-03-31 15:25:09'),
(475, 'NAYITA (SEDE PRINCIPAL)', 11, 20, '2020-03-31 15:25:10', '2020-03-31 15:25:10'),
(476, 'LOS ANDES (SEDE PRINCIPAL)', 11, 35, '2020-03-31 15:25:10', '2020-03-31 15:25:10'),
(477, 'BELEN (SEDE PRINCIPAL)', 11, 336, '2020-03-31 15:25:13', '2020-03-31 15:25:13'),
(478, 'LA LAGUNA', 11, 156, '2020-03-31 15:25:13', '2020-03-31 15:25:13'),
(479, 'SANTA CLARA', 1, 337, '2020-03-31 15:25:14', '2020-03-31 15:25:14'),
(480, 'OBREGONES SAN FRANCISCO', 1, 89, '2020-03-31 15:25:22', '2020-03-31 15:25:22'),
(481, 'SAN RAFAEL', 27, 338, '2020-03-31 15:25:46', '2020-03-31 15:25:46'),
(482, 'IE TÉCNICA AGROPECUARIA DE RICAURTE - SEDE PRINCIPAL', 27, 339, '2020-03-31 15:25:46', '2020-03-31 15:25:46'),
(483, 'CE LA TOLDA - SEDE PRINCIPAL', 19, 340, '2020-03-31 15:26:00', '2020-03-31 15:26:00'),
(484, 'IEA INDIGENA QUINTIN LAME - SEDE PRINCIPAL', 19, 341, '2020-03-31 15:26:02', '2020-03-31 15:26:02'),
(485, 'CE LA PRIMICIA - SEDE PRINCIPAL', 19, 342, '2020-03-31 15:26:05', '2020-03-31 15:26:05'),
(486, 'CENTRO DOCENTE RURAL MIXTO LOMA DE PAJA', 19, 340, '2020-03-31 15:26:11', '2020-03-31 15:26:11'),
(487, 'COLEGIO BASICO PUEBLO DE TOTORO (ANTCD BETANIA)', 34, 343, '2020-03-31 15:26:13', '2020-03-31 15:26:13'),
(488, 'CENTRO LA ESTELA', 34, 344, '2020-03-31 15:26:17', '2020-03-31 15:26:17'),
(489, 'ITA KWE´SX FXI´ZENXI KIWE ANDALUCIA', 21, 39, '2020-03-31 15:26:25', '2020-03-31 15:26:25'),
(490, 'EL CARMEN (SEDE PRINCIPAL)', 12, 345, '2020-03-31 15:26:27', '2020-03-31 15:26:27'),
(491, 'URIBE (SEDE PRINCIPAL)', 11, 346, '2020-03-31 15:26:28', '2020-03-31 15:26:28'),
(492, 'LOS ANAYES (SEDE PRINCIPAL)', 11, 347, '2020-03-31 15:26:29', '2020-03-31 15:26:29'),
(493, 'ESCUELA DE FORMACIÓN INTEGRAL MISAK SIBERIA  EFIMS', 9, 11, '2020-03-31 15:26:29', '2020-03-31 15:26:29'),
(494, 'CENTRO DOCENTE BETANIA', 21, 39, '2020-03-31 15:26:31', '2020-03-31 15:26:31'),
(495, 'CENTRO DOCENTE DE FORMACION INTEGRAL DE SABERES PROPIOS - CEFINASA EL TARSO', 21, 39, '2020-03-31 15:26:33', '2020-03-31 15:26:33'),
(496, 'PLAYA SANTA BARBARA', 3, 51, '2020-03-31 15:26:37', '2020-03-31 15:26:37'),
(497, 'CENTRO DOCENTE RURAL MIXTO KITE A TE - EL JARDIN', 21, 39, '2020-03-31 15:26:41', '2020-03-31 15:26:41'),
(498, 'CENTRO DOCENTE RURAL MIXTO EL TENGO', 23, 331, '2020-03-31 15:26:42', '2020-03-31 15:26:42'),
(499, 'LA POLA # 1', 24, 92, '2020-03-31 15:26:58', '2020-03-31 15:26:58'),
(500, 'LA LOMITA (SEDE PRINCIPAL)', 26, 348, '2020-03-31 15:26:59', '2020-03-31 15:26:59'),
(501, 'MARIA AUXILIADORA (SEDE PRINCIPAL)', 4, 349, '2020-03-31 15:27:10', '2020-03-31 15:27:10'),
(502, 'CALLE SAN FRANCISCO', 1, 89, '2020-03-31 15:27:25', '2020-03-31 15:27:25'),
(503, 'HOJARASCAL', 1, 337, '2020-03-31 15:27:27', '2020-03-31 15:27:27'),
(504, 'CHIGUERO', 1, 337, '2020-03-31 15:27:27', '2020-03-31 15:27:27'),
(505, 'LA CAPILLA', 6, 328, '2020-03-31 15:27:40', '2020-03-31 15:27:40'),
(506, 'SAN JOSE DEL CHIGUERO', 2, 54, '2020-03-31 15:27:47', '2020-03-31 15:27:47'),
(507, 'LOS SOMBRERILLOS (SEDE PRINCIPAL)', 10, 350, '2020-03-31 15:28:05', '2020-03-31 15:28:05'),
(508, 'TUNIA (SEDE PRINCIPAL)', 12, 351, '2020-03-31 15:28:18', '2020-03-31 15:28:18'),
(509, 'CENTRO DOCENTE ARAUCA', 6, 258, '2020-03-31 15:28:22', '2020-03-31 15:28:22'),
(510, 'BUBUEY', 3, 38, '2020-03-31 15:28:43', '2020-03-31 15:28:43'),
(511, 'PIANDERO', 3, 46, '2020-03-31 15:28:52', '2020-03-31 15:28:52'),
(512, 'CHETE', 3, 46, '2020-03-31 15:28:54', '2020-03-31 15:28:54'),
(513, 'IE TORIBIO - SEDE PRINCIPAL', 19, 352, '2020-03-31 15:29:05', '2020-03-31 15:29:05'),
(514, 'SAN ANTONIO', 9, 134, '2020-03-31 15:29:10', '2020-03-31 15:29:10'),
(515, 'CENTRO DOCENTE RURAL MIXTO LA PLAYA - SEDE PRINCIPAL', 19, 78, '2020-03-31 15:29:25', '2020-03-31 15:29:25'),
(516, 'CENTRO DOCENTE SAN JOSE', 34, 252, '2020-03-31 15:29:32', '2020-03-31 15:29:32'),
(517, 'SANTA ROSA BAJA (SEDE PRINCIPAL)', 7, 353, '2020-03-31 15:29:39', '2020-03-31 15:29:39'),
(518, 'INSTITUCION EDUCATIVA LA ALIANZA (SEDE PRINCIPAL)', 11, 354, '2020-03-31 15:29:46', '2020-03-31 15:29:46'),
(519, 'LA VIUDA', 3, 108, '2020-03-31 15:29:50', '2020-03-31 15:29:50'),
(520, 'ENRIQUE OLAYA HERRERA', 7, 32, '2020-03-31 15:30:11', '2020-03-31 15:30:11'),
(521, 'SAN SEBASTIAN (SEDE PRINCIPAL)', 39, 355, '2020-03-31 15:30:29', '2020-03-31 15:30:29'),
(522, 'LA PAILA (SEDE PRINCIPAL)', 8, 315, '2020-03-31 15:30:30', '2020-03-31 15:30:30'),
(523, 'ARBOLEDA (SEDE PRINCIPAL)', 10, 198, '2020-03-31 15:30:53', '2020-03-31 15:30:53'),
(524, 'LAS GUACAS (SEDE PRINCIPAL)', 15, 356, '2020-03-31 15:31:30', '2020-03-31 15:31:30'),
(525, 'CHISQUIO (SEDE PRINCIPAL)', 11, 357, '2020-03-31 15:31:31', '2020-03-31 15:31:31'),
(526, 'SANTA GERTRUDIS', 1, 62, '2020-03-31 15:31:38', '2020-03-31 15:31:38'),
(527, 'ESCUELA BILING`E INDIGENA NUEVA BELLA VISTA', 3, 276, '2020-03-31 15:31:44', '2020-03-31 15:31:44'),
(528, 'EL CARMEN - NAYA', 2, 26, '2020-03-31 15:31:46', '2020-03-31 15:31:46'),
(529, 'BUENOS AIRES', 3, 3, '2020-03-31 15:32:01', '2020-03-31 15:32:01'),
(530, 'LA MAGDALENA', 3, 3, '2020-03-31 15:32:13', '2020-03-31 15:32:13'),
(531, 'RISARALDA', 11, 35, '2020-03-31 15:32:14', '2020-03-31 15:32:14'),
(532, 'TRES QUEBRADAS', 6, 34, '2020-03-31 15:32:15', '2020-03-31 15:32:15'),
(533, 'EL REMANSO (SEDE PRINCIPAL)', 13, 358, '2020-03-31 15:32:35', '2020-03-31 15:32:35'),
(534, 'LA SAMARITANA', 13, 359, '2020-03-31 15:32:38', '2020-03-31 15:32:38'),
(535, 'LA LIBERTAD', 13, 358, '2020-03-31 15:32:41', '2020-03-31 15:32:41'),
(536, 'CENTRO DOCENTE RURAL MIXTO EL CABILDO', 24, 360, '2020-03-31 15:32:51', '2020-03-31 15:32:51'),
(537, 'ESCUELA INDIGENA LA PEÑA', 3, 276, '2020-03-31 15:33:12', '2020-03-31 15:33:12'),
(538, 'ESCUELA RURAL MIXTA RIO MINA', 4, 361, '2020-03-31 15:33:15', '2020-03-31 15:33:15'),
(539, 'SAN ISIDRO (SEDE PRINCIPAL)', 6, 362, '2020-03-31 15:33:32', '2020-03-31 15:33:32'),
(540, 'LOS COMUNEROS (SEDE PRINCIPAL)', 21, 363, '2020-03-31 15:33:43', '2020-03-31 15:33:43'),
(541, 'MARINA BELTRAN DE USENDA (SEDE PRINCIPAL)', 23, 364, '2020-03-31 15:33:48', '2020-03-31 15:33:48'),
(542, 'EL CACAO', 2, 26, '2020-03-31 15:34:16', '2020-03-31 15:34:16');
INSERT INTO `headquarters` (`id`, `name`, `town_id`, `institution_id`, `created_at`, `updated_at`) VALUES
(543, 'CHAPA (SEDE PRINCIPAL)', 41, 365, '2020-03-31 15:34:19', '2020-03-31 15:34:19'),
(544, 'LA ESPERANZA (SEDE PRINCIPAL)', 4, 366, '2020-03-31 15:34:22', '2020-03-31 15:34:22'),
(545, 'CHIRIVICO', 6, 367, '2020-03-31 15:34:25', '2020-03-31 15:34:25'),
(546, 'EL ROSAL(SEDE PRINCIPAL)', 11, 368, '2020-03-31 15:34:54', '2020-03-31 15:34:54'),
(547, 'EL PARAISO (SEDE PRINCIPAL)', 31, 369, '2020-03-31 15:34:56', '2020-03-31 15:34:56'),
(548, 'ORTEGA (SEDE PRINCIPAL)', 17, 370, '2020-03-31 15:34:59', '2020-03-31 15:34:59'),
(549, 'SAN ISIDRO (SEDE PRINCIPAL)', 35, 371, '2020-03-31 15:35:12', '2020-03-31 15:35:12'),
(550, 'SAN ALFONSO (SEDE PRINCIPAL)', 26, 372, '2020-03-31 15:35:22', '2020-03-31 15:35:22'),
(551, 'CENTRO DOCENTE RURAL MIXTO LA PENA - CHERO', 23, 127, '2020-03-31 15:35:51', '2020-03-31 15:35:51'),
(552, 'BELEN', 29, 122, '2020-03-31 15:36:03', '2020-03-31 15:36:03'),
(553, 'SANTA MARTA (SEDE PRINCIPAL)', 28, 373, '2020-03-31 15:36:14', '2020-03-31 15:36:14'),
(554, 'SAN JOSE DE ALTAMIRA (SEDE PRINCIPAL)', 36, 374, '2020-03-31 15:36:20', '2020-03-31 15:36:20'),
(555, 'FRANCISCO DE PAULA SANTANDER', 28, 73, '2020-03-31 15:36:30', '2020-03-31 15:36:30'),
(556, 'MONTEREDONDO (SEDE PRINCIPAL)', 24, 375, '2020-03-31 15:36:43', '2020-03-31 15:36:43'),
(557, 'LA ESPERANZA', 16, 55, '2020-03-31 15:37:19', '2020-03-31 15:37:19'),
(558, 'SAN PEDRO', 11, 376, '2020-03-31 15:39:02', '2020-03-31 15:39:02'),
(559, 'LOS ANGELES', 11, 302, '2020-03-31 15:39:12', '2020-03-31 15:39:12'),
(560, 'EL AGRADO', 11, 336, '2020-03-31 15:39:18', '2020-03-31 15:39:18'),
(561, 'COLEGIO AGROPECUARIO CERRO CATALINA', 4, 377, '2020-03-31 15:39:47', '2020-03-31 15:39:47'),
(562, 'IE BACHILLERATO TECNICO AGRICOLA DE JAMBALO', 32, 378, '2020-03-31 15:40:10', '2020-03-31 15:40:10'),
(563, 'MAZAMORRERO (SEDE PRINCIPAL)', 4, 379, '2020-03-31 15:40:13', '2020-03-31 15:40:13'),
(564, 'SABAS BELTRAN (SEDE PRINCIPAL)', 27, 338, '2020-03-31 15:40:23', '2020-03-31 15:40:23'),
(565, 'INST ETNOEDUCATIVA TÉCNICA AGROAMBIENTAL EL CAMPO ALEGRE ANTES (CERM CAMPO ALEGRE)', 25, 380, '2020-03-31 15:40:26', '2020-03-31 15:40:26'),
(566, 'CERM LA HUELLA', 25, 381, '2020-03-31 15:40:37', '2020-03-31 15:40:37'),
(567, 'EL ROSARIO (SEDE PRINCIPAL)', 38, 199, '2020-03-31 15:40:38', '2020-03-31 15:40:38'),
(568, 'IEA PALETARA - SEDE PRINCIPAL', 30, 382, '2020-03-31 15:40:50', '2020-03-31 15:40:50'),
(569, 'EL CARMEN (SEDE PRINCIPAL)', 22, 383, '2020-03-31 15:41:56', '2020-03-31 15:41:56'),
(570, 'IE PUEBLOQUEMADO - SEDE PRINCIPAL', 41, 384, '2020-03-31 15:42:12', '2020-03-31 15:42:12'),
(571, 'PAPAYAL', 26, 348, '2020-03-31 15:42:45', '2020-03-31 15:42:45'),
(572, 'VICTOR MANUEL CHAUX VILLAMIL (SEDE PRINCIPAL)', 34, 385, '2020-03-31 15:42:51', '2020-03-31 15:42:51'),
(573, 'ESCUELA RURAL MIXTA TALAGA', 27, 97, '2020-03-31 15:42:55', '2020-03-31 15:42:55'),
(574, 'EL CONGO - SEDE PRINCIPAL', 19, 386, '2020-03-31 15:43:26', '2020-03-31 15:43:26'),
(575, 'CUPI SAIJA (SEDE PRINCIPAL)', 3, 108, '2020-03-31 15:43:52', '2020-03-31 15:43:52'),
(576, 'EL COCO', 2, 60, '2020-03-31 15:44:56', '2020-03-31 15:44:56'),
(577, 'EL LLANO', 33, 186, '2020-03-31 15:45:20', '2020-03-31 15:45:20'),
(578, 'BOCA DE GUANGUI', 3, 93, '2020-03-31 15:45:22', '2020-03-31 15:45:22'),
(579, 'BOCA DE PETE (SEDE PRINCIPAL)', 3, 123, '2020-03-31 15:45:26', '2020-03-31 15:45:26'),
(580, 'LA TOMA', 6, 90, '2020-03-31 15:45:32', '2020-03-31 15:45:32'),
(581, 'SANTA ANA', 24, 66, '2020-03-31 15:45:41', '2020-03-31 15:45:41'),
(582, 'BARAYA (SEDE PRINCIPAL)', 11, 387, '2020-03-31 15:45:42', '2020-03-31 15:45:42'),
(583, 'EL DESCANSO', 15, 356, '2020-03-31 15:46:21', '2020-03-31 15:46:21'),
(584, 'CENTRO DOCENTE RURAL MIXTO EL CIDRAL', 21, 39, '2020-03-31 15:46:37', '2020-03-31 15:46:37'),
(585, 'ALTO GRANDE', 17, 388, '2020-03-31 15:46:41', '2020-03-31 15:46:41'),
(586, 'CANTARITO', 5, 389, '2020-03-31 15:46:42', '2020-03-31 15:46:42'),
(587, 'LA MESETA (SEDE PRINCIPAL)', 28, 390, '2020-03-31 15:46:58', '2020-03-31 15:46:58'),
(588, 'NUEVA LOS CRISTALES', 20, 287, '2020-03-31 15:47:04', '2020-03-31 15:47:04'),
(589, 'LAS PIEDRAS', 29, 391, '2020-03-31 15:47:06', '2020-03-31 15:47:06'),
(590, 'CENTRO DOCENTE RURAL MIXTO LA AGUADA', 21, 39, '2020-03-31 15:47:34', '2020-03-31 15:47:34'),
(591, 'SAN ANTONIO (SEDE PRINCIPAL)', 17, 84, '2020-03-31 15:47:54', '2020-03-31 15:47:54'),
(592, 'VALENCIA (SEDE PRINCIPAL)', 39, 392, '2020-03-31 15:48:05', '2020-03-31 15:48:05'),
(593, 'LA LAGUNA DINDE (SEDE PRINCIPAL)', 17, 145, '2020-03-31 15:48:09', '2020-03-31 15:48:09'),
(594, 'EL DELEITE', 11, 14, '2020-03-31 15:48:27', '2020-03-31 15:48:27'),
(595, 'BAJO SAN FRANCISCO (SEDE PRINCIPAL)', 6, 393, '2020-03-31 15:48:48', '2020-03-31 15:48:48'),
(596, 'LA BUITRERA', 17, 28, '2020-03-31 15:48:51', '2020-03-31 15:48:51'),
(597, 'ALFONSO CORDOBA (SEDE PRINCIPAL)', 18, 394, '2020-03-31 15:49:01', '2020-03-31 15:49:01'),
(598, 'LA BELLEZA (SEDE PRINCIPAL)', 20, 395, '2020-03-31 15:49:02', '2020-03-31 15:49:02'),
(599, 'LA SABANA (SEDE PRINCIPAL)', 1, 396, '2020-03-31 15:49:10', '2020-03-31 15:49:10'),
(600, 'SANTA ELENA (SEDE PRINCIPAL)', 12, 397, '2020-03-31 15:49:19', '2020-03-31 15:49:19'),
(601, 'VARONES DE SIBERIA', 21, 363, '2020-03-31 15:49:36', '2020-03-31 15:49:36'),
(602, 'PUERTA LLAVE', 11, 162, '2020-03-31 15:50:10', '2020-03-31 15:50:10'),
(603, 'AGUA CLARA', 20, 33, '2020-03-31 15:50:19', '2020-03-31 15:50:19'),
(604, 'VILLA NUEVA', 11, 398, '2020-03-31 15:50:23', '2020-03-31 15:50:23'),
(605, 'COLEGIO AGRICOLA LA AURORA (FUSESC LA AURORA)', 6, 258, '2020-03-31 15:50:33', '2020-03-31 15:50:33'),
(606, 'NINAS DE SIBERIA', 21, 363, '2020-03-31 15:50:47', '2020-03-31 15:50:47'),
(607, 'CENTRO DOCENTE RURAL MIXTO LA PALOMERA - SEDE PRINCIPAL', 25, 399, '2020-03-31 15:51:47', '2020-03-31 15:51:47'),
(608, 'LOS UVALES (SEDE PRINCIPAL)', 12, 400, '2020-03-31 15:52:02', '2020-03-31 15:52:02'),
(609, 'ESMERALDAS (SEDE PRINCIPAL)', 10, 401, '2020-03-31 15:52:10', '2020-03-31 15:52:10'),
(610, 'ANEXA NUEVA LA PROVIDENCIA', 1, 99, '2020-03-31 15:52:23', '2020-03-31 15:52:23'),
(611, 'CORRALES (SEDE PRINCIPAL)', 12, 402, '2020-03-31 15:52:36', '2020-03-31 15:52:36'),
(612, 'BELLAVISTA', 30, 118, '2020-03-31 15:52:43', '2020-03-31 15:52:43'),
(613, 'ESCUELA RURAL MIXTA EL PLAYON', 3, 249, '2020-03-31 15:53:39', '2020-03-31 15:53:39'),
(614, 'MIROLINDO (SEDE PRINCIPAL)', 20, 403, '2020-03-31 15:53:56', '2020-03-31 15:53:56'),
(615, 'SANTA MONICA', 1, 4, '2020-03-31 15:54:52', '2020-03-31 15:54:52'),
(616, 'MINDALA (SEDE PRINCIPAL)', 28, 404, '2020-03-31 15:55:01', '2020-03-31 15:55:01'),
(617, 'SANTA TERESA DE BOLIVIA', 20, 405, '2020-03-31 15:55:10', '2020-03-31 15:55:10'),
(618, 'ESCUELA RURAL MIXTA EL ORO', 3, 249, '2020-03-31 15:55:58', '2020-03-31 15:55:58'),
(619, 'SAN JUAN DE MICAY', 11, 20, '2020-03-31 15:55:59', '2020-03-31 15:55:59'),
(620, 'LA MARQUEZA', 36, 309, '2020-03-31 15:56:01', '2020-03-31 15:56:01'),
(621, 'SAN BARTOLO', 2, 43, '2020-03-31 15:56:39', '2020-03-31 15:56:39'),
(622, 'ERM SEMILLERO DE NIÑOS PAECES (LUUCX FXIW) - SEDE PRINCIPAL', 9, 31, '2020-03-31 15:57:02', '2020-03-31 15:57:02'),
(623, 'EL SILENCIO', 4, 141, '2020-03-31 15:57:07', '2020-03-31 15:57:07'),
(624, 'CHAMONCITO', 1, 396, '2020-03-31 15:57:40', '2020-03-31 15:57:40'),
(625, 'ESCUELA RURAL MIXTA EL HATICO', 34, 27, '2020-03-31 15:57:44', '2020-03-31 15:57:44'),
(626, 'SAN CAYETANO', 29, 82, '2020-03-31 15:58:32', '2020-03-31 15:58:32'),
(627, 'SAN ANTONIO (SEDE PRINCIPAL)', 35, 84, '2020-03-31 15:58:47', '2020-03-31 15:58:47'),
(628, 'MEDIA LOMA', 12, 65, '2020-03-31 15:58:58', '2020-03-31 15:58:58'),
(629, 'ALEJANDRO GOMEZ MUNOZ (SEDE PRINCIPAL)', 22, 262, '2020-03-31 16:00:16', '2020-03-31 16:00:16'),
(630, 'ESCUELA RURAL MIXTA DE  GUAQUIYO', 27, 67, '2020-03-31 16:00:38', '2020-03-31 16:00:38'),
(631, 'NUEVA BELEN NAPI', 1, 1, '2020-03-31 16:01:14', '2020-03-31 16:01:14'),
(632, 'LAS BREAS', 3, 93, '2020-03-31 16:02:03', '2020-03-31 16:02:03'),
(633, 'LA RIVERA', 29, 406, '2020-03-31 16:02:18', '2020-03-31 16:02:18'),
(634, 'CALLE LARGA', 1, 1, '2020-03-31 16:02:50', '2020-03-31 16:02:50'),
(635, 'MANUELA BELTRAN', 16, 112, '2020-03-31 16:03:48', '2020-03-31 16:03:48'),
(636, 'LA GRECIA', 20, 407, '2020-03-31 16:03:49', '2020-03-31 16:03:49'),
(637, 'SANTA CRUZ ALTO SIGUI', 2, 81, '2020-03-31 16:05:44', '2020-03-31 16:05:44'),
(638, 'LA FLORIDA', 12, 402, '2020-03-31 16:06:56', '2020-03-31 16:06:56'),
(639, 'PLAYA RICA', 13, 358, '2020-03-31 16:07:05', '2020-03-31 16:07:05'),
(640, 'ESCUELA RURAL MIXTA SINAI - SEDE PRINCIPAL', 4, 361, '2020-03-31 16:08:16', '2020-03-31 16:08:16'),
(641, 'EL RECUERDO (SEDE PRINCIPAL)', 11, 398, '2020-03-31 16:08:19', '2020-03-31 16:08:19'),
(642, 'QUIROGA', 1, 8, '2020-03-31 16:08:22', '2020-03-31 16:08:22'),
(643, 'CHACON', 3, 167, '2020-03-31 16:08:28', '2020-03-31 16:08:28'),
(644, 'LOS REMEDIOS', 36, 189, '2020-03-31 16:09:33', '2020-03-31 16:09:33'),
(645, 'LAS DELICIAS', 13, 358, '2020-03-31 16:09:38', '2020-03-31 16:09:38'),
(646, 'TEQUENDAMA (SEDE PRINCIPAL)', 31, 408, '2020-03-31 16:09:40', '2020-03-31 16:09:40'),
(647, 'NUEVA LAS PALMAS', 1, 41, '2020-03-31 16:10:24', '2020-03-31 16:10:24'),
(648, 'SAN AGUSTIN DEL GUAPI', 1, 409, '2020-03-31 16:10:29', '2020-03-31 16:10:29'),
(649, 'TEMUEY', 1, 41, '2020-03-31 16:10:45', '2020-03-31 16:10:45'),
(650, 'SEDE EDUCATIVA LA PALMERA', 27, 105, '2020-03-31 16:11:07', '2020-03-31 16:11:07'),
(651, 'ESCUELA RURAL MIXTA  FRANCISCO JAVIER PUAMA', 3, 249, '2020-03-31 16:11:24', '2020-03-31 16:11:24'),
(652, 'CUERNAVACA', 8, 56, '2020-03-31 16:11:48', '2020-03-31 16:11:48'),
(653, 'CE LA OVEJERA - SEDE PRINCIPAL', 23, 410, '2020-03-31 16:15:34', '2020-03-31 16:15:34'),
(654, 'ESCUELA MISAK LA GRANJA', 9, 11, '2020-03-31 16:15:40', '2020-03-31 16:15:40'),
(655, 'EL ESTRECHO', 7, 80, '2020-03-31 16:15:47', '2020-03-31 16:15:47'),
(656, 'MARIA AUXILIADORA (NINAS GUACHENE)', 14, 37, '2020-03-31 16:16:23', '2020-03-31 16:16:23'),
(657, 'EL LIMONAR', 7, 266, '2020-03-31 16:16:31', '2020-03-31 16:16:31'),
(658, 'ESCUELA RURAL BILINGUE EL BERLIN', 19, 411, '2020-03-31 16:17:01', '2020-03-31 16:17:01'),
(659, 'PORTUGAL', 28, 79, '2020-03-31 16:17:02', '2020-03-31 16:17:02'),
(660, 'ERM ÑAWPA YACHAY KUTIN RURANAY (RECONSTRUYENDO LA SABIDURIA ANCESTRAL) - SEDE PRINCIPAL', 40, 412, '2020-03-31 16:18:29', '2020-03-31 16:18:29'),
(661, 'CENTRO DOCENTE RURAL MIXTO EL ASOMADERO', 19, 340, '2020-03-31 16:19:22', '2020-03-31 16:19:22'),
(662, 'LA PALMERA (SEDE PRINCIPAL)', 35, 413, '2020-03-31 16:19:24', '2020-03-31 16:19:24'),
(663, 'ESCUELA RURAL MIXTA LAS DELICIAS', 4, 414, '2020-03-31 16:19:28', '2020-03-31 16:19:28'),
(664, 'VILLA TORRES', 10, 91, '2020-03-31 16:19:35', '2020-03-31 16:19:35'),
(665, 'ESCUELA RURAL MIXTA EL ARBOLITO', 6, 326, '2020-03-31 16:19:59', '2020-03-31 16:19:59'),
(666, 'ESCUELA LA UNION', 24, 360, '2020-03-31 16:20:17', '2020-03-31 16:20:17'),
(667, 'AGUA BONITA', 28, 243, '2020-03-31 16:21:20', '2020-03-31 16:21:20'),
(668, 'PALMICHAL (SEDE PRINCIPAL)', 11, 415, '2020-03-31 16:21:50', '2020-03-31 16:21:50'),
(669, 'MAZAMORRAS', 31, 416, '2020-03-31 16:22:29', '2020-03-31 16:22:29'),
(670, 'CE EL CACIQUE', 23, 237, '2020-03-31 16:22:35', '2020-03-31 16:22:35'),
(671, 'CENTRO DOCENTE RURAL MIXTO UNION OLIVARES', 28, 417, '2020-03-31 16:23:16', '2020-03-31 16:23:16'),
(672, 'ESCUELA RURAL MIXTA LOS QUINGOS', 9, 280, '2020-03-31 16:23:34', '2020-03-31 16:23:34'),
(673, 'SIMON BOLIVAR', 10, 13, '2020-03-31 16:23:45', '2020-03-31 16:23:45'),
(674, 'SABANETAS', 11, 418, '2020-03-31 16:24:59', '2020-03-31 16:24:59'),
(675, 'CENTRO DOCENTE LA CRUZ TOGOIMA', 27, 64, '2020-03-31 16:25:34', '2020-03-31 16:25:34'),
(676, 'CAIMITO', 1, 22, '2020-03-31 16:25:44', '2020-03-31 16:25:44'),
(677, 'CENTRO DOCENTE RURAL MIXTA EL TABLON', 32, 184, '2020-03-31 16:26:08', '2020-03-31 16:26:08'),
(678, 'MARIA AUXILIADORA', 6, 327, '2020-03-31 16:27:22', '2020-03-31 16:27:22'),
(679, 'RECUERDO BAJO (SEDE PRINCIPAL)', 17, 419, '2020-03-31 16:27:50', '2020-03-31 16:27:50'),
(680, 'ALTO DE LA CRUZ', 35, 303, '2020-03-31 16:28:39', '2020-03-31 16:28:39'),
(681, 'PALO VERDE', 36, 310, '2020-03-31 16:29:07', '2020-03-31 16:29:07'),
(682, 'ISLA DE GALLO', 2, 191, '2020-03-31 16:29:14', '2020-03-31 16:29:14'),
(683, 'ANTONIO JOSE DE SUCRE', 29, 82, '2020-03-31 16:30:30', '2020-03-31 16:30:30'),
(684, 'ESCUELA RURAL MIXTA LA INMACULADA VITONCO', 27, 206, '2020-03-31 16:31:46', '2020-03-31 16:31:46'),
(685, 'ESCUELA RURAL MIXTA ÜUS DXI`CAMINO DE SABIDURIA', 35, 117, '2020-03-31 16:32:43', '2020-03-31 16:32:43'),
(686, 'SAN JOSE DEL CARMELO', 17, 420, '2020-03-31 16:33:13', '2020-03-31 16:33:13'),
(687, 'CENTRO DOCENTE RURAL MIXTO LA ISLA', 21, 39, '2020-03-31 16:38:27', '2020-03-31 16:38:27'),
(688, 'PLAN GRANDE', 26, 421, '2020-03-31 16:39:38', '2020-03-31 16:39:38'),
(689, 'EL ARENAL', 28, 390, '2020-03-31 16:40:25', '2020-03-31 16:40:25'),
(690, 'CENTRO DOCENTE RURAL MIXTO EL PAJARITO', 25, 274, '2020-03-31 16:44:00', '2020-03-31 16:44:00'),
(691, 'LAS BOTAS (SEDE PRINCIPAL)', 11, 422, '2020-03-31 16:44:08', '2020-03-31 16:44:08'),
(692, 'EL CANEY', 10, 194, '2020-03-31 16:44:29', '2020-03-31 16:44:29'),
(693, 'CONCEPCION DE GUAJUI', 1, 84, '2020-03-31 16:47:32', '2020-03-31 16:47:32'),
(694, 'VILLANARCISO CARMELO (SEDE PRINCIPAL)', 40, 423, '2020-03-31 16:48:29', '2020-03-31 16:48:29'),
(695, 'SAN JERONIMO', 6, 424, '2020-03-31 16:50:10', '2020-03-31 16:50:10'),
(696, 'CENTRO REAL LA ESMERALDA', 21, 39, '2020-03-31 16:50:41', '2020-03-31 16:50:41'),
(697, 'PERICO NEGRO Nº 1 (SEDE PRINCIPAL)', 16, 425, '2020-03-31 16:50:59', '2020-03-31 16:50:59'),
(698, 'PALOMAS', 27, 338, '2020-03-31 16:51:08', '2020-03-31 16:51:08'),
(699, 'VUELTA LARGA', 16, 426, '2020-03-31 16:51:09', '2020-03-31 16:51:09'),
(700, 'CENTRO DOCENTE RURAL MIXTO GUALO', 21, 39, '2020-03-31 16:51:20', '2020-03-31 16:51:20'),
(701, 'BRISA LOS GRILLOS', 3, 123, '2020-03-31 16:52:35', '2020-03-31 16:52:35'),
(702, 'SAN JOAQUIN', 2, 44, '2020-03-31 16:53:08', '2020-03-31 16:53:08'),
(703, 'LA CHICUENA (SEDE PRINCIPAL)', 11, 427, '2020-03-31 16:53:30', '2020-03-31 16:53:30'),
(704, 'ANGULO', 7, 9, '2020-03-31 16:53:40', '2020-03-31 16:53:40'),
(705, 'ESCUELA RURAL MIXTA ALMORZADERO BUBUEY', 3, 276, '2020-03-31 16:54:52', '2020-03-31 16:54:52'),
(706, 'EL HOYO', 7, 213, '2020-03-31 16:55:27', '2020-03-31 16:55:27'),
(707, 'LA ESPERANZA P/MOLER', 7, 9, '2020-03-31 16:56:50', '2020-03-31 16:56:50'),
(708, 'DE NINAS ARGELIA', 20, 95, '2020-03-31 16:56:58', '2020-03-31 16:56:58'),
(709, 'SAN ROQUE', 9, 268, '2020-03-31 16:58:43', '2020-03-31 16:58:43'),
(710, 'BARRO BLANCO (SEDE PRINCIPAL)', 29, 428, '2020-03-31 16:58:50', '2020-03-31 16:58:50'),
(711, 'VALLE NUEVO', 23, 364, '2020-03-31 16:58:52', '2020-03-31 16:58:52'),
(712, 'CENTRO DOCENTE LA MARQUEZA', 40, 429, '2020-03-31 16:59:16', '2020-03-31 16:59:16'),
(713, 'LOS QUINGOS', 21, 430, '2020-03-31 17:04:25', '2020-03-31 17:04:25'),
(714, 'CENTRO DOCENTE RURAL MIXTO LOMA LARGA', 21, 39, '2020-03-31 17:05:48', '2020-03-31 17:05:48'),
(715, 'CENTRO DOCENTE RURAL MIXTO SAN ANTONIO', 21, 39, '2020-03-31 17:06:39', '2020-03-31 17:06:39'),
(716, 'OCTAVIO', 12, 402, '2020-03-31 17:07:06', '2020-03-31 17:07:06'),
(717, 'LA ISLA', 17, 370, '2020-03-31 17:07:09', '2020-03-31 17:07:09'),
(718, 'ESCUELA RURAL MIXTA YAQUIVA', 35, 117, '2020-03-31 17:07:14', '2020-03-31 17:07:14'),
(719, 'MATERON', 4, 431, '2020-03-31 17:08:02', '2020-03-31 17:08:02'),
(720, 'COMUNAL  MUNICIPAL', 16, 112, '2020-03-31 17:08:18', '2020-03-31 17:08:18'),
(721, 'SAN JOSE DEL MORRO', 22, 214, '2020-03-31 17:09:00', '2020-03-31 17:09:00'),
(722, 'CENTRO EDUCATIVO LA PAZ NAYA', 4, 361, '2020-03-31 17:09:13', '2020-03-31 17:09:13'),
(723, 'ESC RUR MIX DE RICAURTE', 27, 339, '2020-03-31 17:09:51', '2020-03-31 17:09:51'),
(724, 'NIÑAS BALBOA', 26, 69, '2020-03-31 17:13:20', '2020-03-31 17:13:20'),
(725, 'JARDIN INFANTIL SEMILLITAS', 10, 13, '2020-03-31 17:13:21', '2020-03-31 17:13:21'),
(726, 'EL PINCHE', 20, 217, '2020-03-31 17:13:30', '2020-03-31 17:13:30'),
(727, 'CAMILO TORRES', 14, 37, '2020-03-31 17:14:14', '2020-03-31 17:14:14'),
(728, 'ARRAYANES', 37, 130, '2020-03-31 17:14:19', '2020-03-31 17:14:19'),
(729, 'LA SELVA (SEDE PRINCIPAL)', 17, 432, '2020-03-31 17:14:25', '2020-03-31 17:14:25'),
(730, 'SAUJI', 37, 433, '2020-03-31 17:14:30', '2020-03-31 17:14:30'),
(731, 'EL RODEO', 37, 433, '2020-03-31 17:14:43', '2020-03-31 17:14:43'),
(732, 'GONZALO', 37, 434, '2020-03-31 17:14:48', '2020-03-31 17:14:48'),
(733, 'EL SILENCIO', 37, 433, '2020-03-31 17:14:48', '2020-03-31 17:14:48'),
(734, 'TARABITA (SEDE PRINCIPAL)', 37, 433, '2020-03-31 17:14:49', '2020-03-31 17:14:49'),
(735, 'VARONES BALBOA', 26, 69, '2020-03-31 17:14:52', '2020-03-31 17:14:52'),
(736, 'CENTRO DOCENTE RURAL MIXTO LUIS ROSENDO LOPEZ', 15, 154, '2020-03-31 17:14:56', '2020-03-31 17:14:56'),
(737, 'CANUTICO', 28, 79, '2020-03-31 17:15:04', '2020-03-31 17:15:04'),
(738, 'NINO JESUS DE PRAGA', 29, 82, '2020-03-31 17:15:09', '2020-03-31 17:15:09'),
(739, 'ESCUELA RURAL MIXTA LA ZANJA', 36, 307, '2020-03-31 17:15:25', '2020-03-31 17:15:25'),
(740, 'EL MARQUEZ (SEDE PRINCIPAL)', 18, 435, '2020-03-31 17:15:31', '2020-03-31 17:15:31'),
(741, 'EL RAMAL BAJO', 18, 325, '2020-03-31 17:15:58', '2020-03-31 17:15:58'),
(742, 'SAN JUAN DE LAS VUELTAS', 22, 436, '2020-03-31 17:16:08', '2020-03-31 17:16:08'),
(743, 'ANTONIA SANTOS', 15, 24, '2020-03-31 17:16:14', '2020-03-31 17:16:14'),
(744, 'LA PILA', 37, 437, '2020-03-31 17:16:28', '2020-03-31 17:16:28'),
(745, 'LAS MINAS', 22, 438, '2020-03-31 17:16:35', '2020-03-31 17:16:35'),
(746, 'CENTRO DOCENTE JUSTINIANO HURTADO LOPEZ', 15, 154, '2020-03-31 17:16:39', '2020-03-31 17:16:39'),
(747, 'LA EMPINADA', 36, 309, '2020-03-31 17:16:43', '2020-03-31 17:16:43'),
(748, 'LA ALEJANDRIA', 28, 243, '2020-03-31 17:16:51', '2020-03-31 17:16:51'),
(749, 'ORDONEZ', 37, 130, '2020-03-31 17:17:01', '2020-03-31 17:17:01'),
(750, 'LA BARCA', 7, 80, '2020-03-31 17:17:07', '2020-03-31 17:17:07'),
(751, 'CRESTA DE GALLO', 26, 439, '2020-03-31 17:17:08', '2020-03-31 17:17:08'),
(752, 'ESC LAS TABLAS', 22, 438, '2020-03-31 17:17:11', '2020-03-31 17:17:11'),
(753, 'LISANDRO VASQUEZ MELENDEZ', 10, 193, '2020-03-31 17:17:24', '2020-03-31 17:17:24'),
(754, 'MARIA INMACULADA', 28, 73, '2020-03-31 17:17:29', '2020-03-31 17:17:29'),
(755, 'ARBOLEDA', 10, 198, '2020-03-31 17:17:37', '2020-03-31 17:17:37'),
(756, 'ESCUELA RURAL MIXTA EL RAMAL', 18, 325, '2020-03-31 17:17:48', '2020-03-31 17:17:48'),
(757, 'LOMA GRANDE', 36, 309, '2020-03-31 17:17:52', '2020-03-31 17:17:52'),
(758, 'GARAY', 36, 309, '2020-03-31 17:18:08', '2020-03-31 17:18:08'),
(759, 'ESCUELA RURAL MIXTA RODRIGOS', 36, 307, '2020-03-31 17:18:15', '2020-03-31 17:18:15'),
(760, 'LA TOMA', 28, 120, '2020-03-31 17:18:17', '2020-03-31 17:18:17'),
(761, 'LA PLAYA', 15, 300, '2020-03-31 17:18:44', '2020-03-31 17:18:44'),
(762, 'DE NIÑAS POLICARPA SALAVARRIETA #1', 15, 300, '2020-03-31 17:18:45', '2020-03-31 17:18:45'),
(763, 'CENTRO DOCENTE PAN DE AZUCAR', 15, 154, '2020-03-31 17:18:49', '2020-03-31 17:18:49'),
(764, 'EL ROSARIO', 17, 297, '2020-03-31 17:18:59', '2020-03-31 17:18:59'),
(765, 'LA PLANADA', 37, 434, '2020-03-31 17:19:43', '2020-03-31 17:19:43'),
(766, 'RUIZ', 37, 130, '2020-03-31 17:19:45', '2020-03-31 17:19:45'),
(767, 'GUAYABILLAS', 22, 292, '2020-03-31 17:19:48', '2020-03-31 17:19:48'),
(768, 'LAS JUNTAS', 36, 309, '2020-03-31 17:20:04', '2020-03-31 17:20:04'),
(769, 'CENTRO DOCENTE SIMON BOLIVAR', 28, 333, '2020-03-31 17:20:06', '2020-03-31 17:20:06'),
(770, 'EL TAMBORAL', 28, 404, '2020-03-31 17:20:07', '2020-03-31 17:20:07'),
(771, 'CAMPO ALEGRE', 29, 122, '2020-03-31 17:20:18', '2020-03-31 17:20:18'),
(772, 'EL PORVENIR', 10, 13, '2020-03-31 17:20:25', '2020-03-31 17:20:25'),
(773, 'CENTRO DOCENTE MESOPOTAMIA ALTO RICO', 28, 333, '2020-03-31 17:20:43', '2020-03-31 17:20:43'),
(774, 'NINA MARIA', 28, 79, '2020-03-31 17:20:45', '2020-03-31 17:20:45'),
(775, 'BRAZO CORTO (SEDE PRINCIPAL)', 3, 167, '2020-03-31 17:20:50', '2020-03-31 17:20:50'),
(776, 'LOS SAMANES', 6, 104, '2020-03-31 17:20:51', '2020-03-31 17:20:51'),
(777, 'GUILLERMO VALENCIA', 41, 239, '2020-03-31 17:21:01', '2020-03-31 17:21:01'),
(778, 'ESCUELA RURAL MIXTA DOS RIOS', 4, 440, '2020-03-31 17:21:25', '2020-03-31 17:21:25'),
(779, 'EL ALTILLO', 37, 256, '2020-03-31 17:21:31', '2020-03-31 17:21:31'),
(780, 'EL GARBANZAL', 37, 131, '2020-03-31 17:21:32', '2020-03-31 17:21:32'),
(781, 'LOMA LARGA BAJO', 37, 256, '2020-03-31 17:21:33', '2020-03-31 17:21:33'),
(782, 'CACAHUAL (SEDE PRINCIPAL)', 17, 192, '2020-03-31 17:21:45', '2020-03-31 17:21:45'),
(783, 'PALO VERDE', 22, 291, '2020-03-31 17:21:51', '2020-03-31 17:21:51'),
(784, 'ESCUELA RURAL MIXTA MEDIANARANJA', 15, 154, '2020-03-31 17:21:53', '2020-03-31 17:21:53'),
(785, 'GUADALITO', 26, 119, '2020-03-31 17:21:57', '2020-03-31 17:21:57'),
(786, 'EL VIJAL', 26, 119, '2020-03-31 17:22:03', '2020-03-31 17:22:03'),
(787, 'FELIPE CASTRO', 22, 71, '2020-03-31 17:22:09', '2020-03-31 17:22:09'),
(788, 'LA PRIMAVERA', 26, 441, '2020-03-31 17:22:13', '2020-03-31 17:22:13'),
(789, 'NIÑAS SAN LORENZO', 22, 138, '2020-03-31 17:22:16', '2020-03-31 17:22:16'),
(790, 'LA MEDINA (SEDE PRINCIPAL)', 22, 436, '2020-03-31 17:22:19', '2020-03-31 17:22:19'),
(791, 'LA BUITRERA', 21, 442, '2020-03-31 17:22:30', '2020-03-31 17:22:30'),
(792, 'EL CARMELO', 17, 147, '2020-03-31 17:22:33', '2020-03-31 17:22:33'),
(793, 'SEGISMUNDO ZAPATA RIOS', 7, 75, '2020-03-31 17:23:02', '2020-03-31 17:23:02'),
(794, 'ESCUELA RURAL MIXTA LA UNION', 34, 252, '2020-03-31 17:23:05', '2020-03-31 17:23:05'),
(795, 'CENTRO DOCENTE RURAL MIXTA LA MESETA', 34, 200, '2020-03-31 17:23:19', '2020-03-31 17:23:19'),
(796, 'CENTRO DOCENTE RURAL MIXTO PANIQUITA', 34, 107, '2020-03-31 17:23:46', '2020-03-31 17:23:46'),
(797, 'CENTRO DOCENTE EL CARMEN ZABALETAS', 34, 343, '2020-03-31 17:24:08', '2020-03-31 17:24:08'),
(798, 'LA PAJOSA', 17, 432, '2020-03-31 17:24:17', '2020-03-31 17:24:17'),
(799, 'AGUAS VIVAS (SEDE PRINCIPAL)', 34, 443, '2020-03-31 17:24:20', '2020-03-31 17:24:20'),
(800, 'NUESTRA SENORA DE LAS MERCEDES', 7, 75, '2020-03-31 17:24:28', '2020-03-31 17:24:28'),
(801, 'GUATEMALA', 24, 199, '2020-03-31 17:24:31', '2020-03-31 17:24:31'),
(802, 'INMACULADA CONCEPCION', 7, 32, '2020-03-31 17:24:36', '2020-03-31 17:24:36'),
(803, 'CENTRO DOCENTE RURAL MIXTA LAS CRUCES', 23, 331, '2020-03-31 17:25:12', '2020-03-31 17:25:12'),
(804, 'ESCUELA MISAK MIXTA EL CARMELO', 9, 11, '2020-03-31 17:26:06', '2020-03-31 17:26:06'),
(805, 'EL OSO', 36, 120, '2020-03-31 17:26:25', '2020-03-31 17:26:25'),
(806, 'LA BETULIA', 36, 189, '2020-03-31 17:26:29', '2020-03-31 17:26:29'),
(807, 'PUENTE REAL', 36, 189, '2020-03-31 17:26:31', '2020-03-31 17:26:31'),
(808, 'ESCUELA RURAL MIXTA AMOR POR LO NUESTRO', 33, 187, '2020-03-31 17:26:32', '2020-03-31 17:26:32'),
(809, 'ERM EL PARAISO - SEDE PRINCIPAL', 36, 190, '2020-03-31 17:26:36', '2020-03-31 17:26:36'),
(810, 'ESCUELA RURAL MIXTA GARRIZAL', 39, 222, '2020-03-31 17:26:51', '2020-03-31 17:26:51'),
(811, 'ESCUELA RURAL MIXTA MARMATO', 39, 222, '2020-03-31 17:26:56', '2020-03-31 17:26:56'),
(812, 'SAJANDI', 7, 298, '2020-03-31 17:27:07', '2020-03-31 17:27:07'),
(813, 'LA ENTRADA', 39, 392, '2020-03-31 17:27:09', '2020-03-31 17:27:09'),
(814, 'VILLA MARIA', 36, 188, '2020-03-31 17:27:15', '2020-03-31 17:27:15'),
(815, 'SAN SEBASTIAN', 39, 355, '2020-03-31 17:27:22', '2020-03-31 17:27:22'),
(816, 'EL ENCINO', 39, 392, '2020-03-31 17:27:25', '2020-03-31 17:27:25'),
(817, 'CONSTANCILLA', 39, 444, '2020-03-31 17:27:29', '2020-03-31 17:27:29'),
(818, 'ESCUELA RURAL MIXTA SANTANDER', 39, 222, '2020-03-31 17:27:30', '2020-03-31 17:27:30'),
(819, 'EL ROSAL', 39, 221, '2020-03-31 17:27:35', '2020-03-31 17:27:35'),
(820, 'LOS PINOS', 12, 400, '2020-03-31 17:27:54', '2020-03-31 17:27:54'),
(821, 'LA LAJA', 18, 394, '2020-03-31 17:27:59', '2020-03-31 17:27:59'),
(822, 'VERDEYACO', 40, 269, '2020-03-31 17:28:18', '2020-03-31 17:28:18'),
(823, 'CE SANTA CLARA - SEDE PRINCIPAL', 40, 429, '2020-03-31 17:28:23', '2020-03-31 17:28:23'),
(824, 'SAN EDUARDO VILLALOBOS', 40, 445, '2020-03-31 17:28:26', '2020-03-31 17:28:26'),
(825, 'CHONTILLAL', 40, 446, '2020-03-31 17:28:30', '2020-03-31 17:28:30'),
(826, 'ESCUELA RURAL MIXTA TANDARIDO', 40, 412, '2020-03-31 17:28:32', '2020-03-31 17:28:32'),
(827, 'SANTA MARIA (SEDE PRINCIPAL)', 40, 445, '2020-03-31 17:28:53', '2020-03-31 17:28:53'),
(828, 'BETANIA', 40, 231, '2020-03-31 17:28:59', '2020-03-31 17:28:59'),
(829, 'ESCUELA RURAL MIXTA INTEGRADA DESCANSE', 40, 232, '2020-03-31 17:29:04', '2020-03-31 17:29:04'),
(830, 'CONCENTRACION EDUCATIVA COMUNITARIA (ERM) EL TRIUNFO', 35, 169, '2020-03-31 17:29:24', '2020-03-31 17:29:24'),
(831, 'SAN FRANCISCO CHANZARA', 1, 447, '2020-03-31 17:29:34', '2020-03-31 17:29:34'),
(832, 'PINULPI', 1, 62, '2020-03-31 17:29:36', '2020-03-31 17:29:36'),
(833, 'SANTA ROSA DE GUAJUI', 1, 84, '2020-03-31 17:29:39', '2020-03-31 17:29:39'),
(834, 'ANTONIO NARINO', 6, 104, '2020-03-31 17:29:56', '2020-03-31 17:29:56'),
(835, 'CENTRO DOCENTE EL CERRO DE DAMIAN', 28, 333, '2020-03-31 17:29:56', '2020-03-31 17:29:56'),
(836, 'MONDOMO-SANTA TERESITA DEL NINO JESUS', 6, 228, '2020-03-31 17:30:42', '2020-03-31 17:30:42'),
(837, 'ESCUELA RURAL MIXTA SAN ANTONIO DEL SALADO', 27, 204, '2020-03-31 17:31:56', '2020-03-31 17:31:56'),
(838, 'ESCUELA RURAL MIXTA AGUA BENDITA', 27, 67, '2020-03-31 17:31:57', '2020-03-31 17:31:57'),
(839, 'ESCUELA RURAL MIXTA MESA DE BELALCAZAR', 27, 204, '2020-03-31 17:32:06', '2020-03-31 17:32:06'),
(840, 'LA UNION EL SALADO', 27, 174, '2020-03-31 17:32:09', '2020-03-31 17:32:09'),
(841, 'CE ACESI (ASOCIACION DE CENTROS EDUCATIVOS DEL SIMBOLA) - SEDE PRINCIPAL', 27, 448, '2020-03-31 17:32:24', '2020-03-31 17:32:24'),
(842, 'ESCUELA EL CARMEN DEL SALADO', 27, 204, '2020-03-31 17:32:29', '2020-03-31 17:32:29'),
(843, 'CHONTADURO', 18, 394, '2020-03-31 17:33:01', '2020-03-31 17:33:01'),
(844, 'ESCUELA COMUNITARIA ALTAMIRA BATEAS', 32, 184, '2020-03-31 17:33:03', '2020-03-31 17:33:03'),
(845, 'CENTRO DOCENTE URBANO MIXTO JAMBALO', 32, 378, '2020-03-31 17:33:07', '2020-03-31 17:33:07'),
(846, 'ESCUELA RURAL MIXTA MONTERREDONDO', 32, 378, '2020-03-31 17:33:10', '2020-03-31 17:33:10'),
(847, 'CENTRO DOCENTE RURAL MIXTO LOMA LARGA', 32, 378, '2020-03-31 17:33:15', '2020-03-31 17:33:15'),
(848, 'ESCUELA RURAL MIXTA EL CARRIZAL', 32, 181, '2020-03-31 17:33:28', '2020-03-31 17:33:28'),
(849, 'ESCUELA RURAL MIXTA LOMA REDONDA', 32, 181, '2020-03-31 17:33:33', '2020-03-31 17:33:33'),
(850, 'CENTRO DOCENTE IPICUETO', 32, 378, '2020-03-31 17:33:45', '2020-03-31 17:33:45'),
(851, 'ESCUELA RURAL MIXTA LA NUEVA COLONIA', 32, 184, '2020-03-31 17:33:47', '2020-03-31 17:33:47'),
(852, 'LA YUNGA', 22, 449, '2020-03-31 17:34:17', '2020-03-31 17:34:17'),
(853, 'CHOPILOMA', 22, 450, '2020-03-31 17:34:28', '2020-03-31 17:34:28'),
(854, 'LA POLA # 2', 24, 92, '2020-03-31 17:34:35', '2020-03-31 17:34:35'),
(855, 'SAN ANDRES', 24, 66, '2020-03-31 17:35:38', '2020-03-31 17:35:38'),
(856, 'HIGUERILLOS', 37, 131, '2020-03-31 17:35:57', '2020-03-31 17:35:57'),
(857, 'LA SABOYA', 26, 451, '2020-03-31 17:36:48', '2020-03-31 17:36:48'),
(858, 'BUENAVISTA', 26, 441, '2020-03-31 17:36:49', '2020-03-31 17:36:49'),
(859, 'EL PEPAL', 26, 451, '2020-03-31 17:36:51', '2020-03-31 17:36:51'),
(860, 'BERMEJA ALTA (SEDE PRINCIPAL)', 26, 452, '2020-03-31 17:36:56', '2020-03-31 17:36:56'),
(861, 'LA JOAQUINA', 26, 451, '2020-03-31 17:37:00', '2020-03-31 17:37:00'),
(862, 'LA BANDA', 11, 162, '2020-03-31 17:37:08', '2020-03-31 17:37:08'),
(863, 'EL LIMONAR', 26, 289, '2020-03-31 17:37:13', '2020-03-31 17:37:13'),
(864, 'ESCUELA RURAL MIXTA LA MARQUEZA', 32, 184, '2020-03-31 17:37:52', '2020-03-31 17:37:52'),
(865, 'CENTRO DOCENTE RURAL MIXTO LOMA GRUESA', 32, 181, '2020-03-31 17:38:03', '2020-03-31 17:38:03'),
(866, 'NARINO UNIDO', 6, 104, '2020-03-31 17:38:07', '2020-03-31 17:38:07'),
(867, 'ESCUELA RURAL MIXTA SOLAPA', 32, 378, '2020-03-31 17:38:21', '2020-03-31 17:38:21'),
(868, 'CENTRO DOCENTE RURAL MIXTO SAN ANTONIO', 32, 378, '2020-03-31 17:38:28', '2020-03-31 17:38:28'),
(869, 'ESCUELA RURAL MIXTA LA HONDA', 6, 224, '2020-03-31 17:38:37', '2020-03-31 17:38:37'),
(870, 'CENTRO DOCENTE GUAYOPE', 32, 184, '2020-03-31 17:38:43', '2020-03-31 17:38:43'),
(871, 'MI CASITA', 7, 32, '2020-03-31 17:38:53', '2020-03-31 17:38:53'),
(872, 'BUENAVISTA', 41, 267, '2020-03-31 17:39:02', '2020-03-31 17:39:02'),
(873, 'LA INMACULADA', 34, 27, '2020-03-31 17:39:15', '2020-03-31 17:39:15'),
(874, 'ESCUELA SAN ANTONIO', 34, 254, '2020-03-31 17:39:30', '2020-03-31 17:39:30'),
(875, 'ALTO PALMAR', 27, 338, '2020-03-31 17:39:36', '2020-03-31 17:39:36'),
(876, 'EL MANGO (SEDE PRINCIPAL)', 12, 453, '2020-03-31 17:39:42', '2020-03-31 17:39:42'),
(877, 'LA PARADA', 22, 214, '2020-03-31 17:39:57', '2020-03-31 17:39:57'),
(878, 'LIMON GUAICO BAJO', 22, 454, '2020-03-31 17:40:04', '2020-03-31 17:40:04'),
(879, 'EL PEPINAL', 22, 455, '2020-03-31 17:40:09', '2020-03-31 17:40:09'),
(880, 'LOMITAS', 22, 47, '2020-03-31 17:40:15', '2020-03-31 17:40:15'),
(881, 'MAZAMORRAS', 22, 455, '2020-03-31 17:40:19', '2020-03-31 17:40:19'),
(882, 'LOS POTREROS', 22, 456, '2020-03-31 17:40:23', '2020-03-31 17:40:23'),
(883, 'PUEBLO VIEJO', 22, 454, '2020-03-31 17:40:28', '2020-03-31 17:40:28'),
(884, 'CASA BLANCA', 37, 130, '2020-03-31 17:40:29', '2020-03-31 17:40:29'),
(885, 'GUAYACUNDO', 37, 437, '2020-03-31 17:40:48', '2020-03-31 17:40:48'),
(886, 'FRANCISCO JOSE DE CALDAS', 7, 75, '2020-03-31 17:41:06', '2020-03-31 17:41:06'),
(887, 'RODEO  DEL MORRO', 22, 214, '2020-03-31 17:41:11', '2020-03-31 17:41:11'),
(888, 'LERMA', 22, 262, '2020-03-31 17:41:13', '2020-03-31 17:41:13'),
(889, 'ESCUELA LA FLORIDA', 27, 202, '2020-03-31 17:41:21', '2020-03-31 17:41:21'),
(890, 'ASCENCIO', 27, 317, '2020-03-31 17:41:22', '2020-03-31 17:41:22'),
(891, 'ESCUELA RURAL MIXTA BOTATIERRA', 27, 205, '2020-03-31 17:41:23', '2020-03-31 17:41:23'),
(892, 'ESCUELA RURAL MIXTA TIERRAS BLANCAS', 27, 206, '2020-03-31 17:41:32', '2020-03-31 17:41:32'),
(893, 'ESCUELA RURAL MIXTA BILINGUE EL CABUYO', 27, 316, '2020-03-31 17:41:42', '2020-03-31 17:41:42'),
(894, 'ESCUELA RURAL MIXTA LA ESMERALDA', 27, 105, '2020-03-31 17:41:53', '2020-03-31 17:41:53'),
(895, 'ESCUELA RURAL MIXTA EL RAMO', 27, 203, '2020-03-31 17:42:05', '2020-03-31 17:42:05'),
(896, 'MATAREDONDA (SEDE PRINCIPAL)', 12, 457, '2020-03-31 17:42:13', '2020-03-31 17:42:13'),
(897, 'ESCUELA RURAL MIXTA SAN ANTONIO DE GUEIQUITE', 27, 203, '2020-03-31 17:42:22', '2020-03-31 17:42:22'),
(898, 'ESCUELA RURAL MIXTA DE TARAVIRA', 27, 97, '2020-03-31 17:42:27', '2020-03-31 17:42:27'),
(899, 'ESCUELA RURAL MIXTA VALPARAISO', 12, 218, '2020-03-31 17:42:40', '2020-03-31 17:42:40'),
(900, 'ESCUELA RURAL MIXTA VILLA RODRIGUEZ', 27, 64, '2020-03-31 17:42:40', '2020-03-31 17:42:40'),
(901, 'ESCUELA RURAL MIXTA EL RECUERDO', 27, 202, '2020-03-31 17:42:45', '2020-03-31 17:42:45'),
(902, 'EL HATO', 27, 317, '2020-03-31 17:42:49', '2020-03-31 17:42:49'),
(903, 'ESCUELA  RURAL MIXTA PASTALES', 27, 339, '2020-03-31 17:42:53', '2020-03-31 17:42:53'),
(904, 'ESCUELA RURAL MIXTA LA MESA DE COHETANDO', 27, 202, '2020-03-31 17:42:55', '2020-03-31 17:42:55'),
(905, 'CENTRO DOCENTE CALOTO COHETANDO', 27, 202, '2020-03-31 17:43:12', '2020-03-31 17:43:12'),
(906, 'ESCUELA RURAL MIXTA LA TROJA', 27, 206, '2020-03-31 17:43:16', '2020-03-31 17:43:16'),
(907, 'INTEGRADA', 9, 100, '2020-03-31 17:43:19', '2020-03-31 17:43:19'),
(908, 'EL CRUCERO DE PAN DE AZUCAR', 9, 458, '2020-03-31 17:43:21', '2020-03-31 17:43:21'),
(909, 'SANTA ROSA', 9, 100, '2020-03-31 17:43:26', '2020-03-31 17:43:26'),
(910, 'LA CUCHILLA', 9, 313, '2020-03-31 17:43:31', '2020-03-31 17:43:31'),
(911, 'EL DANUBIO', 9, 134, '2020-03-31 17:43:33', '2020-03-31 17:43:33'),
(912, 'LOS ALPES', 10, 401, '2020-03-31 17:43:44', '2020-03-31 17:43:44'),
(913, 'PATANGUEJO', 10, 196, '2020-03-31 17:43:53', '2020-03-31 17:43:53'),
(914, 'EL AGRADO', 12, 345, '2020-03-31 17:43:59', '2020-03-31 17:43:59'),
(915, 'POLICARPA SALAVARRIETA (SEDE PRINCIPAL)', 12, 459, '2020-03-31 17:44:06', '2020-03-31 17:44:06'),
(916, 'ANTONIO NARINO', 12, 351, '2020-03-31 17:44:43', '2020-03-31 17:44:43'),
(917, 'PAN DE AZUCAR', 9, 109, '2020-03-31 17:45:07', '2020-03-31 17:45:07'),
(918, 'ERM SOMBRERILLO', 9, 268, '2020-03-31 17:45:25', '2020-03-31 17:45:25'),
(919, 'LA FLORESTA', 9, 458, '2020-03-31 17:45:40', '2020-03-31 17:45:40'),
(920, 'ESCUELA RURAL MIXTA NUEVA ESPERANZA', 9, 314, '2020-03-31 17:45:43', '2020-03-31 17:45:43'),
(921, 'SAN MIGUEL DEL RIO', 3, 38, '2020-03-31 17:46:01', '2020-03-31 17:46:01'),
(922, 'LA COMINERA', 15, 356, '2020-03-31 17:46:21', '2020-03-31 17:46:21'),
(923, 'ESCUELA RURAL MIXTA LOS ANDES', 15, 301, '2020-03-31 17:46:28', '2020-03-31 17:46:28'),
(924, 'EL BARRANCO (SEDE PRINCIPAL)', 15, 460, '2020-03-31 17:46:31', '2020-03-31 17:46:31'),
(925, 'ESCUELA RURAL MIXTA LA CRISTALINA', 15, 301, '2020-03-31 17:46:37', '2020-03-31 17:46:37'),
(926, 'CHAMON', 1, 396, '2020-03-31 17:46:58', '2020-03-31 17:46:58'),
(927, 'BELLAVISTA CHANZARA', 1, 447, '2020-03-31 17:47:14', '2020-03-31 17:47:14'),
(928, 'BAMBOLEO', 36, 308, '2020-03-31 17:47:36', '2020-03-31 17:47:36'),
(929, 'LAS PERLAS', 20, 403, '2020-03-31 17:47:38', '2020-03-31 17:47:38'),
(930, 'CRUCERO BELLO (SEDE PRINCIPAL)', 31, 461, '2020-03-31 17:47:44', '2020-03-31 17:47:44'),
(931, 'ESCUELA RURAL MIXTA DE COQUIYO', 27, 64, '2020-03-31 17:47:46', '2020-03-31 17:47:46'),
(932, 'ESCUELA RURAL MIXTA MONTERREDONDO', 36, 143, '2020-03-31 17:47:48', '2020-03-31 17:47:48'),
(933, 'ESCUELA LEDEZMA', 36, 307, '2020-03-31 17:47:58', '2020-03-31 17:47:58'),
(934, 'LOS DUENDES', 31, 369, '2020-03-31 17:48:03', '2020-03-31 17:48:03'),
(935, 'SANTA RITA', 36, 188, '2020-03-31 17:48:10', '2020-03-31 17:48:10'),
(936, 'EL PALMAR', 36, 188, '2020-03-31 17:48:14', '2020-03-31 17:48:14'),
(937, 'EL CHILCO', 39, 462, '2020-03-31 17:48:17', '2020-03-31 17:48:17'),
(938, 'MONTEREDONDO', 24, 375, '2020-03-31 17:48:21', '2020-03-31 17:48:21'),
(939, 'CAPARROZAL', 24, 375, '2020-03-31 17:48:29', '2020-03-31 17:48:29'),
(940, 'TIERRADURA', 24, 85, '2020-03-31 17:48:43', '2020-03-31 17:48:43'),
(941, 'LAS YESC AS', 29, 245, '2020-03-31 17:49:13', '2020-03-31 17:49:13'),
(942, 'SAN ANTONIO', 14, 153, '2020-03-31 17:49:21', '2020-03-31 17:49:21'),
(943, 'LAS JUNTAS', 1, 409, '2020-03-31 17:49:55', '2020-03-31 17:49:55'),
(944, 'SAN FERNANDO', 30, 463, '2020-03-31 17:50:25', '2020-03-31 17:50:25'),
(945, 'SANTA LETICIA', 30, 118, '2020-03-31 17:50:27', '2020-03-31 17:50:27'),
(946, 'DIVINO NINO', 12, 32, '2020-03-31 17:50:48', '2020-03-31 17:50:48'),
(947, 'SANTA CATALINA', 17, 149, '2020-03-31 17:50:50', '2020-03-31 17:50:50'),
(948, 'LA UNION', 12, 397, '2020-03-31 17:50:51', '2020-03-31 17:50:51'),
(949, 'ONCE DE NOVIEMBRE', 12, 345, '2020-03-31 17:50:59', '2020-03-31 17:50:59'),
(950, 'LOMA CORTA', 12, 273, '2020-03-31 17:51:08', '2020-03-31 17:51:08'),
(951, 'ESCUELA RURAL MIXTA MEDIA LOMA', 23, 127, '2020-03-31 17:51:09', '2020-03-31 17:51:09'),
(952, 'SAN JOSE', 12, 464, '2020-03-31 17:51:24', '2020-03-31 17:51:24'),
(953, 'EL MUNDO INFANTIL', 5, 52, '2020-03-31 17:51:38', '2020-03-31 17:51:38'),
(954, 'EL CULEBRIADO', 17, 144, '2020-03-31 17:52:20', '2020-03-31 17:52:20'),
(955, 'CARRIZAL CORDILLERAS', 17, 419, '2020-03-31 17:52:22', '2020-03-31 17:52:22'),
(956, 'EL PARAISO', 17, 419, '2020-03-31 17:52:26', '2020-03-31 17:52:26'),
(957, 'GUAPOTON', 17, 419, '2020-03-31 17:52:27', '2020-03-31 17:52:27'),
(958, 'SAN GABRIEL (SEDE PRINCIPAL)', 17, 465, '2020-03-31 17:52:28', '2020-03-31 17:52:28'),
(959, 'VILLA COLOMBIA', 17, 142, '2020-03-31 17:52:38', '2020-03-31 17:52:38'),
(960, 'LA ARBOLEDA', 20, 466, '2020-03-31 17:53:04', '2020-03-31 17:53:04'),
(961, 'BOTAFOGO (SEDE PRINCIPAL)', 20, 467, '2020-03-31 17:53:32', '2020-03-31 17:53:32'),
(962, 'BUENAVISTA', 20, 468, '2020-03-31 17:53:33', '2020-03-31 17:53:33'),
(963, 'ALTAMIRA', 20, 467, '2020-03-31 17:53:39', '2020-03-31 17:53:39'),
(964, 'EL TURBIO', 26, 452, '2020-03-31 17:53:40', '2020-03-31 17:53:40'),
(965, 'LA PLAYA (SEDE PRINCIPAL)', 20, 287, '2020-03-31 17:53:56', '2020-03-31 17:53:56'),
(966, 'TAMBO LARGO', 20, 468, '2020-03-31 17:54:01', '2020-03-31 17:54:01'),
(967, 'EL LIBERTADOR', 6, 16, '2020-03-31 17:54:23', '2020-03-31 17:54:23'),
(968, 'ESCUELA RURAL MIXTA SAN PABLO', 15, 154, '2020-03-31 17:55:48', '2020-03-31 17:55:48'),
(969, 'EL LAMEDERO (SEDE PRINCIPAL)', 33, 469, '2020-03-31 17:56:21', '2020-03-31 17:56:21'),
(970, 'JOSE EDMUNDO SANDOVAL', 6, 45, '2020-03-31 17:56:38', '2020-03-31 17:56:38'),
(971, 'TULIPAN', 24, 85, '2020-03-31 17:57:05', '2020-03-31 17:57:05'),
(972, 'LAS DOS AGUAS', 16, 55, '2020-03-31 17:57:12', '2020-03-31 17:57:12'),
(973, 'JOSE VICENTE MINA', 6, 16, '2020-03-31 17:57:28', '2020-03-31 17:57:28'),
(974, 'LA MILAGROSA', 6, 16, '2020-03-31 17:57:31', '2020-03-31 17:57:31'),
(975, 'RAFAEL TELLO', 6, 45, '2020-03-31 17:57:53', '2020-03-31 17:57:53'),
(976, 'BELLO HORIZONTE', 6, 16, '2020-03-31 17:57:59', '2020-03-31 17:57:59'),
(977, 'SANTA INES', 6, 104, '2020-03-31 17:58:03', '2020-03-31 17:58:03'),
(978, 'EL TAJO', 6, 104, '2020-03-31 18:00:06', '2020-03-31 18:00:06'),
(979, 'EL JARDIN', 15, 24, '2020-03-31 18:02:15', '2020-03-31 18:02:15'),
(980, 'LA COLOMBIANA', 15, 300, '2020-03-31 18:02:47', '2020-03-31 18:02:47'),
(981, 'LOS PINOS', 20, 468, '2020-03-31 18:04:28', '2020-03-31 18:04:28'),
(982, 'CAMPOSANO (SEDE PRINCIPAL)', 29, 470, '2020-03-31 18:04:33', '2020-03-31 18:04:33'),
(983, 'BAJO INCHIYACO', 13, 413, '2020-03-31 18:05:11', '2020-03-31 18:05:11'),
(984, 'EL DIVISO', 26, 441, '2020-03-31 18:05:28', '2020-03-31 18:05:28'),
(985, 'ESC RUR MIX SAN ANDRES', 33, 134, '2020-03-31 18:05:30', '2020-03-31 18:05:30'),
(986, 'CERRITO (SEDE PRINCIPAL)', 11, 376, '2020-03-31 18:06:04', '2020-03-31 18:06:04'),
(987, 'BAJO SIGUI', 2, 192, '2020-03-31 18:06:32', '2020-03-31 18:06:32'),
(988, 'PUEBLO VIEJO', 39, 471, '2020-03-31 18:07:30', '2020-03-31 18:07:30'),
(989, 'LA CHORRERA (SEDE PRINCIPAL)', 29, 391, '2020-03-31 18:07:53', '2020-03-31 18:07:53'),
(990, 'AGUAS REGADAS', 22, 450, '2020-03-31 18:08:02', '2020-03-31 18:08:02'),
(991, 'EL PORVENIR (SEDE PRINCIPAL)', 9, 134, '2020-03-31 18:08:25', '2020-03-31 18:08:25'),
(992, 'SANTA BARBARA', 9, 268, '2020-03-31 18:08:32', '2020-03-31 18:08:32'),
(993, 'EL MACO', 9, 458, '2020-03-31 18:08:34', '2020-03-31 18:08:34'),
(994, 'ESCUELA RURAL MIXTA MEDELLIN', 9, 126, '2020-03-31 18:08:39', '2020-03-31 18:08:39'),
(995, 'PIEDRA DEL OSO', 9, 109, '2020-03-31 18:08:48', '2020-03-31 18:08:48'),
(996, 'MARQUEZ BAJO', 18, 435, '2020-03-31 18:08:57', '2020-03-31 18:08:57'),
(997, 'PAN DE AZUCAR', 18, 103, '2020-03-31 18:09:00', '2020-03-31 18:09:00'),
(998, 'GOLONDRINAS', 18, 220, '2020-03-31 18:09:01', '2020-03-31 18:09:01'),
(999, 'LA LAGUNA', 11, 354, '2020-03-31 18:09:01', '2020-03-31 18:09:01'),
(1000, 'VARONES', 18, 324, '2020-03-31 18:09:05', '2020-03-31 18:09:05'),
(1001, 'POLICARPA SALAVARRIETA', 6, 16, '2020-03-31 18:09:18', '2020-03-31 18:09:18'),
(1002, 'LA ESTRELLA', 28, 243, '2020-03-31 18:09:18', '2020-03-31 18:09:18'),
(1003, 'BELLAVISTA JIGUAL', 18, 220, '2020-03-31 18:09:19', '2020-03-31 18:09:19'),
(1004, 'EL CONDOR', 11, 368, '2020-03-31 18:09:23', '2020-03-31 18:09:23'),
(1005, 'GUILLERMO VALENCIA (SEDE PRINCIPAL)', 18, 472, '2020-03-31 18:09:35', '2020-03-31 18:09:35'),
(1006, 'PINZON', 18, 220, '2020-03-31 18:09:48', '2020-03-31 18:09:48'),
(1007, 'BELLAVISTA', 18, 394, '2020-03-31 18:09:49', '2020-03-31 18:09:49'),
(1008, 'VISTA HERMOSA', 18, 220, '2020-03-31 18:09:52', '2020-03-31 18:09:52'),
(1009, 'LAS CRUCES (SEDE PRINCIPAL)', 29, 473, '2020-03-31 18:09:59', '2020-03-31 18:09:59'),
(1010, 'ESCUELA RURAL MIXTA PUEBLILLO', 9, 126, '2020-03-31 18:10:49', '2020-03-31 18:10:49'),
(1011, 'ESCUELA RURAL MIXTA LA MONJITA', 10, 91, '2020-03-31 18:10:56', '2020-03-31 18:10:56'),
(1012, 'TACHUELO EL CAJON', 22, 449, '2020-03-31 18:11:02', '2020-03-31 18:11:02'),
(1013, 'ESCUELA RURAL MIXTA VALLE NUEVO', 9, 148, '2020-03-31 18:11:18', '2020-03-31 18:11:18'),
(1014, 'SANABRIA (SEDE PRINCIPAL)', 26, 288, '2020-03-31 18:11:23', '2020-03-31 18:11:23'),
(1015, 'YUNGUILLAS (SEDE PRINCIPAL)', 22, 474, '2020-03-31 18:11:30', '2020-03-31 18:11:30'),
(1016, 'SOLEDAD YANTIN', 3, 248, '2020-03-31 18:11:41', '2020-03-31 18:11:41'),
(1017, 'VILLAMARIA', 10, 197, '2020-03-31 18:11:57', '2020-03-31 18:11:57'),
(1018, 'CENTRO DOCENTE LA CONCORDIA', 9, 11, '2020-03-31 18:12:37', '2020-03-31 18:12:37'),
(1019, 'ESCUELA LA VETICA', 6, 475, '2020-03-31 18:12:44', '2020-03-31 18:12:44'),
(1020, 'LOS CAFES', 9, 134, '2020-03-31 18:12:55', '2020-03-31 18:12:55'),
(1021, 'LA ARROYUELA (SEDE PRINCIPAL)', 17, 420, '2020-03-31 18:13:16', '2020-03-31 18:13:16'),
(1022, 'LOS PICOS (SEDE PRINCIPAL)', 20, 468, '2020-03-31 18:13:34', '2020-03-31 18:13:34'),
(1023, 'SAN LUIS ABAJO', 15, 356, '2020-03-31 18:13:43', '2020-03-31 18:13:43'),
(1024, 'ESCUELA RURAL MIXTA LA LAGUNA', 19, 341, '2020-03-31 18:13:57', '2020-03-31 18:13:57'),
(1025, 'EL CARMEN DE VIBORA', 35, 175, '2020-03-31 18:13:58', '2020-03-31 18:13:58'),
(1026, 'EL TIGRE', 17, 296, '2020-03-31 18:14:00', '2020-03-31 18:14:00'),
(1027, 'SAN RAFAEL', 15, 24, '2020-03-31 18:14:06', '2020-03-31 18:14:06'),
(1028, 'ANGOSTURAS', 13, 261, '2020-03-31 18:14:29', '2020-03-31 18:14:29'),
(1029, 'CENTRO DOCENTE RURAL MIXTA BUENAVISTA', 34, 476, '2020-03-31 18:14:55', '2020-03-31 18:14:55'),
(1030, 'FRANCISCO DE PAULA SANTANDER', 6, 45, '2020-03-31 18:15:27', '2020-03-31 18:15:27'),
(1031, 'EL LIBANO', 18, 325, '2020-03-31 18:15:41', '2020-03-31 18:15:41'),
(1032, 'ESCUELA RURAL MIXTA LA MARIA', 27, 448, '2020-03-31 18:15:54', '2020-03-31 18:15:54'),
(1033, 'ESCUELA RURAL MIXTA LA NUEVA UNION FRANCIA', 3, 276, '2020-03-31 18:16:06', '2020-03-31 18:16:06'),
(1034, 'ESCUELA RURAL MIXTA DE ANGONI', 22, 477, '2020-03-31 18:16:24', '2020-03-31 18:16:24'),
(1035, 'CENTRO DOCENTE HONDA ESTRELLA', 21, 39, '2020-03-31 18:16:35', '2020-03-31 18:16:35'),
(1036, 'ESCUELA RURAL MIXTA ALTAMIRA', 21, 39, '2020-03-31 18:16:36', '2020-03-31 18:16:36'),
(1037, 'ESCUELA RURAL MIXTA EL CARMEN', 21, 39, '2020-03-31 18:16:38', '2020-03-31 18:16:38'),
(1038, 'CENTRO DOCENTE RURAL MIXTO EL PICACHO', 21, 39, '2020-03-31 18:16:41', '2020-03-31 18:16:41'),
(1039, 'CERRO ALTO', 21, 152, '2020-03-31 18:16:42', '2020-03-31 18:16:42'),
(1040, 'CENTRO DOCENTE MANUELICO', 21, 39, '2020-03-31 18:16:48', '2020-03-31 18:16:48'),
(1041, 'ESCUELA RURAL MIXTA CHINDACO', 21, 39, '2020-03-31 18:16:51', '2020-03-31 18:16:51'),
(1042, 'EL PITAL (SEDE PRINCIPAL)', 21, 478, '2020-03-31 18:16:55', '2020-03-31 18:16:55'),
(1043, 'CAMPO ALEGRE (SEDE PRINCIPAL)', 21, 442, '2020-03-31 18:16:56', '2020-03-31 18:16:56'),
(1044, 'CENTRO DOCENTE RURAL MIXTO SAN PEDRO', 21, 39, '2020-03-31 18:16:57', '2020-03-31 18:16:57'),
(1045, 'CENTRO DOCENTE LAS DELICIAS CALDONO', 21, 39, '2020-03-31 18:17:03', '2020-03-31 18:17:03'),
(1046, 'CENTRO DOCENTE EL AZUL', 21, 39, '2020-03-31 18:17:07', '2020-03-31 18:17:07'),
(1047, 'ESCUELA RURAL MIXTA SAN ANTONIO-LA AGUADA', 21, 39, '2020-03-31 18:17:08', '2020-03-31 18:17:08'),
(1048, 'CENTRO DOCENTE BILINGUE RURAL MIXTO EL CONDOR', 6, 326, '2020-03-31 18:17:10', '2020-03-31 18:17:10'),
(1049, 'CENTRO DOCENTE RURAL MIXTO PALESTINA', 21, 39, '2020-03-31 18:17:19', '2020-03-31 18:17:19'),
(1050, 'CENTRO DOCENTE RURAL MIXTO BATEAS', 21, 39, '2020-03-31 18:17:23', '2020-03-31 18:17:23'),
(1051, 'ESCUELA RURAL MIXTA LA CASCADA', 6, 258, '2020-03-31 18:17:30', '2020-03-31 18:17:30'),
(1052, 'CENTRO DOCENTE VILLA RICA', 21, 39, '2020-03-31 18:17:33', '2020-03-31 18:17:33'),
(1053, 'CENTRO DOCENTE RURAL MIXTA SANTA ELENA', 21, 39, '2020-03-31 18:17:33', '2020-03-31 18:17:33'),
(1054, 'LAS VENTANAS', 21, 363, '2020-03-31 18:17:40', '2020-03-31 18:17:40'),
(1055, 'ESCUELA RURAL MIXTA SAN AGUSTIN', 6, 475, '2020-03-31 18:17:44', '2020-03-31 18:17:44'),
(1056, 'CENTRO DOCENTE RURAL MIXTO SAN JUANITO', 21, 39, '2020-03-31 18:17:48', '2020-03-31 18:17:48'),
(1057, 'CENTRO DOCENTE RURAL MIXTO VILLA HERMOSA', 21, 39, '2020-03-31 18:17:48', '2020-03-31 18:17:48'),
(1058, 'ESC SAN JOSE', 6, 16, '2020-03-31 18:17:52', '2020-03-31 18:17:52'),
(1059, 'EL CENTRO', 21, 442, '2020-03-31 18:17:54', '2020-03-31 18:17:54'),
(1060, 'CENTRO DOCENTE RURAL MIXTO LAGUNA SECA', 23, 238, '2020-03-31 18:18:07', '2020-03-31 18:18:07'),
(1061, 'CENTRO DOCENTE NARCIZO', 21, 39, '2020-03-31 18:18:12', '2020-03-31 18:18:12'),
(1062, 'SANTA BARBARA', 21, 363, '2020-03-31 18:18:21', '2020-03-31 18:18:21'),
(1063, 'ANTONIO JOSE DE SUCRE', 31, 88, '2020-03-31 18:18:35', '2020-03-31 18:18:35'),
(1064, 'PENA BLANCA', 31, 408, '2020-03-31 18:18:37', '2020-03-31 18:18:37'),
(1065, 'LAS LLANADAS', 31, 416, '2020-03-31 18:18:42', '2020-03-31 18:18:42'),
(1066, 'LOS COLORADOS', 31, 479, '2020-03-31 18:18:43', '2020-03-31 18:18:43'),
(1067, 'SALVAVIDAS', 31, 408, '2020-03-31 18:18:44', '2020-03-31 18:18:44'),
(1068, 'EL ZAQUE', 22, 293, '2020-03-31 18:18:45', '2020-03-31 18:18:45'),
(1069, 'QUITETO', 31, 461, '2020-03-31 18:18:52', '2020-03-31 18:18:52'),
(1070, 'EL FRESNO', 31, 369, '2020-03-31 18:18:53', '2020-03-31 18:18:53'),
(1071, 'LA GRANJA', 17, 480, '2020-03-31 18:19:11', '2020-03-31 18:19:11'),
(1072, 'EL EDEN', 17, 370, '2020-03-31 18:19:13', '2020-03-31 18:19:13'),
(1073, 'LA PEDREGOSA', 17, 149, '2020-03-31 18:19:15', '2020-03-31 18:19:15'),
(1074, 'EL CARPINTERO', 17, 149, '2020-03-31 18:19:17', '2020-03-31 18:19:17'),
(1075, 'EL ARADO', 17, 294, '2020-03-31 18:19:17', '2020-03-31 18:19:17'),
(1076, 'EL DORADO', 17, 192, '2020-03-31 18:19:27', '2020-03-31 18:19:27'),
(1077, 'DE NINAS CAJIBIO', 17, 116, '2020-03-31 18:19:34', '2020-03-31 18:19:34'),
(1078, 'LA INDEPENDENCIA', 17, 147, '2020-03-31 18:19:42', '2020-03-31 18:19:42'),
(1079, 'LA PAZ MATAPALO', 17, 147, '2020-03-31 18:19:43', '2020-03-31 18:19:43'),
(1080, 'SAN MIGUEL', 17, 28, '2020-03-31 18:19:44', '2020-03-31 18:19:44'),
(1081, 'EL POTRERITO', 17, 388, '2020-03-31 18:19:46', '2020-03-31 18:19:46'),
(1082, 'LA PRIMAVERA', 17, 388, '2020-03-31 18:19:50', '2020-03-31 18:19:50'),
(1083, 'EL SALADO', 11, 162, '2020-03-31 18:20:36', '2020-03-31 18:20:36'),
(1084, 'LA PEDREGOSA', 11, 158, '2020-03-31 18:20:41', '2020-03-31 18:20:41'),
(1085, 'PASOMALO', 11, 415, '2020-03-31 18:20:43', '2020-03-31 18:20:43'),
(1086, 'RIOSUCIO (SEDE PRINCIPAL)', 11, 481, '2020-03-31 18:20:56', '2020-03-31 18:20:56'),
(1087, 'LIMONCITO MIRRINGA', 11, 158, '2020-03-31 18:21:00', '2020-03-31 18:21:00'),
(1088, 'JUNTAS HUISITO', 11, 14, '2020-03-31 18:21:08', '2020-03-31 18:21:08'),
(1089, 'LA INDEPENDENCIA', 11, 161, '2020-03-31 18:21:16', '2020-03-31 18:21:16'),
(1090, 'LA UNION', 17, 296, '2020-03-31 18:21:31', '2020-03-31 18:21:31'),
(1091, 'LA DIANA', 17, 370, '2020-03-31 18:22:00', '2020-03-31 18:22:00'),
(1092, 'CENTRO DOCENTE RURAL MIXTO VEINTE DE JULIO', 21, 39, '2020-03-31 18:22:20', '2020-03-31 18:22:20'),
(1093, 'ESCUELA RURAL MIXTA EL RINCON', 21, 39, '2020-03-31 18:22:25', '2020-03-31 18:22:25'),
(1094, 'CENTRO DOCENTE RURAL MIXTO EL  VENTIADERO', 21, 39, '2020-03-31 18:22:26', '2020-03-31 18:22:26'),
(1095, 'LLANADAS VILLANUEVA', 22, 262, '2020-03-31 18:22:39', '2020-03-31 18:22:39'),
(1096, 'LA MESA', 37, 131, '2020-03-31 18:22:41', '2020-03-31 18:22:41'),
(1097, 'SALTANEJO', 6, 482, '2020-03-31 18:22:49', '2020-03-31 18:22:49'),
(1098, 'LOMITAS (SEDE PRINCIPAL)', 6, 482, '2020-03-31 18:22:53', '2020-03-31 18:22:53'),
(1099, 'EL ROSARIO', 6, 104, '2020-03-31 18:22:56', '2020-03-31 18:22:56'),
(1100, 'CENTRO DOCENTE RURAL MIXTO VILACHI', 6, 326, '2020-03-31 18:23:04', '2020-03-31 18:23:04'),
(1101, 'EL LLANITO', 6, 228, '2020-03-31 18:23:07', '2020-03-31 18:23:07'),
(1102, 'JOSE EUSTACIO RIVERA', 6, 228, '2020-03-31 18:23:15', '2020-03-31 18:23:15'),
(1103, 'EL PALMICHAL', 6, 227, '2020-03-31 18:23:37', '2020-03-31 18:23:37'),
(1104, 'CENT DOC RUR MIX SAN BOSCO', 6, 327, '2020-03-31 18:23:47', '2020-03-31 18:23:47'),
(1105, 'NUCLEO ESCOLAR INZA', 35, 175, '2020-03-31 18:24:14', '2020-03-31 18:24:14'),
(1106, 'LA PALMERA (SEDE PRINCIPAL)', 13, 413, '2020-03-31 18:24:20', '2020-03-31 18:24:20'),
(1107, 'CAMPO ALEGRE', 13, 320, '2020-03-31 18:24:23', '2020-03-31 18:24:23'),
(1108, 'ESCUELA RURAL MIXTA PUERTO GUAYUYACO', 13, 483, '2020-03-31 18:24:33', '2020-03-31 18:24:33'),
(1109, 'LUCITANIA', 20, 132, '2020-03-31 18:24:39', '2020-03-31 18:24:39'),
(1110, 'CAMPOALEGRE (SEDE PRINCIPAL)', 12, 464, '2020-03-31 18:24:45', '2020-03-31 18:24:45'),
(1111, 'LA POBLACENA', 41, 267, '2020-03-31 18:24:54', '2020-03-31 18:24:54'),
(1112, 'PULIBIO', 21, 284, '2020-03-31 18:24:57', '2020-03-31 18:24:57'),
(1113, 'ESCUELA RURAL MIXTA LA PALMA - CALDONO', 21, 39, '2020-03-31 18:24:58', '2020-03-31 18:24:58'),
(1114, 'LA CRUZ', 17, 465, '2020-03-31 18:25:40', '2020-03-31 18:25:40'),
(1115, 'NUEVA FLORIDA', 17, 149, '2020-03-31 18:25:57', '2020-03-31 18:25:57'),
(1116, 'EL MIRADOR', 31, 369, '2020-03-31 18:26:07', '2020-03-31 18:26:07'),
(1117, 'ESCUELA RURAL MISAK PALERMO', 9, 11, '2020-03-31 18:26:12', '2020-03-31 18:26:12'),
(1118, 'EL CRUCERO', 11, 156, '2020-03-31 18:26:14', '2020-03-31 18:26:14'),
(1119, 'GOLONDRINAS', 11, 159, '2020-03-31 18:26:15', '2020-03-31 18:26:15'),
(1120, 'TAMBORAL', 11, 415, '2020-03-31 18:26:20', '2020-03-31 18:26:20'),
(1121, 'LA LAGUNA DAJUANDO', 11, 427, '2020-03-31 18:26:24', '2020-03-31 18:26:24'),
(1122, 'CHAPA (SEDE PRINCIPAL)', 11, 484, '2020-03-31 18:26:37', '2020-03-31 18:26:37'),
(1123, 'BUENAVISTA (SEDE PRINCIPAL)', 17, 485, '2020-03-31 18:26:39', '2020-03-31 18:26:39'),
(1124, 'AIRES DE OCCIDENTE', 11, 156, '2020-03-31 18:26:45', '2020-03-31 18:26:45'),
(1125, 'TAMAO', 11, 387, '2020-03-31 18:26:50', '2020-03-31 18:26:50'),
(1126, 'CALICHARES', 11, 427, '2020-03-31 18:26:52', '2020-03-31 18:26:52'),
(1127, 'SAN NICOLAS', 25, 113, '2020-03-31 18:27:09', '2020-03-31 18:27:09'),
(1128, 'EL GUASIMO', 25, 113, '2020-03-31 18:27:20', '2020-03-31 18:27:20'),
(1129, 'ESTUDIANTIL GALANIA', 26, 439, '2020-03-31 18:27:25', '2020-03-31 18:27:25'),
(1130, 'BUENAVISTA', 11, 278, '2020-03-31 18:27:56', '2020-03-31 18:27:56'),
(1131, 'EL PORVENIR', 11, 159, '2020-03-31 18:27:58', '2020-03-31 18:27:58'),
(1132, 'VARONES SAN LORENZO', 22, 138, '2020-03-31 18:28:04', '2020-03-31 18:28:04'),
(1133, 'ESCUELA RURAL MIXTA SAN CARLOS', 40, 412, '2020-03-31 18:28:22', '2020-03-31 18:28:22'),
(1134, 'DIAMANTE ALTO', 40, 269, '2020-03-31 18:28:23', '2020-03-31 18:28:23'),
(1135, 'ESCUELA RURAL MIXTA SIGNO CARMELO', 40, 412, '2020-03-31 18:28:24', '2020-03-31 18:28:24'),
(1136, 'CASAS VIEJAS', 2, 44, '2020-03-31 18:28:26', '2020-03-31 18:28:26'),
(1137, 'ESC LA LAGUNA', 18, 325, '2020-03-31 18:28:45', '2020-03-31 18:28:45'),
(1138, 'EL AGUACATILLO', 31, 369, '2020-03-31 18:28:56', '2020-03-31 18:28:56');
INSERT INTO `headquarters` (`id`, `name`, `town_id`, `institution_id`, `created_at`, `updated_at`) VALUES
(1139, 'MIRAFLORES', 36, 374, '2020-03-31 18:28:57', '2020-03-31 18:28:57'),
(1140, 'BAUTISTA', 31, 461, '2020-03-31 18:28:59', '2020-03-31 18:28:59'),
(1141, 'ESCUELA RURAL BODEGA ALTA', 25, 381, '2020-03-31 18:29:39', '2020-03-31 18:29:39'),
(1142, 'LA QUEBRADA', 6, 7, '2020-03-31 18:29:43', '2020-03-31 18:29:43'),
(1143, 'LA ESTACION', 9, 134, '2020-03-31 18:30:19', '2020-03-31 18:30:19'),
(1144, 'LA FLORESTA', 20, 486, '2020-03-31 18:30:22', '2020-03-31 18:30:22'),
(1145, 'MUNDO NUEVO', 20, 468, '2020-03-31 18:30:28', '2020-03-31 18:30:28'),
(1146, 'EL CRUCERO', 20, 467, '2020-03-31 18:30:31', '2020-03-31 18:30:31'),
(1147, 'PEPINAL', 20, 33, '2020-03-31 18:30:38', '2020-03-31 18:30:38'),
(1148, 'LOMA LARGA SAN JOAQUIN', 11, 263, '2020-03-31 18:31:11', '2020-03-31 18:31:11'),
(1149, 'ANTON MORENO', 41, 267, '2020-03-31 18:31:16', '2020-03-31 18:31:16'),
(1150, 'SAN ANTONIO', 26, 487, '2020-03-31 18:31:23', '2020-03-31 18:31:23'),
(1151, 'MESON BAJO', 20, 466, '2020-03-31 18:31:44', '2020-03-31 18:31:44'),
(1152, 'VILLA MARIA', 22, 456, '2020-03-31 18:31:45', '2020-03-31 18:31:45'),
(1153, 'MATA DE PURO', 22, 438, '2020-03-31 18:31:45', '2020-03-31 18:31:45'),
(1154, 'LA SONORA', 13, 21, '2020-03-31 18:31:50', '2020-03-31 18:31:50'),
(1155, 'LOS LLANOS', 10, 197, '2020-03-31 18:31:54', '2020-03-31 18:31:54'),
(1156, 'POTRERITO', 10, 350, '2020-03-31 18:32:00', '2020-03-31 18:32:00'),
(1157, 'CARBONERO', 10, 350, '2020-03-31 18:32:00', '2020-03-31 18:32:00'),
(1158, 'ADOROTES', 10, 350, '2020-03-31 18:32:01', '2020-03-31 18:32:01'),
(1159, 'LA HONDA', 10, 194, '2020-03-31 18:32:05', '2020-03-31 18:32:05'),
(1160, 'SANTA BARBARA', 10, 197, '2020-03-31 18:32:07', '2020-03-31 18:32:07'),
(1161, 'EL PLACER', 10, 401, '2020-03-31 18:36:04', '2020-03-31 18:36:04'),
(1162, 'LA FLORESTA', 40, 269, '2020-03-31 18:36:16', '2020-03-31 18:36:16'),
(1163, 'GUANGUBIO (SEDE PRINCIPAL)', 17, 488, '2020-03-31 18:38:17', '2020-03-31 18:38:17'),
(1164, 'PUENTE ALTO (SEDE PRINCIPAL)', 17, 489, '2020-03-31 18:38:18', '2020-03-31 18:38:18'),
(1165, 'LA FLORIDA', 36, 309, '2020-03-31 18:39:39', '2020-03-31 18:39:39'),
(1166, 'HUECO HONDO', 36, 308, '2020-03-31 18:39:40', '2020-03-31 18:39:40'),
(1167, 'EL ESTORAQUE', 36, 188, '2020-03-31 18:41:09', '2020-03-31 18:41:09'),
(1168, 'ESCUELA RURAL MIXTA SAMARIA', 9, 312, '2020-03-31 18:41:18', '2020-03-31 18:41:18'),
(1169, 'LA COHETERA (SEDE PRINCIPAL)', 17, 490, '2020-03-31 18:41:34', '2020-03-31 18:41:34'),
(1170, 'AZOGUE', 17, 419, '2020-03-31 18:42:49', '2020-03-31 18:42:49'),
(1171, 'RURL LOS CAJONES', 17, 419, '2020-03-31 18:42:50', '2020-03-31 18:42:50'),
(1172, 'EL PORVENIR', 17, 490, '2020-03-31 18:43:41', '2020-03-31 18:43:41'),
(1173, 'LA DESPENSA', 10, 195, '2020-03-31 18:43:58', '2020-03-31 18:43:58'),
(1174, 'BELLO HORIZONTE', 18, 435, '2020-03-31 18:44:51', '2020-03-31 18:44:51'),
(1175, 'LA VIOLETA', 18, 435, '2020-03-31 18:44:53', '2020-03-31 18:44:53'),
(1176, 'ESCUELA RURAL MIXTA CABILDO RUMINAWI', 13, 483, '2020-03-31 18:45:20', '2020-03-31 18:45:20'),
(1177, 'LA TIGRA', 13, 358, '2020-03-31 18:45:21', '2020-03-31 18:45:21'),
(1178, 'CENTRO DOCENTE RURAL INTEGRADO TACUEYUO', 19, 341, '2020-03-31 18:45:29', '2020-03-31 18:45:29'),
(1179, 'SANTA RITA', 13, 21, '2020-03-31 18:45:30', '2020-03-31 18:45:30'),
(1180, 'ITAIBE', 27, 317, '2020-03-31 18:45:48', '2020-03-31 18:45:48'),
(1181, 'TABLON GAVILANES', 37, 129, '2020-03-31 18:46:01', '2020-03-31 18:46:01'),
(1182, 'ERM PIIYA THE WE´SX UUS YAT', 35, 171, '2020-03-31 18:48:36', '2020-03-31 18:48:36'),
(1183, 'GUILLEMO CHILITO', 22, 491, '2020-03-31 18:49:11', '2020-03-31 18:49:11'),
(1184, 'LA CUEVA (SEDE PRINCIPAL)', 22, 454, '2020-03-31 18:49:12', '2020-03-31 18:49:12'),
(1185, 'LA DOMINGA', 22, 436, '2020-03-31 18:49:15', '2020-03-31 18:49:15'),
(1186, 'SAN MIGUEL -PISITAO GRANDE (SEDE PRINCIPAL)', 12, 273, '2020-03-31 18:49:26', '2020-03-31 18:49:26'),
(1187, 'LAS MERCEDES', 27, 338, '2020-03-31 18:49:29', '2020-03-31 18:49:29'),
(1188, 'SANTA TERESITA', 12, 351, '2020-03-31 18:49:51', '2020-03-31 18:49:51'),
(1189, 'MELCHO (SEDE PRINCIPAL)', 12, 492, '2020-03-31 18:49:51', '2020-03-31 18:49:51'),
(1190, 'CENTRO DOCENTE RURAL MIXTO BARONDILLO', 32, 184, '2020-03-31 18:49:59', '2020-03-31 18:49:59'),
(1191, 'EL CERRO', 9, 313, '2020-03-31 18:50:04', '2020-03-31 18:50:04'),
(1192, 'JOSE DE CALDAS EL ENCENILLO', 29, 245, '2020-03-31 18:50:25', '2020-03-31 18:50:25'),
(1193, 'NUEVO HORIZONTE', 20, 493, '2020-03-31 18:50:40', '2020-03-31 18:50:40'),
(1194, 'EL PLAYON', 9, 109, '2020-03-31 18:50:52', '2020-03-31 18:50:52'),
(1195, 'ESCUELA RURAL MIXTA AMBIWASI', 13, 483, '2020-03-31 18:52:48', '2020-03-31 18:52:48'),
(1196, 'ESC RUR MIX SAN ANDRESITO', 13, 483, '2020-03-31 18:53:14', '2020-03-31 18:53:14'),
(1197, 'LA PALMA  CHAUX', 17, 494, '2020-03-31 18:53:44', '2020-03-31 18:53:44'),
(1198, 'LA BRASILIA', 13, 21, '2020-03-31 18:55:19', '2020-03-31 18:55:19'),
(1199, 'ESCUELA RURAL MIXTA ALTO SUSPIZACHA', 13, 483, '2020-03-31 18:55:22', '2020-03-31 18:55:22'),
(1200, 'ESCUELA RURAL MIXTA PARAMILLO #1', 6, 224, '2020-03-31 18:55:31', '2020-03-31 18:55:31'),
(1201, 'CENTRO DOCENTE RURAL MIXTO EL PALMAR', 23, 226, '2020-03-31 18:55:41', '2020-03-31 18:55:41'),
(1202, 'LAS VERANERAS', 14, 153, '2020-03-31 18:56:03', '2020-03-31 18:56:03'),
(1203, 'SAN JORGE', 13, 21, '2020-03-31 18:56:25', '2020-03-31 18:56:25'),
(1204, 'EL AGUACATAL', 30, 78, '2020-03-31 18:57:35', '2020-03-31 18:57:35'),
(1205, 'ESCUELA RURAL MIXTA PARAMILLO N 2', 6, 224, '2020-03-31 18:58:25', '2020-03-31 18:58:25'),
(1206, 'LA LAGUNA', 20, 486, '2020-03-31 18:59:34', '2020-03-31 18:59:34'),
(1207, 'ESCUELA RURAL MIXTA CHICHUCUE', 35, 117, '2020-03-31 19:00:23', '2020-03-31 19:00:23'),
(1208, 'NAPOLES', 13, 320, '2020-03-31 19:01:49', '2020-03-31 19:01:49'),
(1209, 'SANTA CLARA (SEDE PRINCIPAL)', 4, 495, '2020-03-31 19:03:21', '2020-03-31 19:03:21'),
(1210, 'ESCUELA MIXTA DE PAEZ', 6, 326, '2020-03-31 19:03:48', '2020-03-31 19:03:48'),
(1211, 'LA CABANA', 17, 419, '2020-03-31 19:06:10', '2020-03-31 19:06:10'),
(1212, 'CASCAJERO (SEDE PRINCIPAL)', 4, 496, '2020-03-31 19:06:26', '2020-03-31 19:06:26'),
(1213, 'LOS ARRAYANES', 11, 481, '2020-03-31 19:07:00', '2020-03-31 19:07:00'),
(1214, 'EL PORVENIR', 39, 392, '2020-03-31 19:07:02', '2020-03-31 19:07:02'),
(1215, 'TURMINA', 35, 173, '2020-03-31 19:09:41', '2020-03-31 19:09:41'),
(1216, 'ESCUELA RURAL MIXTA MESA DE TOEZ', 27, 97, '2020-03-31 19:10:12', '2020-03-31 19:10:12'),
(1217, 'PISAPASITO (SEDE PRINCIPAL)', 4, 431, '2020-03-31 19:11:52', '2020-03-31 19:11:52'),
(1218, 'CENTRO DOCENTE RURAL MIXTA EL CULEBRERO', 19, 497, '2020-03-31 19:15:10', '2020-03-31 19:15:10'),
(1219, 'ESCUELA RURAL MIXTA LA CALERA', 24, 360, '2020-03-31 19:15:14', '2020-03-31 19:15:14'),
(1220, 'CENTRO DOCENTE RURAL MIXTO MORALES', 25, 399, '2020-03-31 19:16:45', '2020-03-31 19:16:45'),
(1221, 'CONCEPCION DE PALACIOS Y SOJO', 4, 349, '2020-03-31 19:17:18', '2020-03-31 19:17:18'),
(1222, 'CENTRO DOCENTE RURAL MIXTO EL ALBA', 25, 399, '2020-03-31 19:17:19', '2020-03-31 19:17:19'),
(1223, 'EL CABUYAL (SEDE PRINCIPAL)', 21, 498, '2020-03-31 19:17:24', '2020-03-31 19:17:24'),
(1224, 'EL CAIRO', 26, 452, '2020-03-31 19:35:27', '2020-03-31 19:35:27'),
(1225, 'LA DESPENSA', 18, 472, '2020-03-31 19:36:04', '2020-03-31 19:36:04'),
(1226, 'BELEN', 7, 283, '2020-03-31 19:36:08', '2020-03-31 19:36:08'),
(1227, 'EL BOQUERON', 22, 292, '2020-03-31 19:37:45', '2020-03-31 19:37:45'),
(1228, 'ESCUELA RURAL MIXTA LOMA GORDA', 32, 378, '2020-03-31 19:37:48', '2020-03-31 19:37:48'),
(1229, 'HIGUERONES', 39, 444, '2020-03-31 19:38:03', '2020-03-31 19:38:03'),
(1230, 'DOMINGOTE', 39, 444, '2020-03-31 19:38:06', '2020-03-31 19:38:06'),
(1231, 'PARAMILLOS (SEDE PRINCIPAL)', 39, 471, '2020-03-31 19:38:08', '2020-03-31 19:38:08'),
(1232, 'LLACUANAS BAJO', 37, 256, '2020-03-31 19:38:15', '2020-03-31 19:38:15'),
(1233, 'GUILLERMO LEON VALENCIA', 22, 499, '2020-03-31 19:39:11', '2020-03-31 19:39:11'),
(1234, 'GABRIEL LOPEZ', 34, 385, '2020-03-31 19:39:15', '2020-03-31 19:39:15'),
(1235, 'VEGA CANDELARIA', 30, 78, '2020-03-31 19:40:36', '2020-03-31 19:40:36'),
(1236, 'ESCUELA RURAL MIXTA DE LAME', 27, 206, '2020-03-31 19:40:57', '2020-03-31 19:40:57'),
(1237, 'CE EL TABLAZO - SEDE PRINCIPAL', 19, 500, '2020-03-31 19:41:19', '2020-03-31 19:41:19'),
(1238, 'CENTRO DOCENTE RURAL MIXTO BELLAVISTA', 34, 200, '2020-03-31 19:41:58', '2020-03-31 19:41:58'),
(1239, 'LA MANGA PEDREGAL', 35, 170, '2020-03-31 19:42:38', '2020-03-31 19:42:38'),
(1240, 'AGUA BLANCA', 35, 170, '2020-03-31 19:43:07', '2020-03-31 19:43:07'),
(1241, 'EL PEDREGAL', 35, 170, '2020-03-31 19:43:24', '2020-03-31 19:43:24'),
(1242, 'ESCUELA RURAL MIXTA EL HATO CENTRO', 35, 169, '2020-03-31 19:43:33', '2020-03-31 19:43:33'),
(1243, 'BELLAVISTA', 35, 170, '2020-03-31 19:43:49', '2020-03-31 19:43:49'),
(1244, 'SAN PEDRO DE LOS QUINGOS', 35, 173, '2020-03-31 19:44:04', '2020-03-31 19:44:04'),
(1245, 'SEGOVIA', 35, 168, '2020-03-31 19:44:07', '2020-03-31 19:44:07'),
(1246, 'SAN RAFAEL', 35, 304, '2020-03-31 19:44:12', '2020-03-31 19:44:12'),
(1247, 'RIO NEGRO', 35, 175, '2020-03-31 19:44:35', '2020-03-31 19:44:35'),
(1248, 'LA LAGUNITA', 35, 175, '2020-03-31 19:44:36', '2020-03-31 19:44:36'),
(1249, 'SAN FRANCISCO', 35, 303, '2020-03-31 19:44:44', '2020-03-31 19:44:44'),
(1250, 'ESCUELA RURAL MIXTA EL LLANITO', 35, 169, '2020-03-31 19:44:47', '2020-03-31 19:44:47'),
(1251, 'YARUMAL', 35, 279, '2020-03-31 19:44:55', '2020-03-31 19:44:55'),
(1252, 'EL ESCAÑO PARQUE', 35, 168, '2020-03-31 19:45:06', '2020-03-31 19:45:06'),
(1253, 'ESCUELA RURAL MIXTA EL ESCOBAL', 35, 171, '2020-03-31 19:45:08', '2020-03-31 19:45:08'),
(1254, 'SAN ANDRES', 35, 168, '2020-03-31 19:45:29', '2020-03-31 19:45:29'),
(1255, 'EL PALMICHAL', 35, 304, '2020-03-31 19:45:31', '2020-03-31 19:45:31'),
(1256, 'CENTRO DOCENTE RURAL MIXTO LA ALBANIA', 19, 501, '2020-03-31 19:46:30', '2020-03-31 19:46:30'),
(1257, 'CENTRO DOCENTE RURAL MIXTO BUENAVISTA', 19, 502, '2020-03-31 19:46:33', '2020-03-31 19:46:33'),
(1258, 'CENTRO DOCENTE RURAL MIXTO LA HEROICA', 19, 501, '2020-03-31 19:46:34', '2020-03-31 19:46:34'),
(1259, 'CENTRO DOCENTE RURAL MIXTO LA MINA', 19, 352, '2020-03-31 19:46:39', '2020-03-31 19:46:39'),
(1260, 'CENTRO DOCENTE RURAL MIXTO VICHIQUI', 19, 386, '2020-03-31 19:47:07', '2020-03-31 19:47:07'),
(1261, 'CENTRO DOCENTE RURAL MIXTO EL NARANJO', 19, 180, '2020-03-31 19:47:28', '2020-03-31 19:47:28'),
(1262, 'CE SAN FRANCISCO - SEDE PRINCIPAL', 19, 503, '2020-03-31 19:47:55', '2020-03-31 19:47:55'),
(1263, 'ESCUELA RURAL MIXTA EL GALVIAL', 19, 340, '2020-03-31 19:47:57', '2020-03-31 19:47:57'),
(1264, 'ESCUELA RURAL MIXTA GARGANTILLAS', 19, 78, '2020-03-31 19:48:06', '2020-03-31 19:48:06'),
(1265, 'CENTRO DOCENTE RURAL MIXTO EL TRIUNFO', 19, 78, '2020-03-31 19:48:08', '2020-03-31 19:48:08'),
(1266, 'LAS TALLAS', 7, 298, '2020-03-31 19:48:25', '2020-03-31 19:48:25'),
(1267, 'ESCUELA RURAL MIXTA VICANENGA', 27, 97, '2020-03-31 19:48:36', '2020-03-31 19:48:36'),
(1268, 'SAN JUAN DE LA FLORIDA (SEDE PRINCIPAL)', 20, 466, '2020-03-31 19:51:35', '2020-03-31 19:51:35'),
(1269, 'LA BALSA', 4, 139, '2020-03-31 19:51:40', '2020-03-31 19:51:40'),
(1270, 'SAN CAYETANO', 12, 32, '2020-03-31 19:53:09', '2020-03-31 19:53:09'),
(1271, 'CENTRO DOCENTE RURAL MIXTA PAVITAS', 6, 326, '2020-03-31 19:53:13', '2020-03-31 19:53:13'),
(1272, 'CENTRO EDUCATIVO ASNENGA', 23, 236, '2020-03-31 19:54:22', '2020-03-31 19:54:22'),
(1273, 'ESCUELA RURAL MIXTA AGUA CLARA', 4, 440, '2020-03-31 19:54:24', '2020-03-31 19:54:24'),
(1274, 'CERRO PELADO BAJO', 22, 504, '2020-03-31 19:54:31', '2020-03-31 19:54:31'),
(1275, 'CENTRO DOCENTE RURAL MIXTO PUENTE QUEMADO', 19, 500, '2020-03-31 19:54:36', '2020-03-31 19:54:36'),
(1276, 'EL TUNEL (SEDE PRINCIPAL)', 33, 505, '2020-03-31 19:55:50', '2020-03-31 19:55:50'),
(1277, 'LA AGUSTINA (SEDE PRINCIPAL)', 6, 424, '2020-03-31 19:55:51', '2020-03-31 19:55:51'),
(1278, 'LA DEPRESION', 33, 135, '2020-03-31 19:55:52', '2020-03-31 19:55:52'),
(1279, 'LA CUCHILLA', 11, 156, '2020-03-31 19:56:40', '2020-03-31 19:56:40'),
(1280, 'ESPERANZAS DE MAYO', 10, 195, '2020-03-31 19:57:12', '2020-03-31 19:57:12'),
(1281, 'ESCUELA RURAL MIXTA EL DEPOSITO', 30, 382, '2020-03-31 19:58:18', '2020-03-31 19:58:18'),
(1282, 'SAN VICENTE (SEDE PRINCIPAL)', 1, 337, '2020-03-31 20:02:14', '2020-03-31 20:02:14'),
(1283, 'ESCUELA RURAL MIXTA PISIMBALA', 35, 169, '2020-03-31 20:02:18', '2020-03-31 20:02:18'),
(1284, 'CENTRO DOCENTE RURAL MIXTO HATO VIEJO', 34, 254, '2020-03-31 20:03:17', '2020-03-31 20:03:17'),
(1285, 'BALSITAS (SEDE PRINCIPAL)', 1, 409, '2020-03-31 20:03:23', '2020-03-31 20:03:23'),
(1286, 'ESCUELA RURAL MIXTA EL ALTO', 39, 222, '2020-03-31 20:04:31', '2020-03-31 20:04:31'),
(1287, 'LA UNION', 8, 506, '2020-03-31 20:04:49', '2020-03-31 20:04:49'),
(1288, 'ESCUELA RURAL MIXTA PUENTE REAL', 23, 237, '2020-03-31 20:06:05', '2020-03-31 20:06:05'),
(1289, 'CE SAN PEDRO - PEÑA DEL CORAZON', 23, 237, '2020-03-31 20:06:49', '2020-03-31 20:06:49'),
(1290, 'SABALETAS MICAY', 11, 20, '2020-03-31 20:09:55', '2020-03-31 20:09:55'),
(1291, 'EL ENCANTO', 20, 287, '2020-03-31 20:14:56', '2020-03-31 20:14:56'),
(1292, 'PUENTETIERRA', 20, 486, '2020-03-31 20:15:59', '2020-03-31 20:15:59'),
(1293, 'JOSE MARIA CORDOBA (SEDE PRINCIPAL)', 20, 486, '2020-03-31 20:16:08', '2020-03-31 20:16:08'),
(1294, 'ESCUELA RURAL MIXTA CERRO ALTO', 37, 125, '2020-03-31 20:16:10', '2020-03-31 20:16:10'),
(1295, 'EL CIRUELAL', 11, 427, '2020-03-31 20:20:05', '2020-03-31 20:20:05'),
(1296, 'ESCUELA RURAL MIXTA LA ELVIRA', 4, 140, '2020-03-31 20:20:36', '2020-03-31 20:20:36'),
(1297, 'GABRIEL MANRIQUE', 4, 349, '2020-03-31 20:21:51', '2020-03-31 20:21:51'),
(1298, 'ESCUELA RURAL MIXTA SAN FRANCISCO LA VUELTA', 2, 212, '2020-03-31 20:22:28', '2020-03-31 20:22:28'),
(1299, 'CAMPO BELLO ALTO (SEDE PRINCIPAL)', 26, 441, '2020-03-31 20:25:30', '2020-03-31 20:25:30'),
(1300, 'ESCUELA RURAL MIXTA ISLA DEL MONO', 2, 74, '2020-03-31 20:25:53', '2020-03-31 20:25:53'),
(1301, 'JOANICO', 1, 8, '2020-03-31 20:27:33', '2020-03-31 20:27:33'),
(1302, 'EL SOCORRO', 21, 50, '2020-03-31 20:28:30', '2020-03-31 20:28:30'),
(1303, 'HUECO LINDO', 20, 217, '2020-03-31 20:28:39', '2020-03-31 20:28:39'),
(1304, 'LAS CHULAS', 7, 9, '2020-03-31 20:29:02', '2020-03-31 20:29:02'),
(1305, 'CHONDURAL', 7, 507, '2020-03-31 20:32:05', '2020-03-31 20:32:05'),
(1306, 'FLORENCIA (SEDE PRINCIPAL)', 34, 508, '2020-03-31 20:34:13', '2020-03-31 20:34:13'),
(1307, 'CENTRO DOCENTE RURAL MIXTO EL VOLADERO', 32, 181, '2020-03-31 20:35:39', '2020-03-31 20:35:39'),
(1308, 'PUERTO VALENCIA', 35, 371, '2020-03-31 20:38:56', '2020-03-31 20:38:56'),
(1309, 'EL HOGAR (SEDE PRINCIPAL)', 12, 509, '2020-03-31 20:39:03', '2020-03-31 20:39:03'),
(1310, 'FRANCISCO JOSE DE CALDAS', 23, 233, '2020-03-31 20:39:29', '2020-03-31 20:39:29'),
(1311, 'HONDURAS', 11, 20, '2020-03-31 20:39:49', '2020-03-31 20:39:49'),
(1312, 'CE SAN DIEGO - SEDE PRINCIPAL', 19, 501, '2020-03-31 20:39:54', '2020-03-31 20:39:54'),
(1313, 'NUEVA LA PAMPA', 1, 8, '2020-03-31 20:40:00', '2020-03-31 20:40:00'),
(1314, 'CENTRO DOCENTE RURAL MIXTO BELEN', 19, 386, '2020-03-31 20:40:35', '2020-03-31 20:40:35'),
(1315, 'BUENOS AIRES', 40, 231, '2020-03-31 20:40:39', '2020-03-31 20:40:39'),
(1316, 'CENTRO DOCENTE MIXTO RIO NEGRO', 30, 382, '2020-03-31 20:41:55', '2020-03-31 20:41:55'),
(1317, 'TAMINANGO (SEDE PRINCIPAL)', 6, 367, '2020-03-31 20:42:00', '2020-03-31 20:42:00'),
(1318, 'ESCUELA RURAL MIXTA SAGRADO CORAZON', 23, 331, '2020-03-31 20:42:16', '2020-03-31 20:42:16'),
(1319, 'EL SILENCIO', 22, 504, '2020-03-31 20:42:25', '2020-03-31 20:42:25'),
(1320, 'EL HATO', 35, 168, '2020-03-31 20:42:50', '2020-03-31 20:42:50'),
(1321, 'ESCUELA RURAL MIXTA LA MESA DE TOGOIMA', 27, 202, '2020-03-31 20:42:57', '2020-03-31 20:42:57'),
(1322, 'TABLONCITO', 7, 213, '2020-03-31 20:46:05', '2020-03-31 20:46:05'),
(1323, 'SACHAMATES', 7, 213, '2020-03-31 20:47:06', '2020-03-31 20:47:06'),
(1324, 'CENTRO DOCENTE RURAL MIXTO PARAMO AMOLADERO', 23, 410, '2020-03-31 20:47:54', '2020-03-31 20:47:54'),
(1325, 'EL PORVENIR', 7, 353, '2020-03-31 20:48:14', '2020-03-31 20:48:14'),
(1326, 'ALTO DEL PALO', 25, 257, '2020-03-31 20:48:53', '2020-03-31 20:48:53'),
(1327, 'REDONDITO', 2, 43, '2020-03-31 20:50:21', '2020-03-31 20:50:21'),
(1328, 'COROZAL', 3, 167, '2020-03-31 20:51:07', '2020-03-31 20:51:07'),
(1329, 'LOS ALPES', 17, 145, '2020-03-31 20:52:03', '2020-03-31 20:52:03'),
(1330, 'EL HOYO', 11, 158, '2020-03-31 20:52:54', '2020-03-31 20:52:54'),
(1331, 'MITA EL SALADITO', 7, 213, '2020-03-31 20:52:56', '2020-03-31 20:52:56'),
(1332, 'ESCUELA RURAL MIXTA RIO NEGRO', 36, 143, '2020-03-31 20:52:57', '2020-03-31 20:52:57'),
(1333, 'EL COCAL', 10, 194, '2020-03-31 20:53:47', '2020-03-31 20:53:47'),
(1334, 'CALIFORNIA', 12, 400, '2020-03-31 20:53:54', '2020-03-31 20:53:54'),
(1335, 'NUEVA MICAELITA', 1, 447, '2020-03-31 20:55:00', '2020-03-31 20:55:00'),
(1336, 'CENTRO DOCENTE BILING`E MARIPOSAS', 23, 510, '2020-03-31 20:56:20', '2020-03-31 20:56:20'),
(1337, 'CENTRO DOCENTE RURAL MIXTO TOGUENGO', 23, 236, '2020-03-31 20:56:22', '2020-03-31 20:56:22'),
(1338, 'CENTRO DOCENTE EL ROBLAR', 23, 331, '2020-03-31 20:56:29', '2020-03-31 20:56:29'),
(1339, 'CENTRO DOCENTE RURAL MIXTA LA PALMA', 34, 107, '2020-03-31 20:56:34', '2020-03-31 20:56:34'),
(1340, 'ESCUELA RURAL EL COFRE AMBALO', 23, 127, '2020-03-31 20:56:36', '2020-03-31 20:56:36'),
(1341, 'NINAS SAN PEDRO', 23, 234, '2020-03-31 20:56:36', '2020-03-31 20:56:36'),
(1342, 'LA VENTICA', 21, 442, '2020-03-31 20:56:40', '2020-03-31 20:56:40'),
(1343, 'CE TUMBURAO - SEDE PRINCIPAL', 23, 511, '2020-03-31 20:56:41', '2020-03-31 20:56:41'),
(1344, 'CENTRO DOCENTE RURAL MIXTO SAN PEDRO EL BOSQUE', 23, 127, '2020-03-31 20:56:48', '2020-03-31 20:56:48'),
(1345, 'CENTRO DOCENTE RURAL MIXTO QUIZGO', 23, 331, '2020-03-31 20:56:50', '2020-03-31 20:56:50'),
(1346, 'CENTRO DOCENTE RURAL MIXTO CAPARROSA', 23, 510, '2020-03-31 20:56:53', '2020-03-31 20:56:53'),
(1347, 'CE NAZARETH - SEDE PRINCIPAL', 23, 510, '2020-03-31 20:56:56', '2020-03-31 20:56:56'),
(1348, 'LA INDEPENDENCIA', 12, 453, '2020-03-31 20:56:59', '2020-03-31 20:56:59'),
(1349, 'CENTRO DOCENTE BILINGUE EL MANZANAL', 23, 331, '2020-03-31 20:57:02', '2020-03-31 20:57:02'),
(1350, 'CENTRO DOCENTE CHULUAMBO', 23, 331, '2020-03-31 20:57:08', '2020-03-31 20:57:08'),
(1351, 'ADRIANO MUNOZ', 23, 179, '2020-03-31 20:57:09', '2020-03-31 20:57:09'),
(1352, 'CENTRO DOCENTE RURAL MIXTO EL GUAICO ALIZAL SIBERIA', 21, 39, '2020-03-31 20:57:16', '2020-03-31 20:57:16'),
(1353, 'CENTRO DOCENTE LOMA DEL CARMEN', 23, 238, '2020-03-31 20:57:17', '2020-03-31 20:57:17'),
(1354, 'ESCUELA RURAL MIXTO AGOYAN', 23, 127, '2020-03-31 20:57:34', '2020-03-31 20:57:34'),
(1355, 'ESCUELA ALTAMIRA QUICHAYA', 23, 226, '2020-03-31 20:57:35', '2020-03-31 20:57:35'),
(1356, 'CENTRO DOCENTE RURAL MIXTO EL TABLON', 23, 127, '2020-03-31 20:57:51', '2020-03-31 20:57:51'),
(1357, 'EL TRIUNFO', 7, 213, '2020-03-31 20:59:54', '2020-03-31 20:59:54'),
(1358, 'TAMBORAL', 7, 318, '2020-03-31 21:00:18', '2020-03-31 21:00:18'),
(1359, 'CENTRO DOCENTE RURAL EL PARNAZO', 6, 326, '2020-03-31 21:00:51', '2020-03-31 21:00:51'),
(1360, 'EL PLACER  BAJO', 7, 298, '2020-03-31 21:00:59', '2020-03-31 21:00:59'),
(1361, 'FLORALIA', 7, 298, '2020-03-31 21:01:05', '2020-03-31 21:01:05'),
(1362, 'ESCUELA RURAL MIXTA RIO AZUL', 4, 361, '2020-03-31 21:01:27', '2020-03-31 21:01:27'),
(1363, 'NUEVA SAN ANTONIO NAPI', 1, 62, '2020-03-31 21:02:19', '2020-03-31 21:02:19'),
(1364, 'SAN CARLOS (SEDE PRINCIPAL)', 16, 426, '2020-03-31 21:02:22', '2020-03-31 21:02:22'),
(1365, 'LA ROMELIA', 11, 398, '2020-03-31 21:02:33', '2020-03-31 21:02:33'),
(1366, 'SAN ISIDRO', 13, 21, '2020-03-31 21:02:56', '2020-03-31 21:02:56'),
(1367, 'RICAURTE', 17, 145, '2020-03-31 21:03:10', '2020-03-31 21:03:10'),
(1368, 'LA VENTICA', 36, 120, '2020-03-31 21:03:53', '2020-03-31 21:03:53'),
(1369, 'LA PAULINA', 7, 213, '2020-03-31 21:07:21', '2020-03-31 21:07:21'),
(1370, 'CE SAN BARTOLO - SEDE PRINCIPAL', 30, 512, '2020-03-31 21:07:41', '2020-03-31 21:07:41'),
(1371, 'LOS ARADOS', 12, 509, '2020-03-31 21:08:06', '2020-03-31 21:08:06'),
(1372, 'LOS FARALLONES', 12, 351, '2020-03-31 21:08:07', '2020-03-31 21:08:07'),
(1373, 'MATECANA', 12, 18, '2020-03-31 21:08:08', '2020-03-31 21:08:08'),
(1374, 'CAMILO TORRES', 12, 453, '2020-03-31 21:09:01', '2020-03-31 21:09:01'),
(1375, 'EL DIVISO', 12, 400, '2020-03-31 21:09:20', '2020-03-31 21:09:20'),
(1376, 'CE LAS DELICIAS', 23, 237, '2020-03-31 21:09:24', '2020-03-31 21:09:24'),
(1377, 'CENTRO DOCENTE MIXTA JUAN DE DIOS (BUJIOS)', 23, 237, '2020-03-31 21:09:24', '2020-03-31 21:09:24'),
(1378, 'LIMA', 22, 449, '2020-03-31 21:10:07', '2020-03-31 21:10:07'),
(1379, 'SAN JOAQUIN', 10, 197, '2020-03-31 21:10:14', '2020-03-31 21:10:14'),
(1380, 'TABLONCITO', 10, 350, '2020-03-31 21:11:02', '2020-03-31 21:11:02'),
(1381, 'CAMPO BELLO BAJO (SEDE PRINCIPAL)', 26, 439, '2020-03-31 21:11:55', '2020-03-31 21:11:55'),
(1382, 'ANTONIA SANTOS', 38, 166, '2020-03-31 21:13:41', '2020-03-31 21:13:41'),
(1383, 'EL RETIRO', 20, 395, '2020-03-31 21:13:45', '2020-03-31 21:13:45'),
(1384, 'EL JARDIN', 26, 35, '2020-03-31 21:13:47', '2020-03-31 21:13:47'),
(1385, 'LA PALMA (SEDE PRINCIPAL)', 26, 451, '2020-03-31 21:13:52', '2020-03-31 21:13:52'),
(1386, 'SAN JOAQUIN', 11, 263, '2020-03-31 21:14:09', '2020-03-31 21:14:09'),
(1387, 'LA MARQUEZA', 26, 487, '2020-03-31 21:14:13', '2020-03-31 21:14:13'),
(1388, 'PAN DE AZUCAR', 7, 215, '2020-03-31 21:14:16', '2020-03-31 21:14:16'),
(1389, 'LA CABAÑA (SEDE PRINCIPAL)', 26, 487, '2020-03-31 21:14:18', '2020-03-31 21:14:18'),
(1390, 'PEDRO ANTONIO GARCIA', 26, 288, '2020-03-31 21:14:49', '2020-03-31 21:14:49'),
(1391, 'SAN ALFONSO', 26, 372, '2020-03-31 21:14:58', '2020-03-31 21:14:58'),
(1392, 'CABUYO BAJO (SEDE PRINCIPAL)', 26, 421, '2020-03-31 21:15:02', '2020-03-31 21:15:02'),
(1393, 'LA PRADERA', 26, 421, '2020-03-31 21:15:07', '2020-03-31 21:15:07'),
(1394, 'MAMACONDE', 26, 348, '2020-03-31 21:15:22', '2020-03-31 21:15:22'),
(1395, 'LOS ANDES (SEDE PRINCIPAL)', 26, 35, '2020-03-31 21:15:24', '2020-03-31 21:15:24'),
(1396, 'CENTRO DOCENTE AGUA BLANCA', 28, 333, '2020-03-31 21:16:27', '2020-03-31 21:16:27'),
(1397, 'EL ROSAL', 9, 513, '2020-03-31 21:16:32', '2020-03-31 21:16:32'),
(1398, 'ESCUELA RURAL MIXTA LOS ANDES', 9, 312, '2020-03-31 21:16:43', '2020-03-31 21:16:43'),
(1399, 'EL ALTILLO', 18, 472, '2020-03-31 21:17:01', '2020-03-31 21:17:01'),
(1400, 'LAS YERBAS', 18, 394, '2020-03-31 21:17:04', '2020-03-31 21:17:04'),
(1401, 'LOS ARBOLES (SEDE PRINCIPAL)', 33, 514, '2020-03-31 21:17:32', '2020-03-31 21:17:32'),
(1402, 'ESCUELA CHORERA BLANCA', 9, 280, '2020-03-31 21:18:08', '2020-03-31 21:18:08'),
(1403, 'ESCUELA RURAL MIXTA CHIRRIADERO', 9, 126, '2020-03-31 21:18:10', '2020-03-31 21:18:10'),
(1404, 'NUESTRA SEÑORA DEL ROSARIO', 21, 50, '2020-03-31 21:19:28', '2020-03-31 21:19:28'),
(1405, 'LA LAGUNA (SEDE PRINCIPAL)', 21, 430, '2020-03-31 21:19:36', '2020-03-31 21:19:36'),
(1406, 'CASAS NUEVAS', 41, 241, '2020-03-31 21:20:14', '2020-03-31 21:20:14'),
(1407, 'EL CARMEN', 41, 278, '2020-03-31 21:20:43', '2020-03-31 21:20:43'),
(1408, 'SAN RAFAEL', 6, 7, '2020-03-31 21:21:18', '2020-03-31 21:21:18'),
(1409, 'LAS BADEAS', 28, 390, '2020-03-31 21:21:38', '2020-03-31 21:21:38'),
(1410, 'VISTA HERMOSA', 28, 404, '2020-03-31 21:21:43', '2020-03-31 21:21:43'),
(1411, 'PUEBLO NUEVO', 28, 404, '2020-03-31 21:21:44', '2020-03-31 21:21:44'),
(1412, 'SAN VICENTE', 28, 404, '2020-03-31 21:21:46', '2020-03-31 21:21:46'),
(1413, 'SAN JOAQUIN', 4, 495, '2020-03-31 21:21:48', '2020-03-31 21:21:48'),
(1414, 'LA TURBINA', 28, 404, '2020-03-31 21:22:08', '2020-03-31 21:22:08'),
(1415, 'LOS PINOS', 28, 243, '2020-03-31 21:22:10', '2020-03-31 21:22:10'),
(1416, 'YOLOMBO', 28, 120, '2020-03-31 21:22:19', '2020-03-31 21:22:19'),
(1417, 'GELIMA', 28, 120, '2020-03-31 21:22:34', '2020-03-31 21:22:34'),
(1418, 'CENTRO DOCENTE ALTO MORENO', 34, 252, '2020-03-31 21:24:49', '2020-03-31 21:24:49'),
(1419, 'CENTRO DOCENTE RURAL MIXTA LOMA DEL MEDIO', 34, 343, '2020-03-31 21:24:52', '2020-03-31 21:24:52'),
(1420, 'CENTRO DOCENTE RURAL MIXTA LA PALIZADA', 34, 343, '2020-03-31 21:25:00', '2020-03-31 21:25:00'),
(1421, 'ESCUELA NASA FXIW WESX UUS CXAHCXA YAAKNA FXIZENI YAT', 9, 11, '2020-03-31 21:25:07', '2020-03-31 21:25:07'),
(1422, 'BELLAVISTA', 38, 515, '2020-03-31 21:26:05', '2020-03-31 21:26:05'),
(1423, 'LA PLAYA', 36, 188, '2020-03-31 21:26:24', '2020-03-31 21:26:24'),
(1424, 'ESCUELA RURAL MIXTA QUEBRADILLAS', 37, 125, '2020-03-31 21:26:31', '2020-03-31 21:26:31'),
(1425, 'VILLANUEVA', 7, 266, '2020-03-31 21:26:39', '2020-03-31 21:26:39'),
(1426, 'GUAYABAL', 36, 309, '2020-03-31 21:26:51', '2020-03-31 21:26:51'),
(1427, 'ESCUELA RURAL MIXTA LOS CIRUELOS', 36, 307, '2020-03-31 21:26:54', '2020-03-31 21:26:54'),
(1428, 'PALOVERDE', 7, 319, '2020-03-31 21:28:00', '2020-03-31 21:28:00'),
(1429, 'LOS TIGRES', 22, 292, '2020-03-31 21:28:55', '2020-03-31 21:28:55'),
(1430, 'SAN ANTONIO', 22, 455, '2020-03-31 21:29:00', '2020-03-31 21:29:00'),
(1431, 'LA ZANJA', 22, 450, '2020-03-31 21:29:09', '2020-03-31 21:29:09'),
(1432, 'LOS ARRAYANES', 22, 291, '2020-03-31 21:29:21', '2020-03-31 21:29:21'),
(1433, 'LA CHORRERA', 22, 449, '2020-03-31 21:29:45', '2020-03-31 21:29:45'),
(1434, 'MOSQUERILLO', 22, 292, '2020-03-31 21:29:56', '2020-03-31 21:29:56'),
(1435, 'ESCUELA RURAL MIXTA LA PLAYA DE SAN JUAN', 22, 477, '2020-03-31 21:30:11', '2020-03-31 21:30:11'),
(1436, 'BAJO LLANO', 22, 516, '2020-03-31 21:30:19', '2020-03-31 21:30:19'),
(1437, 'LAS DANTAS (SEDE PRINCIPAL)', 22, 450, '2020-03-31 21:30:33', '2020-03-31 21:30:33'),
(1438, 'EL SAUCE', 22, 455, '2020-03-31 21:30:59', '2020-03-31 21:30:59'),
(1439, 'LA PLAYA DE SAN JORGE', 22, 293, '2020-03-31 21:31:00', '2020-03-31 21:31:00'),
(1440, 'MUNCHIQUE (SEDE PRINCIPAL)', 4, 517, '2020-03-31 21:31:27', '2020-03-31 21:31:27'),
(1441, 'ALTO DEL CARMEN', 27, 317, '2020-03-31 21:35:30', '2020-03-31 21:35:30'),
(1442, 'RIOCHIQUITO', 27, 338, '2020-03-31 21:35:32', '2020-03-31 21:35:32'),
(1443, 'MANSALLA', 11, 368, '2020-03-31 21:35:38', '2020-03-31 21:35:38'),
(1444, 'ALTAMIRA', 9, 109, '2020-03-31 21:35:41', '2020-03-31 21:35:41'),
(1445, 'SENOR DE LOS MILAGROS', 4, 518, '2020-03-31 21:35:43', '2020-03-31 21:35:43'),
(1446, 'SAN CRISTOBAL', 9, 268, '2020-03-31 21:35:51', '2020-03-31 21:35:51'),
(1447, 'LA VEGA', 9, 313, '2020-03-31 21:36:12', '2020-03-31 21:36:12'),
(1448, 'EL SECADERO', 41, 278, '2020-03-31 21:36:54', '2020-03-31 21:36:54'),
(1449, 'SAN JOSE LA LAGUNA', 17, 294, '2020-03-31 21:37:04', '2020-03-31 21:37:04'),
(1450, 'ESCUELA RURAL MIXTA LA HONDURA', 27, 204, '2020-03-31 21:37:12', '2020-03-31 21:37:12'),
(1451, 'CENTRO DOCENTE RURAL MIXTO UNION PANAMERICANA', 21, 39, '2020-03-31 21:37:53', '2020-03-31 21:37:53'),
(1452, 'ESCUELA RURAL MIXTA ALTO DE LAS PALMAS', 36, 143, '2020-03-31 21:38:17', '2020-03-31 21:38:17'),
(1453, 'LADERAS', 22, 516, '2020-03-31 21:38:19', '2020-03-31 21:38:19'),
(1454, 'SAN ANTONIO DEL SILENCIO (SEDE PRINCIPAL)', 22, 504, '2020-03-31 21:38:21', '2020-03-31 21:38:21'),
(1455, 'NOVILLEROS EL CUCHO', 22, 47, '2020-03-31 21:38:27', '2020-03-31 21:38:27'),
(1456, 'GUAYACANES', 22, 499, '2020-03-31 21:38:31', '2020-03-31 21:38:31'),
(1457, 'ALTO LLANO (SEDE PRINCIPAL)', 22, 516, '2020-03-31 21:38:33', '2020-03-31 21:38:33'),
(1458, 'MELCHOR VIEJO', 22, 47, '2020-03-31 21:38:37', '2020-03-31 21:38:37'),
(1459, 'LA RESINA', 37, 256, '2020-03-31 21:38:53', '2020-03-31 21:38:53'),
(1460, 'MONTAÑITAS', 22, 456, '2020-03-31 21:38:56', '2020-03-31 21:38:56'),
(1461, 'FLORIDA BAJA', 22, 138, '2020-03-31 21:39:07', '2020-03-31 21:39:07'),
(1462, 'EL NARANJAL', 26, 289, '2020-03-31 21:39:10', '2020-03-31 21:39:10'),
(1463, 'SAN FRANCISCO DE ASIS', 22, 285, '2020-03-31 21:39:13', '2020-03-31 21:39:13'),
(1464, 'EL JUNCAL', 22, 292, '2020-03-31 21:39:14', '2020-03-31 21:39:14'),
(1465, 'AGUAS FRESCAS', 22, 262, '2020-03-31 21:39:17', '2020-03-31 21:39:17'),
(1466, 'EL COCAL', 22, 516, '2020-03-31 21:39:20', '2020-03-31 21:39:20'),
(1467, 'SANTA ROSA', 40, 230, '2020-03-31 21:39:36', '2020-03-31 21:39:36'),
(1468, 'ESCUELA RURAL MIXTA EL ENCANTO', 40, 429, '2020-03-31 21:39:41', '2020-03-31 21:39:41'),
(1469, 'PAMBILAL (SEDE PRINCIPAL)', 20, 33, '2020-03-31 21:39:42', '2020-03-31 21:39:42'),
(1470, 'LA PETROLERA', 40, 445, '2020-03-31 21:39:48', '2020-03-31 21:39:48'),
(1471, 'SAJONIA', 40, 231, '2020-03-31 21:39:49', '2020-03-31 21:39:49'),
(1472, 'CURIACO', 40, 423, '2020-03-31 21:39:50', '2020-03-31 21:39:50'),
(1473, 'LA ESPERANZA  SANTA CRUZ', 7, 215, '2020-03-31 21:40:28', '2020-03-31 21:40:28'),
(1474, 'ESCUELA RURAL MIXTA EL RODEO', 27, 448, '2020-03-31 21:40:59', '2020-03-31 21:40:59'),
(1475, 'CENTRO DOCENTE ALTO SAN FRANCISCO', 6, 329, '2020-03-31 21:41:16', '2020-03-31 21:41:16'),
(1476, 'CENTRO DOCENTE LA LAGUNA', 32, 378, '2020-03-31 21:41:32', '2020-03-31 21:41:32'),
(1477, 'CENTRO DOCENTE EL MACO', 32, 184, '2020-03-31 21:42:06', '2020-03-31 21:42:06'),
(1478, 'UNION HATILLO', 9, 109, '2020-03-31 21:42:44', '2020-03-31 21:42:44'),
(1479, 'CENTRO DOCENTE EL AGUILA', 6, 326, '2020-03-31 21:42:45', '2020-03-31 21:42:45'),
(1480, 'MANDIVA', 6, 519, '2020-03-31 21:42:46', '2020-03-31 21:42:46'),
(1481, 'SAN RAFAEL (SEDE PRINCIPAL)', 9, 513, '2020-03-31 21:43:19', '2020-03-31 21:43:19'),
(1482, 'POPAYAN CHIQUITO', 39, 462, '2020-03-31 21:43:51', '2020-03-31 21:43:51'),
(1483, 'ESCUELA RURAL MIXTA BELLA VISTA', 39, 222, '2020-03-31 21:44:07', '2020-03-31 21:44:07'),
(1484, 'ESCUELA RURAL MIXTA LA FLORIDA', 39, 222, '2020-03-31 21:44:10', '2020-03-31 21:44:10'),
(1485, 'ESCUELA RURAL MIXTA CRUZ CHIQUITA', 39, 222, '2020-03-31 21:44:18', '2020-03-31 21:44:18'),
(1486, 'CENTRO DOCENTE ESCUELA LA ODISEA', 32, 378, '2020-03-31 21:44:41', '2020-03-31 21:44:41'),
(1487, 'CENTRO RURAL EL POBLADO', 25, 399, '2020-03-31 21:44:47', '2020-03-31 21:44:47'),
(1488, 'ESCUELA RURAL MIXTA CIMARRONAS NUEVA GRANADA', 22, 520, '2020-03-31 21:45:13', '2020-03-31 21:45:13'),
(1489, 'EL RODEO (SEDE PRINCIPAL)', 39, 444, '2020-03-31 21:45:15', '2020-03-31 21:45:15'),
(1490, 'NARANJOS', 39, 444, '2020-03-31 21:45:19', '2020-03-31 21:45:19'),
(1491, 'VALLE JAMBIMBAL', 39, 444, '2020-03-31 21:45:23', '2020-03-31 21:45:23'),
(1492, 'EL CAIRO', 36, 188, '2020-03-31 21:45:51', '2020-03-31 21:45:51'),
(1493, 'LA FUENTE', 22, 456, '2020-03-31 21:45:56', '2020-03-31 21:45:56'),
(1494, 'ESCUELA RURAL MIXTA DE PANCHE', 22, 520, '2020-03-31 21:46:00', '2020-03-31 21:46:00'),
(1495, 'CENTRO DOCENTE RURAL MIXTO LA PALMA', 32, 181, '2020-03-31 21:46:10', '2020-03-31 21:46:10'),
(1496, 'ESCUELA RURAL MIXTA EL PORVENIR', 32, 181, '2020-03-31 21:46:39', '2020-03-31 21:46:39'),
(1497, 'ESCUELA RURAL MIXTA EL MIRADOR', 27, 209, '2020-03-31 21:47:11', '2020-03-31 21:47:11'),
(1498, 'SAMBONI ALTO (SEDE PRINCIPAL)', 29, 521, '2020-03-31 21:47:47', '2020-03-31 21:47:47'),
(1499, 'URUBAMBA', 29, 521, '2020-03-31 21:48:17', '2020-03-31 21:48:17'),
(1500, 'EL HATO', 29, 521, '2020-03-31 21:48:31', '2020-03-31 21:48:31'),
(1501, 'MARCO FIDEL SUAREZ', 29, 122, '2020-03-31 21:48:48', '2020-03-31 21:48:48'),
(1502, 'EL AMPARO', 28, 243, '2020-03-31 21:49:01', '2020-03-31 21:49:01'),
(1503, 'PUERTICAS', 22, 47, '2020-03-31 21:49:45', '2020-03-31 21:49:45'),
(1504, 'MARTINEZ', 22, 47, '2020-03-31 21:49:46', '2020-03-31 21:49:46'),
(1505, 'LAS ESTRELLAS', 41, 239, '2020-03-31 21:50:09', '2020-03-31 21:50:09'),
(1506, 'LA MINA', 3, 72, '2020-03-31 21:51:18', '2020-03-31 21:51:18'),
(1507, 'EL PUENTE', 37, 131, '2020-03-31 21:52:02', '2020-03-31 21:52:02'),
(1508, 'CHORRILLOS', 37, 128, '2020-03-31 21:52:22', '2020-03-31 21:52:22'),
(1509, 'LAS MORAS', 37, 434, '2020-03-31 21:52:25', '2020-03-31 21:52:25'),
(1510, 'BUENA VISTA', 37, 128, '2020-03-31 21:52:28', '2020-03-31 21:52:28'),
(1511, 'LA MANGA', 37, 437, '2020-03-31 21:52:33', '2020-03-31 21:52:33'),
(1512, 'EL MERMEJAL', 37, 434, '2020-03-31 21:52:40', '2020-03-31 21:52:40'),
(1513, 'LA YUNGA', 37, 256, '2020-03-31 21:53:04', '2020-03-31 21:53:04'),
(1514, 'JORDAN', 37, 128, '2020-03-31 21:53:29', '2020-03-31 21:53:29'),
(1515, 'CHUSCALES', 34, 385, '2020-03-31 21:53:53', '2020-03-31 21:53:53'),
(1516, 'PORTACHUELO', 34, 443, '2020-03-31 21:54:09', '2020-03-31 21:54:09'),
(1517, 'ESCUELA RURAL MIXTA SANTA TERESA', 34, 277, '2020-03-31 21:54:25', '2020-03-31 21:54:25'),
(1518, 'TABACO', 34, 443, '2020-03-31 21:54:34', '2020-03-31 21:54:34'),
(1519, 'EL PEÑON', 33, 505, '2020-03-31 21:55:07', '2020-03-31 21:55:07'),
(1520, 'QUEBRADA AZUL', 33, 306, '2020-03-31 21:55:22', '2020-03-31 21:55:22'),
(1521, 'SAN PEDRO BAJO', 33, 186, '2020-03-31 21:55:31', '2020-03-31 21:55:31'),
(1522, 'EL PORVENIR (SEDE PRINCIPAL)', 33, 134, '2020-03-31 21:55:36', '2020-03-31 21:55:36'),
(1523, 'LAS DELICIAS', 27, 338, '2020-03-31 21:56:01', '2020-03-31 21:56:01'),
(1524, 'ESCUELA RURAL MIXTA VILLA DEL ROSARIO', 15, 301, '2020-03-31 21:56:34', '2020-03-31 21:56:34'),
(1525, 'LAS COSECHAS', 15, 460, '2020-03-31 21:56:37', '2020-03-31 21:56:37'),
(1526, 'ESCUELA RURAL MIXTA EL PALMAR', 15, 154, '2020-03-31 21:56:39', '2020-03-31 21:56:39'),
(1527, 'ESCUELA RURAL MIXTA LA ESTHER', 15, 301, '2020-03-31 21:56:52', '2020-03-31 21:56:52'),
(1528, 'CENTRO DOCENTE RURAL MIXTO LA CONQUISTA', 34, 252, '2020-03-31 21:57:09', '2020-03-31 21:57:09'),
(1529, 'EL NARANJAL', 33, 505, '2020-03-31 21:57:13', '2020-03-31 21:57:13'),
(1530, 'EL PORVENIR', 18, 472, '2020-03-31 21:57:18', '2020-03-31 21:57:18'),
(1531, 'TARUCA', 33, 514, '2020-03-31 21:57:30', '2020-03-31 21:57:30'),
(1532, 'ESCUELA RURAL MIXTA FRONTINO BAJO', 33, 522, '2020-03-31 21:57:39', '2020-03-31 21:57:39'),
(1533, 'EL RETIRO', 33, 134, '2020-03-31 21:57:47', '2020-03-31 21:57:47'),
(1534, 'LAS DELICIAS', 33, 134, '2020-03-31 21:58:07', '2020-03-31 21:58:07'),
(1535, 'LA LINDOSA', 24, 85, '2020-03-31 21:59:55', '2020-03-31 21:59:55'),
(1536, 'ESCUELA RURAL MIXTA EL SILENCIO', 15, 301, '2020-03-31 22:01:25', '2020-03-31 22:01:25'),
(1537, 'ESCUELA RURAL MIXTA EL PLACER NAYA', 4, 361, '2020-03-31 22:01:27', '2020-03-31 22:01:27'),
(1538, 'ERM SEKC DXY - CAMINOS DEL SOL', 6, 224, '2020-03-31 22:03:45', '2020-03-31 22:03:45'),
(1539, 'ALTO GRANDE', 23, 364, '2020-03-31 22:03:57', '2020-03-31 22:03:57'),
(1540, 'LA AGUADA', 23, 364, '2020-03-31 22:03:59', '2020-03-31 22:03:59'),
(1541, 'LA HONDA (SEDE PRINCIPAL)', 29, 406, '2020-03-31 22:05:10', '2020-03-31 22:05:10'),
(1542, 'EL MOTILON', 37, 130, '2020-03-31 22:05:39', '2020-03-31 22:05:39'),
(1543, 'EL GUABAL', 14, 37, '2020-03-31 22:07:33', '2020-03-31 22:07:33'),
(1544, 'BOCA DE NAPI', 1, 523, '2020-03-31 22:10:49', '2020-03-31 22:10:49'),
(1545, 'AGUA BONITA', 34, 385, '2020-03-31 22:17:04', '2020-03-31 22:17:04'),
(1546, 'POTRERILLO', 36, 188, '2020-03-31 22:20:26', '2020-03-31 22:20:26'),
(1547, 'SAN PEDRO', 12, 492, '2020-03-31 22:30:31', '2020-03-31 22:30:31'),
(1548, 'CE CHICHIGUARA', 30, 524, '2020-03-31 22:30:47', '2020-03-31 22:30:47'),
(1549, 'SAN ISIDRO', 2, 191, '2020-03-31 22:32:55', '2020-03-31 22:32:55'),
(1550, 'CALLE HONDA (SEDE PRINCIPAL)', 1, 523, '2020-03-31 22:34:11', '2020-03-31 22:34:11'),
(1551, 'ESCUELA RURAL MIXTA CHACHUCUE', 27, 211, '2020-03-31 22:35:27', '2020-03-31 22:35:27'),
(1552, 'EL DIVISO', 9, 109, '2020-03-31 22:36:58', '2020-03-31 22:36:58'),
(1553, 'EL CORAZON', 20, 466, '2020-03-31 22:37:48', '2020-03-31 22:37:48'),
(1554, 'LAS CASCADAS (SEDE PRINCIPAL)', 31, 416, '2020-03-31 22:39:44', '2020-03-31 22:39:44'),
(1555, 'TIJERAS', 30, 463, '2020-03-31 22:39:54', '2020-03-31 22:39:54'),
(1556, 'EL JUNCAL', 7, 80, '2020-03-31 22:40:05', '2020-03-31 22:40:05'),
(1557, 'PIEDRAS NEGRAS', 17, 419, '2020-03-31 22:43:28', '2020-03-31 22:43:28'),
(1558, 'ESCUELA RURAL MIXTA CHICAQUIU', 27, 67, '2020-03-31 22:49:13', '2020-03-31 22:49:13'),
(1559, 'ALTERNADA DE CANAVERAL (SEDE PRINCIPAL)', 9, 458, '2020-03-31 22:49:57', '2020-03-31 22:49:57'),
(1560, 'ESCUELA RURAL MIXTA PATALO', 27, 205, '2020-03-31 22:50:33', '2020-03-31 22:50:33'),
(1561, 'ESCUELA RURAL MIXTA ALTO SAN MIGUEL', 27, 211, '2020-03-31 22:54:37', '2020-03-31 22:54:37'),
(1562, 'CENTRO DOCENTE RURAL MIXTO EL TRAPICHE LA MARIA', 32, 184, '2020-03-31 22:54:52', '2020-03-31 22:54:52'),
(1563, 'CE LA FONDA - SEDE PRINCIPAL', 19, 525, '2020-03-31 22:57:42', '2020-03-31 22:57:42'),
(1564, 'ESCUELA RURAL MIXTA SANTA ISABEL', 6, 326, '2020-03-31 23:02:52', '2020-03-31 23:02:52'),
(1565, 'AGUAS MUERTAS', 36, 310, '2020-03-31 23:05:29', '2020-03-31 23:05:29'),
(1566, 'CENTRO DOCENTE RURAL MIXTA LA PALMA', 19, 334, '2020-03-31 23:06:17', '2020-03-31 23:06:17'),
(1567, 'PIEDRA SANTA', 11, 302, '2020-03-31 23:06:49', '2020-03-31 23:06:49'),
(1568, 'EL REAL', 17, 465, '2020-03-31 23:08:22', '2020-03-31 23:08:22'),
(1569, 'PENA NEGRA', 18, 325, '2020-03-31 23:09:00', '2020-03-31 23:09:00'),
(1570, 'CENTRO DOCENTE RURAL MIXTO EL TREBOL', 23, 237, '2020-03-31 23:10:00', '2020-03-31 23:10:00'),
(1571, 'ESCUELA RURAL MIXTA LA ANDREA', 6, 326, '2020-03-31 23:10:24', '2020-03-31 23:10:24'),
(1572, 'CENTRO DOCENTE RURAL MIXTO LOMA PELADA', 25, 526, '2020-03-31 23:11:23', '2020-03-31 23:11:23'),
(1573, 'LAS CUCHILLAS', 38, 515, '2020-03-31 23:12:32', '2020-03-31 23:12:32'),
(1574, 'CENTRO DOCENTE LA HONDA', 27, 339, '2020-03-31 23:12:56', '2020-03-31 23:12:56'),
(1575, 'ESCUELA RURAL MIXTA LA CILIA', 24, 360, '2020-03-31 23:14:12', '2020-03-31 23:14:12'),
(1576, 'LA PRADERA', 22, 504, '2020-03-31 23:14:15', '2020-03-31 23:14:15'),
(1577, 'PUENTE REAL', 21, 498, '2020-03-31 23:15:55', '2020-03-31 23:15:55'),
(1578, 'CAMPOALEGRE', 20, 407, '2020-03-31 23:16:58', '2020-03-31 23:16:58'),
(1579, 'ESCUELA RURAL MIXTA LOS NARANJOS DEL CABUYO', 35, 117, '2020-03-31 23:17:48', '2020-03-31 23:17:48'),
(1580, 'LA ESPERANZA', 26, 288, '2020-03-31 23:17:55', '2020-03-31 23:17:55'),
(1581, 'ALFREDO NAVIA', 25, 229, '2020-03-31 23:18:13', '2020-03-31 23:18:13'),
(1582, 'CENTRO EDUCATIVO EL PORVENIR', 25, 68, '2020-03-31 23:18:41', '2020-03-31 23:18:41'),
(1583, 'ESC RURAL MIXTA SAT TAMA', 6, 329, '2020-03-31 23:19:32', '2020-03-31 23:19:32'),
(1584, 'SANTA RITA', 25, 113, '2020-03-31 23:20:30', '2020-03-31 23:20:30'),
(1585, 'EL MORRO', 13, 21, '2020-03-31 23:21:17', '2020-03-31 23:21:17'),
(1586, 'ALTO DEL CREDO', 11, 263, '2020-03-31 23:21:28', '2020-03-31 23:21:28'),
(1587, 'BRISAS', 11, 163, '2020-03-31 23:21:33', '2020-03-31 23:21:33'),
(1588, 'ALBANIA', 11, 387, '2020-03-31 23:21:34', '2020-03-31 23:21:34'),
(1589, 'MOSQUERA', 11, 159, '2020-03-31 23:21:58', '2020-03-31 23:21:58'),
(1590, 'MUYUNGA', 11, 164, '2020-03-31 23:22:08', '2020-03-31 23:22:08'),
(1591, 'PUERTO RICO', 11, 164, '2020-03-31 23:22:16', '2020-03-31 23:22:16'),
(1592, 'PANDIGUANDO (SEDE PRINCIPAL)', 11, 302, '2020-03-31 23:22:18', '2020-03-31 23:22:18'),
(1593, 'BETANIA (SEDE PRINCIPAL)', 11, 527, '2020-03-31 23:22:19', '2020-03-31 23:22:19'),
(1594, 'PEPITAL', 11, 481, '2020-03-31 23:22:28', '2020-03-31 23:22:28'),
(1595, 'LA CALERA', 11, 336, '2020-03-31 23:22:33', '2020-03-31 23:22:33'),
(1596, 'VERANERAS CACHIMBO', 11, 159, '2020-03-31 23:22:40', '2020-03-31 23:22:40'),
(1597, 'EL TABLON', 11, 155, '2020-03-31 23:22:52', '2020-03-31 23:22:52'),
(1598, 'ESCUELA RURAL MIXTA ZARZALITO', 11, 264, '2020-03-31 23:22:56', '2020-03-31 23:22:56'),
(1599, 'EL ZARZAL (SEDE PRINCIPAL)', 11, 165, '2020-03-31 23:23:11', '2020-03-31 23:23:11'),
(1600, 'GRANADA LOS LLANOS', 11, 336, '2020-03-31 23:23:14', '2020-03-31 23:23:14'),
(1601, 'LOS LLANOS', 11, 165, '2020-03-31 23:23:29', '2020-03-31 23:23:29'),
(1602, 'ESCUELA RURAL MIXTA LA VENTA', 11, 264, '2020-03-31 23:23:41', '2020-03-31 23:23:41'),
(1603, 'EL PUENTE DEL RIO TIMBIO', 11, 158, '2020-03-31 23:24:15', '2020-03-31 23:24:15'),
(1604, 'PUEBLO NUEVO', 11, 164, '2020-03-31 23:24:49', '2020-03-31 23:24:49'),
(1605, 'MONTERREDONDO', 11, 527, '2020-03-31 23:25:31', '2020-03-31 23:25:31'),
(1606, 'BARRANQUILLA', 11, 336, '2020-03-31 23:25:46', '2020-03-31 23:25:46'),
(1607, 'SAN JUAN DE MUNCHIQUE', 11, 427, '2020-03-31 23:25:54', '2020-03-31 23:25:54'),
(1608, 'LAS PIEDRAS (SEDE PRINCIPAL)', 11, 528, '2020-03-31 23:26:15', '2020-03-31 23:26:15'),
(1609, 'LOMA DE ASTUDILLO', 11, 263, '2020-03-31 23:26:24', '2020-03-31 23:26:24'),
(1610, 'BUENOS AIRES', 13, 413, '2020-03-31 23:27:00', '2020-03-31 23:27:00'),
(1611, 'ESCUELA RURAL MIXTA LA LEONA', 13, 483, '2020-03-31 23:27:14', '2020-03-31 23:27:14'),
(1612, 'CANAVERAL', 20, 405, '2020-03-31 23:27:59', '2020-03-31 23:27:59'),
(1613, 'SAN MIGUEL', 35, 279, '2020-03-31 23:28:42', '2020-03-31 23:28:42'),
(1614, 'ESCUELA RURAL MIXTA LA ESPANOLA', 13, 483, '2020-03-31 23:29:15', '2020-03-31 23:29:15'),
(1615, 'ESCUELA FRAY EZEQUIEL', 13, 483, '2020-03-31 23:29:16', '2020-03-31 23:29:16'),
(1616, 'PALACE', 17, 295, '2020-03-31 23:29:40', '2020-03-31 23:29:40'),
(1617, 'JALAYA', 17, 84, '2020-03-31 23:29:43', '2020-03-31 23:29:43'),
(1618, 'SAN JUAN DE LA GUADUA (SEDE PRINCIPAL)', 20, 493, '2020-03-31 23:29:49', '2020-03-31 23:29:49'),
(1619, 'LIMONCITO', 17, 28, '2020-03-31 23:29:56', '2020-03-31 23:29:56'),
(1620, 'DE VARONES CAJIBIO', 17, 116, '2020-03-31 23:30:05', '2020-03-31 23:30:05'),
(1621, 'CENEGUETA (SEDE PRINCIPAL)', 17, 388, '2020-03-31 23:30:23', '2020-03-31 23:30:23'),
(1622, 'MICHINCHAL', 17, 147, '2020-03-31 23:30:28', '2020-03-31 23:30:28'),
(1623, 'LAS CASITAS', 17, 149, '2020-03-31 23:30:46', '2020-03-31 23:30:46'),
(1624, 'LA ESMERALDA', 12, 509, '2020-03-31 23:30:55', '2020-03-31 23:30:55'),
(1625, 'MARCONGO', 17, 84, '2020-03-31 23:31:15', '2020-03-31 23:31:15'),
(1626, 'LOS NARANJOS', 17, 465, '2020-03-31 23:31:46', '2020-03-31 23:31:46'),
(1627, 'BETANIA', 17, 144, '2020-03-31 23:31:51', '2020-03-31 23:31:51'),
(1628, 'CENTRO DOCENTE EL RECUERDO MEDIA LOMA', 17, 419, '2020-03-31 23:31:54', '2020-03-31 23:31:54'),
(1629, 'ESCUELA RURAL MIXTA SAN JOSE DEL GUAYABAL', 9, 31, '2020-03-31 23:31:57', '2020-03-31 23:31:57'),
(1630, 'MONTEREDONDO', 17, 489, '2020-03-31 23:32:00', '2020-03-31 23:32:00'),
(1631, 'PUERTA CHIQUITA', 17, 489, '2020-03-31 23:32:02', '2020-03-31 23:32:02'),
(1632, 'EL MESON ALTO', 20, 493, '2020-03-31 23:32:43', '2020-03-31 23:32:43'),
(1633, 'LAS GUACAS', 29, 428, '2020-03-31 23:33:49', '2020-03-31 23:33:49'),
(1634, 'EL CHALO (SEDE PRINCIPAL)', 5, 389, '2020-03-31 23:37:55', '2020-03-31 23:37:55'),
(1635, 'ESCUELA RURAL MIXTA SANTA BARBARA', 28, 417, '2020-03-31 23:39:39', '2020-03-31 23:39:39'),
(1636, 'CE EL EMPALIZADO - SEDE PRINCIPAL', 30, 529, '2020-03-31 23:39:47', '2020-03-31 23:39:47'),
(1637, 'CENTRO DOCENTE RURAL MIXTO SABANETAS', 14, 37, '2020-03-31 23:40:07', '2020-03-31 23:40:07'),
(1638, 'LA VENTANA', 11, 162, '2020-03-31 23:40:11', '2020-03-31 23:40:11'),
(1639, 'PUERTO BELLO', 13, 21, '2020-03-31 23:40:25', '2020-03-31 23:40:25'),
(1640, 'EL BERLIN', 18, 220, '2020-03-31 23:40:27', '2020-03-31 23:40:27'),
(1641, 'CAMPO BELLO', 20, 467, '2020-03-31 23:40:34', '2020-03-31 23:40:34'),
(1642, 'LA DELGADITA', 20, 395, '2020-03-31 23:40:38', '2020-03-31 23:40:38'),
(1643, 'GUAYABAL', 20, 395, '2020-03-31 23:41:00', '2020-03-31 23:41:00'),
(1644, 'ESCUELO EL PORVENIR', 20, 403, '2020-03-31 23:41:03', '2020-03-31 23:41:03'),
(1645, 'GABRIEL GARCIA MARQUEZ', 20, 95, '2020-03-31 23:41:10', '2020-03-31 23:41:10'),
(1646, 'LLANO VERDE', 31, 479, '2020-03-31 23:41:11', '2020-03-31 23:41:11'),
(1647, 'LA MARIA', 15, 24, '2020-03-31 23:41:30', '2020-03-31 23:41:30'),
(1648, 'NACEDERO', 37, 437, '2020-03-31 23:42:12', '2020-03-31 23:42:12'),
(1649, 'EL TACHUELO', 26, 451, '2020-03-31 23:42:25', '2020-03-31 23:42:25'),
(1650, 'ESCUELA RURAL MIXTA LOS ALPES', 15, 154, '2020-03-31 23:42:32', '2020-03-31 23:42:32'),
(1651, 'EL CIDRAL', 17, 149, '2020-03-31 23:42:46', '2020-03-31 23:42:46'),
(1652, 'EL DIAMANTE', 17, 420, '2020-03-31 23:43:01', '2020-03-31 23:43:01'),
(1653, 'EL SALERO', 17, 192, '2020-03-31 23:43:02', '2020-03-31 23:43:02'),
(1654, 'EL CEDRO', 17, 490, '2020-03-31 23:43:07', '2020-03-31 23:43:07'),
(1655, 'EL CIPRES', 27, 338, '2020-03-31 23:44:13', '2020-03-31 23:44:13'),
(1656, 'ALTO SAN JOSE DE MANDIVA', 6, 424, '2020-03-31 23:44:14', '2020-03-31 23:44:14'),
(1657, 'ROMERILLOS', 22, 262, '2020-03-31 23:45:37', '2020-03-31 23:45:37'),
(1658, 'ESCUELA RURAL MIXTA EL HATO', 37, 125, '2020-03-31 23:46:15', '2020-03-31 23:46:15'),
(1659, 'SAN ANTONIO BAJO', 20, 33, '2020-03-31 23:46:55', '2020-03-31 23:46:55'),
(1660, 'ESCUELA RURAL MIXTO EL MIRADOR', 21, 39, '2020-03-31 23:55:21', '2020-03-31 23:55:21'),
(1661, 'LA FLORIDA', 17, 488, '2020-03-31 23:56:05', '2020-03-31 23:56:05'),
(1662, 'CENTRO DOCENTE  EL CARRIZAL', 21, 39, '2020-03-31 23:56:06', '2020-03-31 23:56:06'),
(1663, 'CENTRO DOCENTE RURAL MIXTO MIRAVALLE', 21, 39, '2020-03-31 23:56:40', '2020-03-31 23:56:40'),
(1664, 'CENTRO DOCENTE RURAL LA ESTRELLA', 25, 399, '2020-03-31 23:57:12', '2020-03-31 23:57:12'),
(1665, 'CENTRO DOCENTE RURAL MIXTO CARPINTERO', 25, 274, '2020-03-31 23:57:37', '2020-03-31 23:57:37'),
(1666, 'CE LA DESPENSA - SEDE PRINCIPAL', 19, 530, '2020-03-31 23:58:08', '2020-03-31 23:58:08'),
(1667, 'BETANIA', 7, 298, '2020-03-31 23:59:44', '2020-03-31 23:59:44'),
(1668, 'PEDREGAL', 7, 215, '2020-03-31 23:59:50', '2020-03-31 23:59:50'),
(1669, 'ESCUELA RURAL MIXTA EL MANDARINO', 4, 414, '2020-04-01 00:00:00', '2020-04-01 00:00:00'),
(1670, 'TRUJILLO', 22, 438, '2020-04-01 00:00:47', '2020-04-01 00:00:47'),
(1671, 'CENTRO DOCENTE RURAL MIXTO SAN PEDRO', 15, 154, '2020-04-01 00:01:34', '2020-04-01 00:01:34'),
(1672, 'ESCUELA RURAL MIXTA DE SUIN', 27, 206, '2020-04-01 00:02:07', '2020-04-01 00:02:07'),
(1673, 'LA GRANJA', 31, 461, '2020-04-01 00:02:20', '2020-04-01 00:02:20'),
(1674, 'EL RETIRO (SEDE PRINCIPAL)', 31, 479, '2020-04-01 00:02:35', '2020-04-01 00:02:35'),
(1675, 'LA CHEPA', 31, 369, '2020-04-01 00:02:37', '2020-04-01 00:02:37'),
(1676, 'LOS ALPES', 31, 416, '2020-04-01 00:02:51', '2020-04-01 00:02:51'),
(1677, '10 DE ABRIL', 11, 162, '2020-04-01 00:04:13', '2020-04-01 00:04:13'),
(1678, 'ESCUELA RURAL MIXTA RIO CLARO', 6, 258, '2020-04-01 00:04:17', '2020-04-01 00:04:17'),
(1679, 'SAN AGUSTIN', 3, 248, '2020-04-01 00:04:58', '2020-04-01 00:04:58'),
(1680, 'FILANDIA', 11, 336, '2020-04-01 00:05:28', '2020-04-01 00:05:28'),
(1681, 'MONTE OSCURO', 11, 164, '2020-04-01 00:05:50', '2020-04-01 00:05:50'),
(1682, 'LA CRISTALINA', 7, 283, '2020-04-01 00:06:40', '2020-04-01 00:06:40'),
(1683, 'POMORROSO', 11, 263, '2020-04-01 00:07:25', '2020-04-01 00:07:25'),
(1684, 'CARBONERO', 22, 262, '2020-04-01 00:08:31', '2020-04-01 00:08:31'),
(1685, 'ESCUELA RURAL MIXTA EL DIVISO', 28, 243, '2020-04-01 00:09:13', '2020-04-01 00:09:13'),
(1686, 'BARCELONA', 11, 14, '2020-04-01 00:12:38', '2020-04-01 00:12:38'),
(1687, 'ESCUELA RURAL MIXTA EL COLORADO', 27, 209, '2020-04-01 00:12:46', '2020-04-01 00:12:46'),
(1688, 'SAN JOSE (SEDE PRINCIPAL)', 29, 531, '2020-04-01 00:12:58', '2020-04-01 00:12:58'),
(1689, 'CENTRO DOCENTE RURAL BUENA VISTA', 6, 258, '2020-04-01 00:13:29', '2020-04-01 00:13:29'),
(1690, 'EL VADO', 10, 194, '2020-04-01 00:13:39', '2020-04-01 00:13:39'),
(1691, 'KWE´SX KIWE', 9, 148, '2020-04-01 00:13:46', '2020-04-01 00:13:46'),
(1692, 'LA ESTRELLA', 9, 265, '2020-04-01 00:13:48', '2020-04-01 00:13:48'),
(1693, 'LOS GUADUALES', 26, 439, '2020-04-01 00:14:02', '2020-04-01 00:14:02'),
(1694, 'EL NUEVO PORVENIR', 12, 397, '2020-04-01 00:14:48', '2020-04-01 00:14:48'),
(1695, 'LA ESPERANZA', 12, 459, '2020-04-01 00:15:01', '2020-04-01 00:15:01'),
(1696, 'EL CARDO', 10, 194, '2020-04-01 00:16:07', '2020-04-01 00:16:07'),
(1697, 'CALOTENO', 6, 34, '2020-04-01 00:16:24', '2020-04-01 00:16:24'),
(1698, 'LA CHAPA', 6, 228, '2020-04-01 00:16:27', '2020-04-01 00:16:27'),
(1699, 'QUINAMAYO (SEDE PRINCIPAL)', 6, 519, '2020-04-01 00:16:28', '2020-04-01 00:16:28'),
(1700, 'LOMA DEL MEDIO', 6, 328, '2020-04-01 00:17:05', '2020-04-01 00:17:05'),
(1701, 'EL TORO', 6, 328, '2020-04-01 00:17:15', '2020-04-01 00:17:15'),
(1702, 'CE EL TRAPICHE - SEDE PRINCIPAL', 19, 532, '2020-04-01 00:18:40', '2020-04-01 00:18:40'),
(1703, 'EL GUADUAL (SEDE PRINCIPAL)', 22, 438, '2020-04-01 00:21:22', '2020-04-01 00:21:22'),
(1704, 'LA YUNGUILLA', 38, 515, '2020-04-01 00:21:33', '2020-04-01 00:21:33'),
(1705, 'ERM NASA KSXA´WYET', 35, 172, '2020-04-01 00:22:22', '2020-04-01 00:22:22'),
(1706, 'EL RECODO', 22, 449, '2020-04-01 00:22:32', '2020-04-01 00:22:32'),
(1707, 'PITALITO', 7, 266, '2020-04-01 00:23:09', '2020-04-01 00:23:09'),
(1708, 'ESCUELA LA PRADERA', 11, 264, '2020-04-01 00:23:12', '2020-04-01 00:23:12'),
(1709, 'EL TESORO', 31, 416, '2020-04-01 00:24:34', '2020-04-01 00:24:34'),
(1710, 'ERM LUUCX FXIW WET WET FXIZENXI YAT', 9, 31, '2020-04-01 00:24:35', '2020-04-01 00:24:35'),
(1711, 'ESCUELA RURAL MIXTA GALERIA CENTRO', 30, 382, '2020-04-01 00:24:51', '2020-04-01 00:24:51'),
(1712, 'ESCUELA RURAL MIXTA DOS QUEBRADAS', 35, 117, '2020-04-01 00:24:52', '2020-04-01 00:24:52'),
(1713, 'LA SEVILLA', 13, 413, '2020-04-01 00:24:56', '2020-04-01 00:24:56'),
(1714, 'ESCUELA RURAL MIXTA COSCURO', 35, 117, '2020-04-01 00:25:19', '2020-04-01 00:25:19'),
(1715, 'PUERTO RICO', 7, 215, '2020-04-01 00:26:11', '2020-04-01 00:26:11'),
(1716, 'CENTRO DOCENTE RURAL MIXTO FILADELFIA', 6, 329, '2020-04-01 00:26:31', '2020-04-01 00:26:31'),
(1717, 'ESCUELA URBANA MIXTA DE COCONUCO', 30, 323, '2020-04-01 00:27:46', '2020-04-01 00:27:46'),
(1718, 'ESCUELA RURAL MIXTA EL MESON', 35, 169, '2020-04-01 00:28:50', '2020-04-01 00:28:50'),
(1719, 'TOPA', 35, 371, '2020-04-01 00:29:21', '2020-04-01 00:29:21'),
(1720, 'ESCUELA RURAL MIXTA LAS DELICIAS CALOTO', 27, 202, '2020-04-01 00:29:35', '2020-04-01 00:29:35'),
(1721, 'PUERTO RICO', 35, 170, '2020-04-01 00:29:43', '2020-04-01 00:29:43'),
(1722, 'RISARALDA', 27, 338, '2020-04-01 00:29:56', '2020-04-01 00:29:56'),
(1723, 'BELEN', 35, 413, '2020-04-01 00:29:57', '2020-04-01 00:29:57'),
(1724, 'EL RINCON', 35, 173, '2020-04-01 00:30:55', '2020-04-01 00:30:55'),
(1725, 'CENTRO DOCENTE RURAL MIXTO BILIGUE AGUA BLANCA', 19, 500, '2020-04-01 00:31:34', '2020-04-01 00:31:34'),
(1726, 'CENTRO DOCENTE RURAL MIXTA ULLUCOS', 19, 503, '2020-04-01 00:31:36', '2020-04-01 00:31:36'),
(1727, 'CENTRO DOCENTE RURAL MIXTO CHIMICUETO', 19, 501, '2020-04-01 00:31:44', '2020-04-01 00:31:44'),
(1728, 'CENTRO DOCENTE RURAL MIXTO LA BODEGA', 19, 334, '2020-04-01 00:31:47', '2020-04-01 00:31:47'),
(1729, 'CENRO DOCETE RURAL MIXTO SAN JULIAN', 19, 530, '2020-04-01 00:32:24', '2020-04-01 00:32:24'),
(1730, 'CENTRO DOCENTE RURAL MIXTO LA MARIA', 19, 30, '2020-04-01 00:32:28', '2020-04-01 00:32:28'),
(1731, 'TUYA ES COLOMBIA', 7, 271, '2020-04-01 00:33:14', '2020-04-01 00:33:14'),
(1732, 'ESCUELA RURAL MIXTA LOMA ALTA', 35, 169, '2020-04-01 00:35:16', '2020-04-01 00:35:16'),
(1733, 'ESCUELA RURAL MIXTA BAJO CHUSPIZACHA', 13, 483, '2020-04-01 00:38:40', '2020-04-01 00:38:40'),
(1734, 'LA SEGOVIA', 13, 413, '2020-04-01 00:38:48', '2020-04-01 00:38:48');
INSERT INTO `headquarters` (`id`, `name`, `town_id`, `institution_id`, `created_at`, `updated_at`) VALUES
(1735, 'LA LEONA (SEDE PRINCIPAL)', 20, 217, '2020-04-01 00:39:36', '2020-04-01 00:39:36'),
(1736, 'GUALOTO', 18, 325, '2020-04-01 00:41:23', '2020-04-01 00:41:23'),
(1737, 'CHORRITOS', 33, 469, '2020-04-01 00:43:30', '2020-04-01 00:43:30'),
(1738, 'ESCUELA RURAL MIXTA LA UNION SAN LUIS', 27, 203, '2020-04-01 00:49:58', '2020-04-01 00:49:58'),
(1739, 'POCITOS', 11, 14, '2020-04-01 00:50:51', '2020-04-01 00:50:51'),
(1740, 'CENTRO DOCENTE CAMPO ALEGRE', 34, 254, '2020-04-01 00:50:53', '2020-04-01 00:50:53'),
(1741, 'LOMA LARGA', 22, 456, '2020-04-01 00:50:57', '2020-04-01 00:50:57'),
(1742, 'EL UVO', 29, 428, '2020-04-01 00:53:56', '2020-04-01 00:53:56'),
(1743, 'BOMBILLAL', 20, 33, '2020-04-01 00:54:04', '2020-04-01 00:54:04'),
(1744, 'CENTRO COMUNITARIO BILING`E LA MARQUEZA', 23, 237, '2020-04-01 00:55:54', '2020-04-01 00:55:54'),
(1745, 'CHAMBIMBE', 4, 517, '2020-04-01 00:56:06', '2020-04-01 00:56:06'),
(1746, 'ESCUELA RURAL MIXTA CHAOPILOMA', 36, 307, '2020-04-01 01:00:05', '2020-04-01 01:00:05'),
(1747, 'SAN MIGUEL', 4, 139, '2020-04-01 01:05:33', '2020-04-01 01:05:33'),
(1748, 'ESCUELA RURAL MIXTA LA ALSACIA', 4, 366, '2020-04-01 01:05:47', '2020-04-01 01:05:47'),
(1749, 'MIRAVALLE', 28, 404, '2020-04-01 01:06:01', '2020-04-01 01:06:01'),
(1750, 'LA VENTURA', 4, 5, '2020-04-01 01:06:02', '2020-04-01 01:06:02'),
(1751, 'AGUA BLANCA 2', 4, 366, '2020-04-01 01:06:12', '2020-04-01 01:06:12'),
(1752, 'ESCUELA RURAL MIXTA EL JAZMIN', 4, 414, '2020-04-01 01:06:17', '2020-04-01 01:06:17'),
(1753, 'SAN FRANCISCO', 4, 5, '2020-04-01 01:06:29', '2020-04-01 01:06:29'),
(1754, 'SAN IGNACIO', 4, 518, '2020-04-01 01:06:47', '2020-04-01 01:06:47'),
(1755, 'SANTA CATALINA', 4, 379, '2020-04-01 01:06:52', '2020-04-01 01:06:52'),
(1756, 'EL PORVENIR', 4, 366, '2020-04-01 01:06:55', '2020-04-01 01:06:55'),
(1757, 'SANTA ROSA', 4, 349, '2020-04-01 01:06:59', '2020-04-01 01:06:59'),
(1758, 'EL BOSQUE', 4, 431, '2020-04-01 01:07:07', '2020-04-01 01:07:07'),
(1759, 'SAN GREGORIO', 4, 518, '2020-04-01 01:07:32', '2020-04-01 01:07:32'),
(1760, 'SAN JERONIMO', 4, 5, '2020-04-01 01:07:50', '2020-04-01 01:07:50'),
(1761, 'BOCAS DEL PALO', 16, 426, '2020-04-01 01:12:36', '2020-04-01 01:12:36'),
(1762, 'DOMINGO LASSO', 6, 328, '2020-04-01 01:12:39', '2020-04-01 01:12:39'),
(1763, 'TRES QUEBRADAS SAN JOAQUIN', 11, 368, '2020-04-01 01:13:26', '2020-04-01 01:13:26'),
(1764, 'CENTRO DOCENTE RURAL MIXTO TULCAN', 23, 48, '2020-04-01 01:14:44', '2020-04-01 01:14:44'),
(1765, 'CUCHICAMA (SEDE PRINCIPAL)', 29, 533, '2020-04-01 01:16:24', '2020-04-01 01:16:24'),
(1766, 'ESCUELA RURAL MIXTA  LA VEGA NAYA', 4, 361, '2020-04-01 01:19:25', '2020-04-01 01:19:25'),
(1767, 'LA AURELIA (SEDE PRINCIPAL)', 17, 480, '2020-04-01 01:20:36', '2020-04-01 01:20:36'),
(1768, 'ALTAMIRA', 17, 192, '2020-04-01 01:20:38', '2020-04-01 01:20:38'),
(1769, 'ESCUELA RURAL MIXTA CERRO AZUL', 4, 140, '2020-04-01 01:20:52', '2020-04-01 01:20:52'),
(1770, 'CENTRO DOCENTE RURAL MIXTO GUATABA', 25, 526, '2020-04-01 01:23:01', '2020-04-01 01:23:01'),
(1771, 'CENTRO DOCENTE RURAL MIXTO EL CRUCERO', 15, 154, '2020-04-01 01:23:25', '2020-04-01 01:23:25'),
(1772, 'ESCUELA RURAL MIXTA AGUA SUCIA', 9, 148, '2020-04-01 01:24:00', '2020-04-01 01:24:00'),
(1773, 'EL TAMBO', 39, 462, '2020-04-01 01:39:28', '2020-04-01 01:39:28'),
(1774, 'CENTRO DOCENTE SAN PABLO', 28, 332, '2020-04-01 01:39:33', '2020-04-01 01:39:33'),
(1775, 'ESCUELA  AA CIPO LA LIBERIA', 9, 314, '2020-04-01 01:41:47', '2020-04-01 01:41:47'),
(1776, 'CENTRO DOCENTE EL PARAISO', 28, 333, '2020-04-01 01:42:01', '2020-04-01 01:42:01'),
(1777, 'PLACER ALTO', 7, 298, '2020-04-01 01:47:04', '2020-04-01 01:47:04'),
(1778, 'LA BETANIA', 38, 199, '2020-04-01 01:48:52', '2020-04-01 01:48:52'),
(1779, 'SINAI', 11, 163, '2020-04-01 01:50:07', '2020-04-01 01:50:07'),
(1780, 'EL JAGUAL', 15, 110, '2020-04-01 01:50:09', '2020-04-01 01:50:09'),
(1781, 'CENTRO DOCENTE PIOYA', 21, 39, '2020-04-01 01:53:32', '2020-04-01 01:53:32'),
(1782, 'EL CUERVO', 22, 291, '2020-04-01 01:53:37', '2020-04-01 01:53:37'),
(1783, 'AGUA AZUL', 5, 255, '2020-04-01 01:53:53', '2020-04-01 01:53:53'),
(1784, 'MIRASOLES', 4, 518, '2020-04-01 01:54:32', '2020-04-01 01:54:32'),
(1785, 'CENTRO DOCENTE RURAL MIXTO EL PUEBLITO', 23, 48, '2020-04-01 01:55:44', '2020-04-01 01:55:44'),
(1786, 'CCE EL CHIMAN', 23, 237, '2020-04-01 01:55:47', '2020-04-01 01:55:47'),
(1787, 'ESCUELA MISAK LA LAGUNA 1', 9, 11, '2020-04-01 01:56:33', '2020-04-01 01:56:33'),
(1788, 'VILLANUEVA', 12, 86, '2020-04-01 01:57:07', '2020-04-01 01:57:07'),
(1789, 'BRISAS DEL SILENCIO', 4, 366, '2020-04-01 01:58:07', '2020-04-01 01:58:07'),
(1790, 'LA MINA', 20, 287, '2020-04-01 01:58:24', '2020-04-01 01:58:24'),
(1791, 'LA ESPERANZA', 21, 430, '2020-04-01 02:00:48', '2020-04-01 02:00:48'),
(1792, 'TROJAYACO', 13, 359, '2020-04-01 02:01:05', '2020-04-01 02:01:05'),
(1793, 'LA CEIBA', 20, 217, '2020-04-01 02:02:11', '2020-04-01 02:02:11'),
(1794, 'EL CERRITO', 13, 413, '2020-04-01 02:02:20', '2020-04-01 02:02:20'),
(1795, 'ESCUELA RURAL MIXTA SAN JOSE DE INCHIYACO', 13, 483, '2020-04-01 02:02:36', '2020-04-01 02:02:36'),
(1796, 'CARRIZALITO ORTEGA', 17, 370, '2020-04-01 02:04:46', '2020-04-01 02:04:46'),
(1797, 'BUENOS AIRES', 33, 306, '2020-04-01 02:04:50', '2020-04-01 02:04:50'),
(1798, 'PALO SEMBRADO', 33, 306, '2020-04-01 02:04:55', '2020-04-01 02:04:55'),
(1799, 'LOMA GRANDE', 33, 134, '2020-04-01 02:05:00', '2020-04-01 02:05:00'),
(1800, 'PRIMAVERA', 33, 186, '2020-04-01 02:05:02', '2020-04-01 02:05:02'),
(1801, 'SAPONGO', 33, 306, '2020-04-01 02:05:15', '2020-04-01 02:05:15'),
(1802, 'LA PALMA', 33, 134, '2020-04-01 02:05:19', '2020-04-01 02:05:19'),
(1803, 'ZABALETAS', 33, 534, '2020-04-01 02:05:20', '2020-04-01 02:05:20'),
(1804, 'CAMILO TORRES', 33, 306, '2020-04-01 02:05:23', '2020-04-01 02:05:23'),
(1805, 'FRONTINO ALTO (SEDE PRINCIPAL)', 33, 534, '2020-04-01 02:05:29', '2020-04-01 02:05:29'),
(1806, 'GUACHICONO', 33, 505, '2020-04-01 02:05:36', '2020-04-01 02:05:36'),
(1807, 'LA LLANADA', 21, 50, '2020-04-01 02:05:38', '2020-04-01 02:05:38'),
(1808, 'SANTA LUCIA', 33, 514, '2020-04-01 02:06:03', '2020-04-01 02:06:03'),
(1809, 'ESC SAN ANTONIO', 23, 235, '2020-04-01 02:06:06', '2020-04-01 02:06:06'),
(1810, 'SAN PEDRO', 29, 428, '2020-04-01 02:06:22', '2020-04-01 02:06:22'),
(1811, 'ALTO RIO SAJANDI', 7, 353, '2020-04-01 02:07:54', '2020-04-01 02:07:54'),
(1812, 'SAN PEDRO', 11, 14, '2020-04-01 02:08:00', '2020-04-01 02:08:00'),
(1813, 'CALLE BONITA', 1, 396, '2020-04-01 02:09:19', '2020-04-01 02:09:19'),
(1814, 'YUMBITO', 11, 159, '2020-04-01 02:11:27', '2020-04-01 02:11:27'),
(1815, 'LA ANGOSTURA', 38, 515, '2020-04-01 02:14:06', '2020-04-01 02:14:06'),
(1816, 'LA ESPERANZA', 41, 267, '2020-04-01 02:15:08', '2020-04-01 02:15:08'),
(1817, 'LA CHORRERA', 28, 417, '2020-04-01 02:15:11', '2020-04-01 02:15:11'),
(1818, 'EL DIAMANTE', 13, 261, '2020-04-01 02:15:21', '2020-04-01 02:15:21'),
(1819, 'LA MINA', 24, 375, '2020-04-01 02:18:12', '2020-04-01 02:18:12'),
(1820, 'ESCUELA RURAL MIXTA POTRERO DEL BARRO', 27, 204, '2020-04-01 02:18:14', '2020-04-01 02:18:14'),
(1821, 'SANTA CLARA', 20, 217, '2020-04-01 02:20:03', '2020-04-01 02:20:03'),
(1822, 'ESCUELA RURAL MIXTA VILLA NUEVA', 21, 39, '2020-04-01 02:22:16', '2020-04-01 02:22:16'),
(1823, 'ANDES ALTOS', 26, 35, '2020-04-01 02:22:18', '2020-04-01 02:22:18'),
(1824, 'TUNURCO', 29, 391, '2020-04-01 02:22:26', '2020-04-01 02:22:26'),
(1825, 'LAS PALMAS', 38, 535, '2020-04-01 02:23:07', '2020-04-01 02:23:07'),
(1826, 'EL RAMAL (SEDE PRINCIPAL)', 11, 418, '2020-04-01 02:23:42', '2020-04-01 02:23:42'),
(1827, 'EL SALADO LAS ESTRELLAS', 41, 267, '2020-04-01 02:24:02', '2020-04-01 02:24:02'),
(1828, 'LLANO DE SOTARA', 41, 365, '2020-04-01 02:24:14', '2020-04-01 02:24:14'),
(1829, 'BUENOS AIRES (SEDE PRINCIPAL)', 26, 536, '2020-04-01 02:24:33', '2020-04-01 02:24:33'),
(1830, 'LOS AZULES', 22, 449, '2020-04-01 02:25:01', '2020-04-01 02:25:01'),
(1831, 'CENTRO DOCENTE ALTO DE SANTA ANA', 6, 475, '2020-04-01 02:25:31', '2020-04-01 02:25:31'),
(1832, 'CE LA GRANJA - SEDE PRINCIPAL', 19, 497, '2020-04-01 02:26:25', '2020-04-01 02:26:25'),
(1833, 'ESCUELA RURAL INTEGRADA RIO BLANCO', 41, 242, '2020-04-01 02:27:00', '2020-04-01 02:27:00'),
(1834, 'CE SOTO - SEDE PRINCIPAL', 19, 502, '2020-04-01 02:27:07', '2020-04-01 02:27:07'),
(1835, 'ESCUELA RURAL MIXTA BELEN', 9, 280, '2020-04-01 02:28:33', '2020-04-01 02:28:33'),
(1836, 'ESCUELA RURAL MIXTA EL GUADUAL', 35, 117, '2020-04-01 02:28:41', '2020-04-01 02:28:41'),
(1837, 'SANTA ANA (SEDE PRINCIPAL)', 22, 499, '2020-04-01 02:29:50', '2020-04-01 02:29:50'),
(1838, 'SAN PEDRITO', 29, 246, '2020-04-01 02:29:54', '2020-04-01 02:29:54'),
(1839, 'ESCUELA RURAL MIXTA HONDURAS', 9, 280, '2020-04-01 02:33:50', '2020-04-01 02:33:50'),
(1840, 'ESC RURAL MIXTA LAS AGUAS', 25, 399, '2020-04-01 02:34:24', '2020-04-01 02:34:24'),
(1841, 'EL CREDO', 26, 348, '2020-04-01 02:34:43', '2020-04-01 02:34:43'),
(1842, 'LOS MANDULES', 4, 379, '2020-04-01 02:35:17', '2020-04-01 02:35:17'),
(1843, 'EL GUAYABAL', 4, 5, '2020-04-01 02:35:34', '2020-04-01 02:35:34'),
(1844, 'CENTRO DOCENTE RURAL MIXTO MENDEZ', 23, 236, '2020-04-01 02:36:24', '2020-04-01 02:36:24'),
(1845, 'LLANO TAULA', 14, 153, '2020-04-01 02:36:53', '2020-04-01 02:36:53'),
(1846, 'EL MIRADOR', 26, 288, '2020-04-01 02:37:19', '2020-04-01 02:37:19'),
(1847, 'CENTRO DOCENTE RURAL MIXTO SANTA ELENA', 15, 301, '2020-04-01 02:37:48', '2020-04-01 02:37:48'),
(1848, 'TAMBOR LA VEGA', 13, 21, '2020-04-01 02:39:09', '2020-04-01 02:39:09'),
(1849, 'LA FLORIDA', 22, 138, '2020-04-01 02:40:36', '2020-04-01 02:40:36'),
(1850, 'LAS CHUCARAS', 11, 387, '2020-04-01 02:40:56', '2020-04-01 02:40:56'),
(1851, 'LOS HATOS', 39, 471, '2020-04-01 02:41:11', '2020-04-01 02:41:11'),
(1852, 'ESCUELA RURAL MIXTA LOMITAS', 35, 169, '2020-04-01 02:41:35', '2020-04-01 02:41:35'),
(1853, 'ESCUELA RURAL MIXTA SAN JOSE DE CAUCA', 9, 280, '2020-04-01 02:41:58', '2020-04-01 02:41:58'),
(1854, 'LA CONCEPCION', 40, 269, '2020-04-01 02:41:59', '2020-04-01 02:41:59'),
(1855, 'BUENA VISTA', 7, 283, '2020-04-01 02:43:34', '2020-04-01 02:43:34'),
(1856, 'ESCUELA RURAL MIXTA LA ESTRELLA', 19, 180, '2020-04-01 02:44:45', '2020-04-01 02:44:45'),
(1857, 'CALANDAIMA', 24, 375, '2020-04-01 02:45:44', '2020-04-01 02:45:44'),
(1858, 'LA NORCASIA', 11, 159, '2020-04-01 02:46:17', '2020-04-01 02:46:17'),
(1859, 'LIMONCITO', 11, 427, '2020-04-01 02:47:19', '2020-04-01 02:47:19'),
(1860, 'ESCUELA RURAL MIXTA SAN VICENTE DE TOGOIMA', 27, 64, '2020-04-01 02:47:57', '2020-04-01 02:47:57'),
(1861, 'EL MIRADOR', 11, 336, '2020-04-01 02:48:16', '2020-04-01 02:48:16'),
(1862, 'ESCUELA RURAL MIXTA LAS VIOLETAS', 15, 154, '2020-04-01 02:48:44', '2020-04-01 02:48:44'),
(1863, 'CE LA PILA - SEDE PRINCIPAL', 19, 411, '2020-04-01 02:49:09', '2020-04-01 02:49:09'),
(1864, 'CENTRO DOCENTE RURAL MIXTO LA CAPILLA', 19, 497, '2020-04-01 02:49:36', '2020-04-01 02:49:36'),
(1865, 'EL PROGRESO', 10, 401, '2020-04-01 02:50:35', '2020-04-01 02:50:35'),
(1866, 'ESCUELA RURAL MIXTA EL PORVENIR-PESCADOR', 21, 39, '2020-04-01 02:50:52', '2020-04-01 02:50:52'),
(1867, 'KILÓMETRO 48 (SEDE PRINCIPAL)', 30, 463, '2020-04-01 02:51:48', '2020-04-01 02:51:48'),
(1868, 'QUEBRADA OSCURA', 7, 266, '2020-04-01 02:52:56', '2020-04-01 02:52:56'),
(1869, 'SAN FERNANDO EL COFRE', 17, 295, '2020-04-01 02:54:21', '2020-04-01 02:54:21'),
(1870, 'CENTRO DOCENTE RURAL MIXTO LA MINA', 32, 184, '2020-04-01 02:55:25', '2020-04-01 02:55:25'),
(1871, 'CANAVERAL', 26, 289, '2020-04-01 02:56:01', '2020-04-01 02:56:01'),
(1872, 'ESCUELA RURAL MIXTA SANTA LUCIA', 23, 48, '2020-04-01 02:56:09', '2020-04-01 02:56:09'),
(1873, 'CAPELLANIAS', 22, 291, '2020-04-01 02:56:34', '2020-04-01 02:56:34'),
(1874, 'LA PALMA', 35, 173, '2020-04-01 02:58:03', '2020-04-01 02:58:03'),
(1875, 'LA COSTEÑITA', 11, 336, '2020-04-01 02:58:32', '2020-04-01 02:58:32'),
(1876, 'LA ESMERALDA', 11, 162, '2020-04-01 03:00:06', '2020-04-01 03:00:06'),
(1877, 'GUAYANA', 36, 310, '2020-04-01 03:00:08', '2020-04-01 03:00:08'),
(1878, 'BELLAVISTA', 11, 376, '2020-04-01 03:00:20', '2020-04-01 03:00:20'),
(1879, 'CORTADERAS (SEDE PRINCIPAL)', 37, 434, '2020-04-01 03:00:42', '2020-04-01 03:00:42'),
(1880, 'ESCUELA RURAL MIXTA QUEBRADA ABAJO SAN ISIDRO', 27, 203, '2020-04-01 03:00:45', '2020-04-01 03:00:45'),
(1881, 'PUERTO NUEVO (SEDE PRINCIPAL)', 7, 507, '2020-04-01 03:01:16', '2020-04-01 03:01:16'),
(1882, 'LA PLANADA', 7, 266, '2020-04-01 03:02:39', '2020-04-01 03:02:39'),
(1883, 'ESCUELA RURAL MIXTA LOMA ALTA', 6, 258, '2020-04-01 03:02:44', '2020-04-01 03:02:44'),
(1884, 'ESCUELA RURAL MIXTA EL BROCHE', 6, 224, '2020-04-01 03:06:37', '2020-04-01 03:06:37'),
(1885, 'RIO HONDO', 11, 415, '2020-04-01 03:06:55', '2020-04-01 03:06:55'),
(1886, 'LA ANTIOQUENITA', 11, 35, '2020-04-01 03:07:37', '2020-04-01 03:07:37'),
(1887, 'SANTA INES', 31, 408, '2020-04-01 03:09:06', '2020-04-01 03:09:06'),
(1888, 'CENTRO DOCENTE RURAL VALLES HONDOS', 32, 181, '2020-04-01 03:09:53', '2020-04-01 03:09:53'),
(1889, 'CENTRO DOCENTE EL PINAR DEL RIO', 11, 264, '2020-04-01 03:11:50', '2020-04-01 03:11:50'),
(1890, 'ESCUELA RURAL MIXTA LA CAPILLA', 15, 301, '2020-04-01 03:12:42', '2020-04-01 03:12:42'),
(1891, 'ESCUELA RURAL MIXTA EL ARADO', 36, 143, '2020-04-01 03:13:30', '2020-04-01 03:13:30'),
(1892, 'ESCUELA RURAL MIXTA LA MARIA', 12, 218, '2020-04-01 03:13:49', '2020-04-01 03:13:49'),
(1893, 'ESCUELA RURAL MIXTA EL PRADO', 4, 140, '2020-04-01 03:14:06', '2020-04-01 03:14:06'),
(1894, 'ESCUELA RURAL PARA VARONES PURACE', 30, 321, '2020-04-01 03:15:18', '2020-04-01 03:15:18'),
(1895, 'ESCUELA RURAL MIXTA MIRAVALLE', 15, 301, '2020-04-01 03:15:39', '2020-04-01 03:15:39'),
(1896, 'CERM INTEGRADA ARRAYÁN CHOCHO - SEDE PRINCIPAL', 25, 526, '2020-04-01 03:16:06', '2020-04-01 03:16:06'),
(1897, 'ESCUELA RURAL MIXTA CERRO LARGO', 37, 125, '2020-04-01 03:16:32', '2020-04-01 03:16:32'),
(1898, 'PATIO BONITO', 30, 118, '2020-04-01 03:17:21', '2020-04-01 03:17:21'),
(1899, 'LA VICTORIA', 22, 449, '2020-04-01 03:17:54', '2020-04-01 03:17:54'),
(1900, 'ANGOSTURAS', 20, 33, '2020-04-01 03:18:41', '2020-04-01 03:18:41'),
(1901, 'ARAUJO', 27, 338, '2020-04-01 03:19:54', '2020-04-01 03:19:54'),
(1902, 'CENTRO DOCENTE RURAL MIXTA ULLUCOS', 32, 184, '2020-04-01 03:20:16', '2020-04-01 03:20:16'),
(1903, 'ESCUELA RURAL MIXTA NUEVA GRANADA', 4, 377, '2020-04-01 03:20:43', '2020-04-01 03:20:43'),
(1904, 'LA MONJA', 10, 197, '2020-04-01 03:22:28', '2020-04-01 03:22:28'),
(1905, 'EL DIAMANTE', 20, 132, '2020-04-01 03:22:56', '2020-04-01 03:22:56'),
(1906, 'AGUA BLANCA', 6, 34, '2020-04-01 03:23:03', '2020-04-01 03:23:03'),
(1907, 'CENTRO ACADEMICO GALILEA', 9, 148, '2020-04-01 03:23:05', '2020-04-01 03:23:05'),
(1908, 'ESCUELA MIXTA GABRIELAS', 37, 125, '2020-04-01 03:24:02', '2020-04-01 03:24:02'),
(1909, 'EL PENOL', 37, 437, '2020-04-01 03:24:29', '2020-04-01 03:24:29'),
(1910, 'GUAZABARITA', 11, 156, '2020-04-01 03:24:43', '2020-04-01 03:24:43'),
(1911, 'ESCUELA RURAL MIXTA NUEVO PARAISO- LA ALITA', 6, 327, '2020-04-01 03:24:47', '2020-04-01 03:24:47'),
(1912, 'MARSELLA (SEDE PRINCIPAL)', 38, 535, '2020-04-01 03:24:51', '2020-04-01 03:24:51'),
(1913, 'CENTRO DOCENTE JOSÉ CLÍMACO CHOCUE', 6, 329, '2020-04-01 03:25:24', '2020-04-01 03:25:24'),
(1914, 'ALTO BONITO', 36, 188, '2020-04-01 03:25:38', '2020-04-01 03:25:38'),
(1915, 'CENTRO DOCENTE RURAL MIXTO ALTAMIRA', 25, 380, '2020-04-01 03:26:18', '2020-04-01 03:26:18'),
(1916, 'SAN BERNARDO', 17, 490, '2020-04-01 03:26:32', '2020-04-01 03:26:32'),
(1917, 'SALINAS', 12, 18, '2020-04-01 03:26:33', '2020-04-01 03:26:33'),
(1918, 'EL ZULIA', 26, 290, '2020-04-01 03:27:13', '2020-04-01 03:27:13'),
(1919, 'LA MONJA', 22, 291, '2020-04-01 03:27:41', '2020-04-01 03:27:41'),
(1920, 'ESCUELA RURAL MIXTA LA CAPILLA', 27, 203, '2020-04-01 03:28:06', '2020-04-01 03:28:06'),
(1921, 'ERM SATWESX ÜUS YAT (LA CASA DEL CONOCIMIENTO)', 35, 171, '2020-04-01 03:28:18', '2020-04-01 03:28:18'),
(1922, 'YARUMALES (SEDE PRINCIPAL)', 8, 506, '2020-04-01 03:28:40', '2020-04-01 03:28:40'),
(1923, 'EL CUCHO', 7, 318, '2020-04-01 03:28:44', '2020-04-01 03:28:44'),
(1924, 'BELLOHORIZONTE', 7, 318, '2020-04-01 03:28:48', '2020-04-01 03:28:48'),
(1925, 'SAN ANTONIO MEDIO', 20, 33, '2020-04-01 03:28:57', '2020-04-01 03:28:57'),
(1926, 'EL CUCHO', 37, 434, '2020-04-01 03:29:06', '2020-04-01 03:29:06'),
(1927, 'ESCUELA RURAL MIXTA LOMITAS', 9, 280, '2020-04-01 03:29:21', '2020-04-01 03:29:21'),
(1928, 'POTRERO GRANDE', 37, 131, '2020-04-01 03:32:27', '2020-04-01 03:32:27'),
(1929, 'UFUGU', 18, 324, '2020-04-01 03:34:30', '2020-04-01 03:34:30'),
(1930, 'ESCUELA RURAL MIXTA SANTA MARTA', 27, 205, '2020-04-01 03:35:27', '2020-04-01 03:35:27'),
(1931, 'NAVARRO', 11, 158, '2020-04-01 03:37:37', '2020-04-01 03:37:37'),
(1932, 'CENTRO DOCENTE LA JAGUITO', 6, 475, '2020-04-01 03:38:22', '2020-04-01 03:38:22'),
(1933, 'LA PALMA', 41, 241, '2020-04-01 03:38:53', '2020-04-01 03:38:53'),
(1934, 'GUAYABAL', 11, 163, '2020-04-01 03:39:30', '2020-04-01 03:39:30'),
(1935, 'LOS CEDROS', 41, 239, '2020-04-01 03:41:16', '2020-04-01 03:41:16'),
(1936, 'ESCUELA RURAL MIXTA AURES', 4, 140, '2020-04-01 03:41:36', '2020-04-01 03:41:36'),
(1937, 'EL RINCON', 7, 9, '2020-04-01 03:41:49', '2020-04-01 03:41:49'),
(1938, 'SENDERITO', 28, 390, '2020-04-01 03:44:30', '2020-04-01 03:44:30'),
(1939, 'EL ZARZAL', 20, 486, '2020-04-01 03:45:01', '2020-04-01 03:45:01'),
(1940, 'CENTRO DOCENTE NUEVO SAN RAFAEL', 6, 326, '2020-04-01 03:45:02', '2020-04-01 03:45:02'),
(1941, 'CENTRO DOCENTE RURAL MIXTO MIRAFLORES', 34, 343, '2020-04-01 03:45:14', '2020-04-01 03:45:14'),
(1942, 'ESCUELA RURAL MIXTA QUEBRADITAS', 27, 206, '2020-04-01 03:45:33', '2020-04-01 03:45:33'),
(1943, 'CE PISANRABO - SEDE PRINCIPAL', 30, 537, '2020-04-01 03:48:59', '2020-04-01 03:48:59'),
(1944, 'SAN ANTONIO DEL VERGEL', 20, 33, '2020-04-01 03:50:42', '2020-04-01 03:50:42'),
(1945, 'ESCUELA RURAL MIXTA SAN JOSE', 27, 205, '2020-04-01 03:51:13', '2020-04-01 03:51:13'),
(1946, 'SAN FERNANDO', 5, 52, '2020-04-01 03:53:18', '2020-04-01 03:53:18'),
(1947, 'ESCUELA RURAL MIXTA EL MIRADOR', 30, 529, '2020-04-01 03:53:42', '2020-04-01 03:53:42'),
(1948, 'CABITO', 14, 23, '2020-04-01 03:54:04', '2020-04-01 03:54:04'),
(1949, 'SAN LUIS ARRIBA', 15, 356, '2020-04-01 03:54:22', '2020-04-01 03:54:22'),
(1950, 'LA LLANADA', 36, 310, '2020-04-01 03:57:35', '2020-04-01 03:57:35'),
(1951, 'LA DOMINGA', 14, 299, '2020-04-01 03:58:10', '2020-04-01 03:58:10'),
(1952, 'ESCUELA RURAL MIXTA LA ESMERALDA', 15, 301, '2020-04-01 03:58:26', '2020-04-01 03:58:26'),
(1953, 'CENTRO DOCENTE RURAL MIXTO NUEVA ORLEANS', 34, 343, '2020-04-01 03:58:53', '2020-04-01 03:58:53'),
(1954, 'ESCUELA RURAL MIXTA LA PALMA DE SAN JUAN', 22, 477, '2020-04-01 03:59:46', '2020-04-01 03:59:46'),
(1955, 'CAUCA', 11, 335, '2020-04-01 04:01:56', '2020-04-01 04:01:56'),
(1956, 'PUNTA DEL COCO', 2, 60, '2020-04-01 04:04:02', '2020-04-01 04:04:02'),
(1957, 'CHIRIBIO', 41, 267, '2020-04-01 04:04:13', '2020-04-01 04:04:13'),
(1958, 'ERM TIERRAS BLANCAS CENTRO', 35, 171, '2020-04-01 04:04:30', '2020-04-01 04:04:30'),
(1959, 'ESCUELA RURAL MIXTA EL PLAYON NAYA', 4, 361, '2020-04-01 04:04:46', '2020-04-01 04:04:46'),
(1960, 'TABLONES BAJOS', 10, 197, '2020-04-01 04:04:49', '2020-04-01 04:04:49'),
(1961, 'SANTA LUCIA', 6, 90, '2020-04-01 04:06:07', '2020-04-01 04:06:07'),
(1962, 'ESCUELA RURAL MIXTA BALCONCRUZ', 37, 125, '2020-04-01 04:09:29', '2020-04-01 04:09:29'),
(1963, 'FRAGUA VIEJO', 13, 261, '2020-04-01 04:10:39', '2020-04-01 04:10:39'),
(1964, 'GUADUALITO', 28, 243, '2020-04-01 04:13:46', '2020-04-01 04:13:46'),
(1965, 'LAS PALMAS', 20, 132, '2020-04-01 04:15:19', '2020-04-01 04:15:19'),
(1966, 'CENTRO DOCENTE ALTO  COCONUCO', 30, 512, '2020-04-01 04:15:36', '2020-04-01 04:15:36'),
(1967, 'CASPICARACHO', 26, 119, '2020-04-01 04:15:58', '2020-04-01 04:15:58'),
(1968, 'JUAN RUIZ', 37, 434, '2020-04-01 04:16:07', '2020-04-01 04:16:07'),
(1969, 'EL JORDAN', 17, 494, '2020-04-01 04:17:17', '2020-04-01 04:17:17'),
(1970, 'JUAN NUNEZ', 2, 43, '2020-04-01 04:17:20', '2020-04-01 04:17:20'),
(1971, 'QUINTERO', 29, 533, '2020-04-01 04:17:22', '2020-04-01 04:17:22'),
(1972, 'EL CONVENIO', 13, 413, '2020-04-01 04:17:40', '2020-04-01 04:17:40'),
(1973, 'MECAJE', 11, 14, '2020-04-01 04:18:30', '2020-04-01 04:18:30'),
(1974, 'ESCUELA RURAL MIXTA EL COFRE', 34, 343, '2020-04-01 04:18:44', '2020-04-01 04:18:44'),
(1975, 'LOMA LARGA-QUILCACE', 11, 162, '2020-04-01 04:18:50', '2020-04-01 04:18:50'),
(1976, 'ESCUELA RURAL MIXTA LA  PAJOSA ALTA', 34, 200, '2020-04-01 04:19:37', '2020-04-01 04:19:37'),
(1977, 'CAMPO BELLO', 11, 35, '2020-04-01 04:19:40', '2020-04-01 04:19:40'),
(1978, 'ALTAMIRA LA VILLA', 26, 451, '2020-04-01 04:19:50', '2020-04-01 04:19:50'),
(1979, 'CENTRO DOCENTE RURAL MIXTO LA PALMA', 23, 510, '2020-04-01 04:19:52', '2020-04-01 04:19:52'),
(1980, 'SAN VICENTE', 35, 84, '2020-04-01 04:20:00', '2020-04-01 04:20:00'),
(1981, 'YARUMAL', 7, 353, '2020-04-01 04:20:03', '2020-04-01 04:20:03'),
(1982, 'LA GUADUA', 22, 138, '2020-04-01 04:21:04', '2020-04-01 04:21:04'),
(1983, 'EL EDEN - LA FLORIDA', 20, 405, '2020-04-01 04:22:24', '2020-04-01 04:22:24'),
(1984, 'ESCUELA RURAL MIXTA EL CASCAJAL', 6, 327, '2020-04-01 04:23:08', '2020-04-01 04:23:08'),
(1985, 'ANTONIA SANTOS', 8, 10, '2020-04-01 04:24:01', '2020-04-01 04:24:01'),
(1986, 'LA PARAMILLA', 7, 353, '2020-04-01 04:25:12', '2020-04-01 04:25:12'),
(1987, 'BELLAVISTA', 29, 531, '2020-04-01 04:25:26', '2020-04-01 04:25:26'),
(1988, 'NUEVA ESPERANZA', 13, 21, '2020-04-01 04:25:52', '2020-04-01 04:25:52'),
(1989, 'EL PALMAR', 27, 338, '2020-04-01 04:25:57', '2020-04-01 04:25:57'),
(1990, 'LA PALESTINA', 6, 7, '2020-04-01 04:26:38', '2020-04-01 04:26:38'),
(1991, 'PURETO', 28, 390, '2020-04-01 04:28:04', '2020-04-01 04:28:04'),
(1992, 'SAN MIGUEL', 37, 130, '2020-04-01 04:28:16', '2020-04-01 04:28:16'),
(1993, 'EL TUNO', 39, 471, '2020-04-01 04:30:40', '2020-04-01 04:30:40'),
(1994, 'ESCUELA RURAL MIXTA SAN VICENTE', 27, 339, '2020-04-01 04:31:09', '2020-04-01 04:31:09'),
(1995, 'EL CRUCERO', 7, 318, '2020-04-01 04:31:14', '2020-04-01 04:31:14'),
(1996, 'SAN LORENZO', 17, 297, '2020-04-01 04:31:23', '2020-04-01 04:31:23'),
(1997, 'CABUYAL', 11, 158, '2020-04-01 04:32:04', '2020-04-01 04:32:04'),
(1998, 'LA FONDA DAMIAN', 28, 243, '2020-04-01 04:32:36', '2020-04-01 04:32:36'),
(1999, 'CENTRO DOCENTE RURAL JERUSALEM', 6, 475, '2020-04-01 04:32:56', '2020-04-01 04:32:56'),
(2000, 'LA ESPERANZA', 38, 515, '2020-04-01 04:33:11', '2020-04-01 04:33:11'),
(2001, 'EL CEDRO', 26, 35, '2020-04-01 04:34:17', '2020-04-01 04:34:17'),
(2002, 'LAS CRUCES', 10, 401, '2020-04-01 04:34:35', '2020-04-01 04:34:35'),
(2003, 'LA FLORIDA', 10, 401, '2020-04-01 04:34:44', '2020-04-01 04:34:44'),
(2004, 'LOS ARBOLES (SEDE PRINCIPAL)', 38, 515, '2020-04-01 04:34:48', '2020-04-01 04:34:48'),
(2005, 'ESCUELA RURAL MIXTA SANTA ROSA', 21, 39, '2020-04-01 04:34:49', '2020-04-01 04:34:49'),
(2006, 'LOS PLANES', 10, 401, '2020-04-01 04:34:59', '2020-04-01 04:34:59'),
(2007, 'PUEBLO NUEVO', 10, 195, '2020-04-01 04:35:02', '2020-04-01 04:35:02'),
(2008, 'NUESTRA SENORA DE LAS LAJAS', 6, 362, '2020-04-01 04:36:10', '2020-04-01 04:36:10'),
(2009, 'SANTA BARBARA', 17, 297, '2020-04-01 04:36:54', '2020-04-01 04:36:54'),
(2010, 'EL PORVENIR', 29, 531, '2020-04-01 04:38:06', '2020-04-01 04:38:06'),
(2011, 'LOS MEDIOS', 10, 196, '2020-04-01 04:38:07', '2020-04-01 04:38:07'),
(2012, 'LOS LINDEROS', 4, 518, '2020-04-01 04:38:18', '2020-04-01 04:38:18'),
(2013, 'EL HATO', 38, 515, '2020-04-01 04:38:48', '2020-04-01 04:38:48'),
(2014, 'ESCUELA RURAL MIXTA ESCALERETA', 27, 205, '2020-04-01 04:40:02', '2020-04-01 04:40:02'),
(2015, 'ESCUELA RURAL MIXTA LAS CRUCES', 15, 154, '2020-04-01 04:41:15', '2020-04-01 04:41:15'),
(2016, 'LA PRIMAVERA (SEDE PRINCIPAL)', 20, 407, '2020-04-01 04:42:10', '2020-04-01 04:42:10'),
(2017, 'ESCUELA MIXTA EL GUAMBIAL', 37, 125, '2020-04-01 04:43:02', '2020-04-01 04:43:02'),
(2018, 'EL JAGUAL', 11, 354, '2020-04-01 04:43:39', '2020-04-01 04:43:39'),
(2019, 'ESCUELA RURAL MIXTA EL BOQUERON', 15, 301, '2020-04-01 04:45:10', '2020-04-01 04:45:10'),
(2020, 'CIGARRAS', 39, 462, '2020-04-01 04:45:25', '2020-04-01 04:45:25'),
(2021, 'ESCUELA RURAL MIXTA VITOYO', 32, 181, '2020-04-01 04:45:31', '2020-04-01 04:45:31'),
(2022, 'GUELEITO', 11, 418, '2020-04-01 04:45:33', '2020-04-01 04:45:33'),
(2023, 'SAMBONI BAJO', 29, 521, '2020-04-01 04:46:13', '2020-04-01 04:46:13'),
(2024, 'LOS ALPES', 11, 336, '2020-04-01 04:46:26', '2020-04-01 04:46:26'),
(2025, 'RIO BLANCO', 11, 481, '2020-04-01 04:46:35', '2020-04-01 04:46:35'),
(2026, 'LA RAMADA', 22, 138, '2020-04-01 04:47:12', '2020-04-01 04:47:12'),
(2027, 'JUANA CASTAÑA', 33, 469, '2020-04-01 04:48:11', '2020-04-01 04:48:11'),
(2028, 'LAS PERLAS', 7, 283, '2020-04-01 04:48:12', '2020-04-01 04:48:12'),
(2029, 'EL CIDRAL', 22, 383, '2020-04-01 04:48:18', '2020-04-01 04:48:18'),
(2030, 'PENAS BLANCAS', 11, 354, '2020-04-01 04:48:49', '2020-04-01 04:48:49'),
(2031, 'LA BANDA', 29, 470, '2020-04-01 04:49:09', '2020-04-01 04:49:09'),
(2032, 'ESCUELA RURAL MIXTA LA ESPERANZA', 39, 222, '2020-04-01 04:49:54', '2020-04-01 04:49:54'),
(2033, 'CENTRO DOCENTE RURAL MIXTA LA CALERA', 19, 340, '2020-04-01 04:51:11', '2020-04-01 04:51:11'),
(2034, 'EL CONVENIO', 7, 318, '2020-04-01 04:51:22', '2020-04-01 04:51:22'),
(2035, 'LA GOLONDRINA', 22, 449, '2020-04-01 04:51:25', '2020-04-01 04:51:25'),
(2036, 'PORTACHUELO BAJO', 22, 504, '2020-04-01 04:52:41', '2020-04-01 04:52:41'),
(2037, 'EL BARRIAL', 22, 449, '2020-04-01 04:52:46', '2020-04-01 04:52:46'),
(2038, 'EL CASCAJAL', 11, 415, '2020-04-01 04:53:20', '2020-04-01 04:53:20'),
(2039, 'MONTANA NEGRA', 26, 289, '2020-04-01 04:53:25', '2020-04-01 04:53:25'),
(2040, 'SAN JUAN DEL CUCHO', 20, 493, '2020-04-01 04:53:28', '2020-04-01 04:53:28'),
(2041, 'LA COCHA', 26, 487, '2020-04-01 04:53:42', '2020-04-01 04:53:42'),
(2042, 'PITAYAS', 37, 131, '2020-04-01 04:54:20', '2020-04-01 04:54:20'),
(2043, 'GUAYABAL', 7, 32, '2020-04-01 04:55:26', '2020-04-01 04:55:26'),
(2044, 'MURGUEITIO', 11, 527, '2020-04-01 04:55:43', '2020-04-01 04:55:43'),
(2045, 'GUETACO', 35, 173, '2020-04-01 04:56:04', '2020-04-01 04:56:04'),
(2046, 'EL PEDREGAL', 6, 228, '2020-04-01 04:57:03', '2020-04-01 04:57:03'),
(2047, 'LA PALMERA', 11, 162, '2020-04-01 04:57:53', '2020-04-01 04:57:53'),
(2048, 'ESCUELA RURAL MIXTA EL PINUELO', 6, 224, '2020-04-01 04:58:02', '2020-04-01 04:58:02'),
(2049, 'ESCUELA RURAL MIXTA AVELINO EL FLAYO', 19, 342, '2020-04-01 04:59:23', '2020-04-01 04:59:23'),
(2050, 'ESCUELA RURAL MIXTA PITALITO NAYA', 4, 361, '2020-04-01 04:59:49', '2020-04-01 04:59:49'),
(2051, 'ESCUELA RURAL MIXTA BRISAS NAYA', 4, 361, '2020-04-01 05:00:11', '2020-04-01 05:00:11'),
(2052, 'MAZAMORRERO', 6, 393, '2020-04-01 05:02:15', '2020-04-01 05:02:15'),
(2053, 'CE PULULO - SEDE PRINCIPAL', 30, 538, '2020-04-01 05:04:37', '2020-04-01 05:04:37'),
(2054, 'NUEVA GRANADA', 11, 368, '2020-04-01 05:05:14', '2020-04-01 05:05:14'),
(2055, 'ESCUELA RURAL MIXTA EL EPIRO', 32, 184, '2020-04-01 05:05:27', '2020-04-01 05:05:27'),
(2056, 'CENTRO DOCENTE RURAL MIXTO NAPOLES', 25, 380, '2020-04-01 05:05:53', '2020-04-01 05:05:53'),
(2057, 'ESC RUR MIX LA LAGUNA BILINGUE', 21, 39, '2020-04-01 05:06:01', '2020-04-01 05:06:01'),
(2058, 'FLORENCIA', 38, 166, '2020-04-01 05:06:28', '2020-04-01 05:06:28'),
(2059, 'EL TUNO', 7, 80, '2020-04-01 05:07:13', '2020-04-01 05:07:13'),
(2060, 'PINZATUMBA', 22, 383, '2020-04-01 05:08:40', '2020-04-01 05:08:40'),
(2061, 'EL TABLON', 29, 531, '2020-04-01 05:10:49', '2020-04-01 05:10:49'),
(2062, 'EL TOLEDO', 22, 455, '2020-04-01 05:11:00', '2020-04-01 05:11:00'),
(2063, 'ALTO BONITO', 7, 298, '2020-04-01 05:11:17', '2020-04-01 05:11:17'),
(2064, 'EL DIFICIL', 20, 33, '2020-04-01 05:11:19', '2020-04-01 05:11:19'),
(2065, 'ESCUELA RURAL MIXTA EL POTRERO', 37, 125, '2020-04-01 05:11:36', '2020-04-01 05:11:36'),
(2066, 'COSTA NUEVA', 11, 163, '2020-04-01 05:11:47', '2020-04-01 05:11:47'),
(2067, 'FINLANDIA', 28, 390, '2020-04-01 05:13:07', '2020-04-01 05:13:07'),
(2068, 'EL ACHIRAL', 17, 370, '2020-04-01 05:14:54', '2020-04-01 05:14:54'),
(2069, 'LA CARRERA', 36, 374, '2020-04-01 05:15:10', '2020-04-01 05:15:10'),
(2070, 'ESCUELA RURAL MIXTA NUEVA EL DANUBIO', 15, 301, '2020-04-01 05:15:30', '2020-04-01 05:15:30'),
(2071, 'NUEVA LA CEJA', 31, 479, '2020-04-01 05:18:14', '2020-04-01 05:18:14'),
(2072, 'ESCUELA RURAL  MIXTA PUSQUINES', 41, 242, '2020-04-01 05:19:30', '2020-04-01 05:19:30'),
(2073, 'SANTA TERESA', 29, 247, '2020-04-01 05:19:35', '2020-04-01 05:19:35'),
(2074, 'ESCUELA RURAL MIXTA GUADUALITO (EL COROZO)', 6, 329, '2020-04-01 05:20:13', '2020-04-01 05:20:13'),
(2075, 'ESCUELA RURAL MIXTA PATUGO', 30, 537, '2020-04-01 05:20:26', '2020-04-01 05:20:26'),
(2076, 'ESCUELA RURAL MIXTA DOMINGUILLO', 37, 125, '2020-04-01 05:20:39', '2020-04-01 05:20:39'),
(2077, 'PUERTA GRANDE', 33, 469, '2020-04-01 05:21:04', '2020-04-01 05:21:04'),
(2078, 'CAMPO ALEGRE', 24, 53, '2020-04-01 05:21:12', '2020-04-01 05:21:12'),
(2079, 'LA ESMERALDA (SEDE PRINCIPAL)', 4, 518, '2020-04-01 05:21:20', '2020-04-01 05:21:20'),
(2080, 'CENTRO DOCENTE LA CASCADA', 28, 333, '2020-04-01 05:21:21', '2020-04-01 05:21:21'),
(2081, 'GUINEAL BAJO', 22, 138, '2020-04-01 05:21:33', '2020-04-01 05:21:33'),
(2082, 'ESCUELA RURAL MIXTA LA ESPERANZA', 36, 143, '2020-04-01 05:22:11', '2020-04-01 05:22:11'),
(2083, 'CENTRO DOCENTE RURAL MIXTA MALVAZA', 34, 343, '2020-04-01 05:22:21', '2020-04-01 05:22:21'),
(2084, 'CENTRO RURAL MIXTO MATECANA', 28, 333, '2020-04-01 05:23:12', '2020-04-01 05:23:12'),
(2085, 'EL AGUILA', 27, 338, '2020-04-01 05:24:07', '2020-04-01 05:24:07'),
(2086, 'PALMIRA', 27, 338, '2020-04-01 05:24:21', '2020-04-01 05:24:21'),
(2087, 'ESCUELA RURAL MIXTA EL PICACHO', 35, 169, '2020-04-01 05:25:23', '2020-04-01 05:25:23'),
(2088, 'LA DESPENSA', 7, 215, '2020-04-01 05:27:28', '2020-04-01 05:27:28'),
(2089, 'LA MUNDA', 24, 53, '2020-04-01 05:31:23', '2020-04-01 05:31:23'),
(2090, 'ESCUELA RURAL MIXTA CUARE', 30, 538, '2020-04-01 05:32:13', '2020-04-01 05:32:13'),
(2091, 'ESCUELA RURAL MIXTA GUAITALA', 6, 258, '2020-04-01 05:32:17', '2020-04-01 05:32:17'),
(2092, 'VILLANUEVA', 10, 197, '2020-04-01 05:32:46', '2020-04-01 05:32:46'),
(2093, 'PINULPI ISLA DE  TOMAS', 1, 62, '2020-04-01 05:33:12', '2020-04-01 05:33:12'),
(2094, 'CAPITANES', 26, 536, '2020-04-01 05:33:24', '2020-04-01 05:33:24'),
(2095, 'SANTA ROSA', 6, 227, '2020-04-01 05:33:30', '2020-04-01 05:33:30'),
(2096, 'BETANIA (SEDE PRINCIPAL)', 20, 405, '2020-04-01 05:34:48', '2020-04-01 05:34:48'),
(2097, 'EL PARNAZO', 26, 421, '2020-04-01 05:36:32', '2020-04-01 05:36:32'),
(2098, 'CARBONERA ALTA', 22, 291, '2020-04-01 05:38:05', '2020-04-01 05:38:05'),
(2099, 'LA AGUADA', 7, 215, '2020-04-01 05:38:18', '2020-04-01 05:38:18'),
(2100, 'CENTRO DOCENTE PIENDAMO ARRIBA', 23, 48, '2020-04-01 05:38:35', '2020-04-01 05:38:35'),
(2101, 'EL TRIUNFO', 13, 261, '2020-04-01 05:38:35', '2020-04-01 05:38:35'),
(2102, 'GUADUALITO', 11, 35, '2020-04-01 05:38:42', '2020-04-01 05:38:42'),
(2103, 'EL NARANJAL', 31, 369, '2020-04-01 05:41:13', '2020-04-01 05:41:13'),
(2104, 'ESCUELA EVANGELISTA RISARALDA', 9, 148, '2020-04-01 05:41:40', '2020-04-01 05:41:40'),
(2105, 'VISTA HERMOSA', 11, 368, '2020-04-01 05:42:00', '2020-04-01 05:42:00'),
(2106, 'EL PLATANILLAL', 41, 240, '2020-04-01 05:42:02', '2020-04-01 05:42:02'),
(2107, 'CACHIMBAL', 6, 424, '2020-04-01 05:43:31', '2020-04-01 05:43:31'),
(2108, 'LOS BANCOS', 16, 425, '2020-04-01 05:44:23', '2020-04-01 05:44:23'),
(2109, 'CERRO BOYACA', 26, 536, '2020-04-01 05:44:43', '2020-04-01 05:44:43'),
(2110, 'HATOFRIO', 41, 239, '2020-04-01 05:45:40', '2020-04-01 05:45:40'),
(2111, 'ESCUELA RURAL MIXTA DE ARANZAZU', 27, 339, '2020-04-01 05:45:54', '2020-04-01 05:45:54'),
(2112, 'LA PALMA', 22, 474, '2020-04-01 05:46:05', '2020-04-01 05:46:05'),
(2113, 'BAJO SANTA ANA', 6, 519, '2020-04-01 05:46:16', '2020-04-01 05:46:16'),
(2114, 'EL ARRAYAN', 12, 509, '2020-04-01 05:48:44', '2020-04-01 05:48:44'),
(2115, 'ESCUELA RURAL MIXTA COBALO', 30, 537, '2020-04-01 05:49:08', '2020-04-01 05:49:08'),
(2116, 'LOMA DE LA CRUZ', 25, 113, '2020-04-01 05:49:41', '2020-04-01 05:49:41'),
(2117, 'EL JARDIN', 7, 215, '2020-04-01 05:50:59', '2020-04-01 05:50:59'),
(2118, 'CENTRO DOCENTE RURAL MIXTO CAMOJO', 23, 331, '2020-04-01 05:51:38', '2020-04-01 05:51:38'),
(2119, 'SAN JOSE', 30, 463, '2020-04-01 05:53:50', '2020-04-01 05:53:50'),
(2120, 'LA PINTADA', 36, 309, '2020-04-01 05:53:58', '2020-04-01 05:53:58'),
(2121, 'ESCUELA VEINTE DE JULIO MICHAMBE', 23, 237, '2020-04-01 05:54:21', '2020-04-01 05:54:21'),
(2122, 'EL LIMON', 11, 354, '2020-04-01 05:54:39', '2020-04-01 05:54:39'),
(2123, 'ORTEGA LLANOS', 11, 418, '2020-04-01 05:54:44', '2020-04-01 05:54:44'),
(2124, 'QUEBRADA HONDA', 11, 415, '2020-04-01 05:54:57', '2020-04-01 05:54:57'),
(2125, 'CE VUELTAS DE PATICO - SEDE PRINCIPAL', 30, 539, '2020-04-01 05:54:58', '2020-04-01 05:54:58'),
(2126, 'REMOLINO', 7, 353, '2020-04-01 05:56:11', '2020-04-01 05:56:11'),
(2127, 'EL PURO', 7, 80, '2020-04-01 05:56:30', '2020-04-01 05:56:30'),
(2128, 'LA PAMPA', 36, 120, '2020-04-01 05:56:51', '2020-04-01 05:56:51'),
(2129, 'GUAYACANES', 37, 131, '2020-04-01 05:57:24', '2020-04-01 05:57:24'),
(2130, 'ESCUELA RURAL MIXTA LAS DANTAS', 24, 360, '2020-04-01 05:58:38', '2020-04-01 05:58:38'),
(2131, 'EL PILON', 10, 194, '2020-04-01 06:00:29', '2020-04-01 06:00:29'),
(2132, 'SAN VICENTE', 7, 298, '2020-04-01 06:00:30', '2020-04-01 06:00:30'),
(2133, 'ESCUELA RURAL MIXTA GUAYAQUIL', 34, 277, '2020-04-01 06:01:44', '2020-04-01 06:01:44'),
(2134, 'GUAYABAL', 6, 227, '2020-04-01 06:02:19', '2020-04-01 06:02:19'),
(2135, 'CENT DOC RUR MIX PUENTE TIERRA', 34, 343, '2020-04-01 06:03:08', '2020-04-01 06:03:08'),
(2136, 'EL RETIRO', 18, 394, '2020-04-01 06:05:29', '2020-04-01 06:05:29'),
(2137, 'CANGREJO', 10, 194, '2020-04-01 06:05:40', '2020-04-01 06:05:40'),
(2138, 'EL BOMBONAL', 13, 21, '2020-04-01 06:06:27', '2020-04-01 06:06:27'),
(2139, 'EL TAMBO (SEDE PRINCIPAL)', 22, 456, '2020-04-01 06:06:40', '2020-04-01 06:06:40'),
(2140, 'ALTAMIRA', 7, 283, '2020-04-01 06:07:24', '2020-04-01 06:07:24'),
(2141, 'BAJO MAZAMORRAS', 27, 338, '2020-04-01 06:07:37', '2020-04-01 06:07:37'),
(2142, 'CABUYO ALTO', 26, 421, '2020-04-01 06:09:13', '2020-04-01 06:09:13'),
(2143, 'LA GALLERA', 11, 368, '2020-04-01 06:11:56', '2020-04-01 06:11:56'),
(2144, 'CALLE LARGA', 2, 43, '2020-04-01 06:12:04', '2020-04-01 06:12:04'),
(2145, 'LA VENTICA', 7, 9, '2020-04-01 06:12:58', '2020-04-01 06:12:58'),
(2146, 'ESCUELA RURAL MIXTA MESA DE TALAGA', 27, 97, '2020-04-01 06:12:58', '2020-04-01 06:12:58'),
(2147, 'LA AGUADITA', 11, 159, '2020-04-01 06:16:35', '2020-04-01 06:16:35'),
(2148, 'EL TETILLO', 8, 315, '2020-04-01 06:17:31', '2020-04-01 06:17:31'),
(2149, 'MONDOMITO', 6, 228, '2020-04-01 06:17:34', '2020-04-01 06:17:34'),
(2150, 'ALBANIA', 36, 309, '2020-04-01 06:18:49', '2020-04-01 06:18:49'),
(2151, 'LA CUMBRE', 26, 290, '2020-04-01 06:18:53', '2020-04-01 06:18:53'),
(2152, 'ALTO MAZAMORRAS', 27, 338, '2020-04-01 06:20:28', '2020-04-01 06:20:28'),
(2153, 'ESCUELA RURAL MIXTA ARRAYANAL', 22, 520, '2020-04-01 06:20:58', '2020-04-01 06:20:58'),
(2154, 'ERM BILINGÜE CHONAARAKINISIA EL PARTIDERO', 3, 276, '2020-04-01 06:21:07', '2020-04-01 06:21:07'),
(2155, 'NINA MARIA ARDOVELA', 6, 90, '2020-04-01 06:21:15', '2020-04-01 06:21:15'),
(2156, 'CENTRO DOCENTE RURAL MIXTO SANTO DOMINGO', 19, 525, '2020-04-01 06:21:44', '2020-04-01 06:21:44'),
(2157, 'CENTRO DOCENTE RURAL MIXTO SANTA RITA', 19, 180, '2020-04-01 06:22:16', '2020-04-01 06:22:16'),
(2158, 'SAN MARTIN', 35, 279, '2020-04-01 06:25:30', '2020-04-01 06:25:30'),
(2159, 'LA ESPERANZA', 33, 134, '2020-04-01 06:26:53', '2020-04-01 06:26:53'),
(2160, 'BETANIA', 36, 188, '2020-04-01 06:27:33', '2020-04-01 06:27:33'),
(2161, 'ESCUELA RURAL MIXTA MANDIYACO', 40, 412, '2020-04-01 06:27:57', '2020-04-01 06:27:57'),
(2162, 'CENTRO DOCENTE RURAL MIXTO LA RINCONADA', 6, 475, '2020-04-01 06:28:02', '2020-04-01 06:28:02'),
(2163, 'CAMPO ALEGRE', 36, 188, '2020-04-01 06:28:05', '2020-04-01 06:28:05'),
(2164, 'CUCHILLA DEL HATO', 38, 199, '2020-04-01 06:29:02', '2020-04-01 06:29:02'),
(2165, 'ESCUELA RURAL MIXTA EL SOCORRO', 25, 380, '2020-04-01 06:30:08', '2020-04-01 06:30:08'),
(2166, 'ZABALETAS', 11, 163, '2020-04-01 06:30:42', '2020-04-01 06:30:42'),
(2167, 'MULALO', 7, 80, '2020-04-01 06:31:38', '2020-04-01 06:31:38'),
(2168, 'CERRO BLANDITO', 26, 290, '2020-04-01 06:32:47', '2020-04-01 06:32:47'),
(2169, 'CENTRO DOCENTE RURAL MIXTO GALLINAZAS', 19, 502, '2020-04-01 06:33:58', '2020-04-01 06:33:58'),
(2170, 'CAMPO ALEGRE', 26, 536, '2020-04-01 06:34:03', '2020-04-01 06:34:03'),
(2171, 'CENTRO DOCENTE HISPALA', 30, 539, '2020-04-01 06:34:37', '2020-04-01 06:34:37'),
(2172, 'EL MIRADOR', 20, 407, '2020-04-01 06:36:27', '2020-04-01 06:36:27'),
(2173, 'ESCUELA RURAL MIXTA ARAGON', 22, 477, '2020-04-01 06:39:19', '2020-04-01 06:39:19'),
(2174, 'LA HONDA (SEDE PRINCIPAL)', 37, 437, '2020-04-01 06:39:58', '2020-04-01 06:39:58'),
(2175, 'EL TRILLADERO (SEDE PRINCIPAL)', 39, 462, '2020-04-01 06:41:16', '2020-04-01 06:41:16'),
(2176, 'MONARES', 26, 536, '2020-04-01 06:41:53', '2020-04-01 06:41:53'),
(2177, 'EL CHAMIZO', 8, 506, '2020-04-01 06:42:42', '2020-04-01 06:42:42'),
(2178, 'ESCUELA RURAL MIXTA QUEBRADA ARRIBA', 27, 97, '2020-04-01 06:43:27', '2020-04-01 06:43:27'),
(2179, 'LOS ROBLES', 8, 506, '2020-04-01 06:43:28', '2020-04-01 06:43:28'),
(2180, 'CENTRO DOCENTE RURAL MIXTO YARUMALES ARRIBA', 15, 154, '2020-04-01 06:43:56', '2020-04-01 06:43:56'),
(2181, 'EL OCHENTA Y UNO', 26, 290, '2020-04-01 06:44:19', '2020-04-01 06:44:19'),
(2182, 'ESCUELA RURAL MIXTA PLACETILLAS', 22, 520, '2020-04-01 06:48:01', '2020-04-01 06:48:01'),
(2183, 'ESCUELA RURAL MIXTA EL PLAYON', 15, 154, '2020-04-01 06:49:45', '2020-04-01 06:49:45'),
(2184, 'LA CABANA', 28, 243, '2020-04-01 06:50:00', '2020-04-01 06:50:00'),
(2185, 'ESCUELA RURAL MIXTA  ALTO DE LA PLAYA', 36, 143, '2020-04-01 06:51:56', '2020-04-01 06:51:56'),
(2186, 'LOS APARTADEROS', 33, 505, '2020-04-01 06:52:16', '2020-04-01 06:52:16'),
(2187, 'SAN LORENZO', 33, 135, '2020-04-01 06:53:00', '2020-04-01 06:53:00'),
(2188, 'ESCUELA RURAL MIXTA BUENAVISTA', 15, 301, '2020-04-01 06:53:30', '2020-04-01 06:53:30'),
(2189, 'ESCUELA RURAL MIXTA CAMPOBELLO', 33, 187, '2020-04-01 06:54:00', '2020-04-01 06:54:00'),
(2190, 'LOS LIBERTADORES', 24, 375, '2020-04-01 06:54:42', '2020-04-01 06:54:42'),
(2191, 'EL CHILCO', 37, 131, '2020-04-01 06:55:20', '2020-04-01 06:55:20'),
(2192, 'ESCUELA RURAL MIXTA EL JORDAN', 9, 148, '2020-04-01 06:56:03', '2020-04-01 06:56:03'),
(2193, 'BAJO CARRIZAL', 17, 296, '2020-04-01 06:56:49', '2020-04-01 06:56:49'),
(2194, 'ESCUELA RURAL MIXTA EL CARMEN', 35, 171, '2020-04-01 06:57:07', '2020-04-01 06:57:07'),
(2195, 'SAN FRANCISCO', 17, 84, '2020-04-01 06:57:56', '2020-04-01 06:57:56'),
(2196, 'VENADILLO', 25, 281, '2020-04-01 06:58:00', '2020-04-01 06:58:00'),
(2197, 'LA PALMA PEDREGOSA', 17, 149, '2020-04-01 06:58:17', '2020-04-01 06:58:17'),
(2198, 'ESCUELA RURAL MIXTA RIO CLARO', 30, 382, '2020-04-01 06:59:07', '2020-04-01 06:59:07'),
(2199, 'EL CARRIZAL', 17, 296, '2020-04-01 06:59:52', '2020-04-01 06:59:52'),
(2200, 'VARONES ASNAZU', 28, 79, '2020-04-01 07:03:19', '2020-04-01 07:03:19'),
(2201, 'EL SESTEADERO (SEDE PRINCIPAL)', 22, 491, '2020-04-01 07:03:27', '2020-04-01 07:03:27'),
(2202, 'CENTRO DOCENTE SANTA MARTA', 33, 187, '2020-04-01 07:04:12', '2020-04-01 07:04:12'),
(2203, 'ALTO DE MIRAFLORES', 6, 424, '2020-04-01 07:04:15', '2020-04-01 07:04:15'),
(2204, 'EL HATO', 22, 449, '2020-04-01 07:06:45', '2020-04-01 07:06:45'),
(2205, 'OJO DE AGUA', 22, 516, '2020-04-01 07:06:52', '2020-04-01 07:06:52'),
(2206, 'EL VENERO', 22, 516, '2020-04-01 07:06:57', '2020-04-01 07:06:57'),
(2207, 'CENTRO DOCENTE RURAL MIXTO LA PLACA', 25, 380, '2020-04-01 07:07:07', '2020-04-01 07:07:07'),
(2208, 'LOS ANGELES', 17, 142, '2020-04-01 07:07:22', '2020-04-01 07:07:22'),
(2209, 'POTRERITO', 24, 375, '2020-04-01 07:07:26', '2020-04-01 07:07:26'),
(2210, 'CARAQUENO', 24, 375, '2020-04-01 07:08:13', '2020-04-01 07:08:13'),
(2211, 'SAN ANTONIO', 11, 398, '2020-04-01 07:08:23', '2020-04-01 07:08:23'),
(2212, 'EL JARDIN', 23, 233, '2020-04-01 07:10:04', '2020-04-01 07:10:04'),
(2213, 'LA PALOMA', 11, 387, '2020-04-01 07:10:38', '2020-04-01 07:10:38'),
(2214, 'EL DIVISO', 36, 188, '2020-04-01 07:11:02', '2020-04-01 07:11:02'),
(2215, 'LA GUINEA', 20, 132, '2020-04-01 07:11:28', '2020-04-01 07:11:28'),
(2216, 'SAN ROQUE', 11, 156, '2020-04-01 07:12:38', '2020-04-01 07:12:38'),
(2217, 'ESCUELA RURAL MIXTA TABIO', 30, 524, '2020-04-01 07:13:47', '2020-04-01 07:13:47'),
(2218, 'EL PORVENIR', 13, 261, '2020-04-01 07:14:35', '2020-04-01 07:14:35'),
(2219, 'CAUCA (LOS RASTROJOS) (SEDE PRINCIPAL)', 22, 449, '2020-04-01 07:14:57', '2020-04-01 07:14:57'),
(2220, 'PORTACHUELO ALTO', 22, 504, '2020-04-01 07:15:38', '2020-04-01 07:15:38'),
(2221, 'ESCUELA RURAL MIXTA LAS BRISAS', 9, 148, '2020-04-01 07:16:31', '2020-04-01 07:16:31'),
(2222, 'EL PALMAR', 20, 132, '2020-04-01 07:17:32', '2020-04-01 07:17:32'),
(2223, 'EL TABLON', 21, 478, '2020-04-01 07:17:39', '2020-04-01 07:17:39'),
(2224, 'GONZALO ACHIRAL', 37, 434, '2020-04-01 07:18:46', '2020-04-01 07:18:46'),
(2225, 'CHITACORRAL', 22, 450, '2020-04-01 07:19:11', '2020-04-01 07:19:11'),
(2226, 'ESCUELA RURAL MIXTA CAJIBIO', 36, 143, '2020-04-01 07:19:23', '2020-04-01 07:19:23'),
(2227, 'ESCUELA RURAL MIXTA JULIAN', 36, 307, '2020-04-01 07:19:44', '2020-04-01 07:19:44'),
(2228, 'ESCUELA RURAL MIXTA EL TABLON', 36, 190, '2020-04-01 07:20:12', '2020-04-01 07:20:12'),
(2229, 'ESCUELA RURAL MIXTA NUEVA ARGELIA', 36, 190, '2020-04-01 07:20:15', '2020-04-01 07:20:15'),
(2230, 'LA LAGUNA', 2, 54, '2020-04-01 07:21:57', '2020-04-01 07:21:57'),
(2231, 'MORALES NOVILLEROS', 22, 47, '2020-04-01 07:22:03', '2020-04-01 07:22:03'),
(2232, 'EL CUCHO DE CHALGUAYACO', 22, 491, '2020-04-01 07:22:05', '2020-04-01 07:22:05'),
(2233, 'ESCUELA RURAL MIXTA LA CARMELITA', 28, 417, '2020-04-01 07:23:25', '2020-04-01 07:23:25'),
(2234, 'PIEDRA GRANDE', 22, 449, '2020-04-01 07:23:52', '2020-04-01 07:23:52'),
(2235, 'ESCUELA RURAL MIXTA HATO VIEJO', 10, 91, '2020-04-01 07:24:16', '2020-04-01 07:24:16'),
(2236, 'ESCUELA RURAL MIXTA LOS CHORROS', 25, 274, '2020-04-01 07:26:02', '2020-04-01 07:26:02'),
(2237, 'MENDEZ', 7, 9, '2020-04-01 07:28:25', '2020-04-01 07:28:25'),
(2238, 'EL GUAVITO', 33, 135, '2020-04-01 07:28:50', '2020-04-01 07:28:50'),
(2239, 'LA ESTRELLA', 23, 233, '2020-04-01 07:29:41', '2020-04-01 07:29:41'),
(2240, 'ESCUELA RURAL MIXTA CHAPIO', 30, 524, '2020-04-01 07:29:47', '2020-04-01 07:29:47'),
(2241, 'ESCUELA RURAL MIXTA EL OTOVAL', 24, 360, '2020-04-01 07:30:16', '2020-04-01 07:30:16'),
(2242, 'PALIZADA ELBECIA', 37, 433, '2020-04-01 07:30:21', '2020-04-01 07:30:21'),
(2243, 'CENTRO DOCENTE RURAL NINAS LA MERCED PURACE', 30, 321, '2020-04-01 07:31:05', '2020-04-01 07:31:05'),
(2244, 'ESCUELA RURAL MIXTA GUAMBIA NUEVA', 23, 237, '2020-04-01 07:50:47', '2020-04-01 07:50:47'),
(2245, 'PALERMO', 21, 50, '2020-04-01 07:52:09', '2020-04-01 07:52:09'),
(2246, 'PUERTO MIRANDA', 13, 358, '2020-04-01 07:52:11', '2020-04-01 07:52:11'),
(2247, 'BUENAVISTA', 21, 363, '2020-04-01 07:54:17', '2020-04-01 07:54:17'),
(2248, 'EL SALTO', 22, 474, '2020-04-01 07:54:30', '2020-04-01 07:54:30'),
(2249, 'ESCUELA RURAL MIXTA  ROSA PAMBA', 37, 125, '2020-04-01 07:55:44', '2020-04-01 07:55:44'),
(2250, 'ESCUELA RURAL MIXTA HATO VIEJO', 37, 125, '2020-04-01 07:55:48', '2020-04-01 07:55:48'),
(2251, 'NABUENO', 13, 413, '2020-04-01 07:57:34', '2020-04-01 07:57:34'),
(2252, 'SANTA ROSA ALTA', 7, 353, '2020-04-01 07:58:17', '2020-04-01 07:58:17'),
(2253, 'LA CUCHILLA DEL COBRE', 22, 449, '2020-04-01 07:59:06', '2020-04-01 07:59:06'),
(2254, 'ESCUELA RURAL MIXTA EL CASCAJO', 40, 232, '2020-04-01 08:00:57', '2020-04-01 08:00:57'),
(2255, 'CE SANTA ANA', 28, 333, '2020-04-01 08:01:08', '2020-04-01 08:01:08'),
(2256, 'ANTONIO NARINO', 24, 375, '2020-04-01 08:02:19', '2020-04-01 08:02:19'),
(2257, 'MARAVALES', 28, 404, '2020-04-01 08:06:01', '2020-04-01 08:06:01'),
(2258, 'LA TEJA', 7, 507, '2020-04-01 08:06:23', '2020-04-01 08:06:23'),
(2259, 'LA PALMA O MIRADOR', 36, 309, '2020-04-01 08:07:02', '2020-04-01 08:07:02'),
(2260, 'EL HORTIGO', 22, 262, '2020-04-01 08:07:22', '2020-04-01 08:07:22'),
(2261, 'EL BOJOLEO QUILCACE', 11, 354, '2020-04-01 08:09:19', '2020-04-01 08:09:19'),
(2262, 'EL PLAN DE LA CUEVA', 22, 454, '2020-04-01 08:09:23', '2020-04-01 08:09:23'),
(2263, 'PARRAGA VIEJO', 18, 394, '2020-04-01 08:10:23', '2020-04-01 08:10:23'),
(2264, 'CENTRO DOCENTE RURAL LOS ROBLES', 28, 417, '2020-04-01 08:11:22', '2020-04-01 08:11:22'),
(2265, 'UNION GUAYABAL', 28, 243, '2020-04-01 08:11:23', '2020-04-01 08:11:23'),
(2266, 'LA CATANA', 41, 239, '2020-04-01 08:12:16', '2020-04-01 08:12:16'),
(2267, 'CENTRO DOCENTE RURAL MIXTO EL BAHO', 34, 252, '2020-04-01 08:12:22', '2020-04-01 08:12:22'),
(2268, 'AGUAS AMARILLAS', 22, 504, '2020-04-01 08:12:43', '2020-04-01 08:12:43'),
(2269, 'CORRAL VIEJO', 22, 293, '2020-04-01 08:12:46', '2020-04-01 08:12:46'),
(2270, 'EL VERGEL', 25, 281, '2020-04-01 08:13:13', '2020-04-01 08:13:13'),
(2271, 'ESCUELA RURAL MIXTA HIERBAS BUENAS', 22, 477, '2020-04-01 08:14:02', '2020-04-01 08:14:02'),
(2272, 'ESCUELA RIGCHARIKUNA', 40, 412, '2020-04-01 08:15:02', '2020-04-01 08:15:02'),
(2273, 'ESCUELA RURAL MIXTA EL NARANJAL', 28, 332, '2020-04-01 08:17:35', '2020-04-01 08:17:35'),
(2274, 'LA POZETA', 11, 278, '2020-04-01 08:18:09', '2020-04-01 08:18:09'),
(2275, 'EL MANDUR', 36, 188, '2020-04-01 08:18:15', '2020-04-01 08:18:15'),
(2276, 'GUASIMAL', 7, 298, '2020-04-01 08:18:40', '2020-04-01 08:18:40'),
(2277, 'LOS PINOS', 13, 261, '2020-04-01 08:18:58', '2020-04-01 08:18:58'),
(2278, 'ESCUELA RURAL MIXTA  BELENCITO', 35, 171, '2020-04-01 08:19:18', '2020-04-01 08:19:18'),
(2279, 'ESCUELA RURAL MIXTA EL SALERO', 33, 187, '2020-04-01 08:19:36', '2020-04-01 08:19:36'),
(2280, 'CASCAJAL', 22, 262, '2020-04-01 08:21:09', '2020-04-01 08:21:09'),
(2281, 'ARGEMIRO MEZU', 6, 223, '2020-04-01 08:23:27', '2020-04-01 08:23:27'),
(2282, 'VERSALLES', 7, 507, '2020-04-01 08:24:57', '2020-04-01 08:24:57'),
(2283, 'ESCUELA RURAL MIXTA GUASAYACO', 10, 197, '2020-04-01 08:25:55', '2020-04-01 08:25:55'),
(2284, 'CORDOBA', 35, 111, '2020-04-01 08:26:09', '2020-04-01 08:26:09'),
(2285, 'EL MOLINO', 11, 398, '2020-04-01 08:26:36', '2020-04-01 08:26:36'),
(2286, 'CHAUX (SEDE PRINCIPAL)', 17, 494, '2020-04-01 08:26:56', '2020-04-01 08:26:56'),
(2287, 'HISPANDE', 11, 14, '2020-04-01 08:27:22', '2020-04-01 08:27:22'),
(2288, 'LA PRIMAVERA', 37, 129, '2020-04-01 08:29:37', '2020-04-01 08:29:37'),
(2289, 'EL NARANJAL', 20, 132, '2020-04-01 08:29:47', '2020-04-01 08:29:47'),
(2290, 'ESCUELA RURAL MIXTA LA FLORESTA', 41, 384, '2020-04-01 08:29:58', '2020-04-01 08:29:58'),
(2291, 'ESCUELA RURAL MIXTA LOMA LINDA NAYA', 4, 361, '2020-04-01 08:30:34', '2020-04-01 08:30:34'),
(2292, 'EL GUAICO', 7, 283, '2020-04-01 08:30:50', '2020-04-01 08:30:50'),
(2293, 'EL HATICO', 7, 271, '2020-04-01 08:31:30', '2020-04-01 08:31:30'),
(2294, 'LA MANGUITA', 7, 80, '2020-04-01 08:31:33', '2020-04-01 08:31:33'),
(2295, 'EL CARANO (SEDE PRINCIPAL)', 13, 359, '2020-04-01 08:33:24', '2020-04-01 08:33:24'),
(2296, 'CANAS ARRIBA', 24, 375, '2020-04-01 08:36:16', '2020-04-01 08:36:16'),
(2297, 'ESCUELA RURAL MIXTA MORAS', 27, 205, '2020-04-01 08:38:34', '2020-04-01 08:38:34'),
(2298, 'LAS CORRALEJAS', 41, 278, '2020-04-01 08:44:01', '2020-04-01 08:44:01'),
(2299, 'BELLO HORIZONTE', 20, 33, '2020-04-01 08:47:28', '2020-04-01 08:47:28'),
(2300, 'LA ESTRELLA', 22, 291, '2020-04-01 08:51:00', '2020-04-01 08:51:00'),
(2301, 'CENTRO DOCENTE RURAL MIXTO LOPEZ', 19, 525, '2020-04-01 08:51:06', '2020-04-01 08:51:06'),
(2302, 'CERRO PELADO ALTO', 22, 504, '2020-04-01 08:51:35', '2020-04-01 08:51:35'),
(2303, 'FLORIDA PURETO', 26, 290, '2020-04-01 08:58:59', '2020-04-01 08:58:59'),
(2304, 'CENTRO DOCENTE RURAL MIXTO LOS ROBLES', 21, 39, '2020-04-01 08:59:23', '2020-04-01 08:59:23'),
(2305, 'TROPICAL TUMACO', 17, 297, '2020-04-01 09:02:02', '2020-04-01 09:02:02'),
(2306, 'CENTRO DOCENTE RURAL MIXTO LA CONQUISTA', 19, 525, '2020-04-01 09:05:06', '2020-04-01 09:05:06'),
(2307, 'VERSALLES', 11, 263, '2020-04-01 09:06:35', '2020-04-01 09:06:35'),
(2308, 'ESCUELA RURAL MIXTA DE CHAPILOMA', 41, 242, '2020-04-01 09:06:36', '2020-04-01 09:06:36'),
(2309, 'CATOTO', 28, 79, '2020-04-01 09:08:55', '2020-04-01 09:08:55'),
(2310, 'LOMA QUINTANA', 23, 364, '2020-04-01 09:10:17', '2020-04-01 09:10:17'),
(2311, '(PALMECITAS) LA SOLEDAD', 40, 423, '2020-04-01 09:10:31', '2020-04-01 09:10:31'),
(2312, 'EL RODRIGO', 22, 474, '2020-04-01 09:14:25', '2020-04-01 09:14:25'),
(2313, 'CENTRO DOCENTE RURAL MIXTO LA CRUZ', 19, 342, '2020-04-01 09:14:33', '2020-04-01 09:14:33'),
(2314, 'ESCUELA RURAL MIXTA EL PINDIO', 37, 125, '2020-04-01 09:14:49', '2020-04-01 09:14:49'),
(2315, 'ESCUELA RURAL MIXTA LOS TIGRES', 6, 258, '2020-04-01 09:17:14', '2020-04-01 09:17:14'),
(2316, 'ESCUELA RURAL MIXTA LA FLORIDA', 9, 148, '2020-04-01 09:20:30', '2020-04-01 09:20:30'),
(2317, 'EL HATILLO', 22, 455, '2020-04-01 09:21:01', '2020-04-01 09:21:01'),
(2318, 'LAS VUELTAS', 22, 436, '2020-04-01 09:22:34', '2020-04-01 09:22:34'),
(2319, 'EL CORRAL', 22, 436, '2020-04-01 09:22:36', '2020-04-01 09:22:36'),
(2320, 'RINCONADA', 26, 289, '2020-04-01 09:24:26', '2020-04-01 09:24:26'),
(2321, 'EL CABUYAL', 11, 263, '2020-04-01 09:27:11', '2020-04-01 09:27:11'),
(2322, 'ESCUELA BASICA INTEGRAL CUMBRE NUEVA', 23, 237, '2020-04-01 09:29:33', '2020-04-01 09:29:33'),
(2323, 'CENTRO DOCENTE RURAL MIXTO RIONEGRO', 19, 532, '2020-04-01 09:31:52', '2020-04-01 09:31:52'),
(2324, 'ESCUELA RURAL MIXTA LAS MINAS', 41, 242, '2020-04-01 09:33:02', '2020-04-01 09:33:02'),
(2325, 'EL DESCANSO', 29, 82, '2020-04-01 09:35:29', '2020-04-01 09:35:29'),
(2326, 'DOMINICAL', 36, 308, '2020-04-01 09:35:44', '2020-04-01 09:35:44'),
(2327, 'CUEVA ALTA', 22, 491, '2020-04-01 09:38:50', '2020-04-01 09:38:50'),
(2328, 'NUEVO BOQUERON', 41, 278, '2020-04-01 09:43:32', '2020-04-01 09:43:32'),
(2329, 'EL DIVISO', 18, 324, '2020-04-01 09:45:50', '2020-04-01 09:45:50'),
(2330, 'LA MARQUEZA', 20, 407, '2020-04-01 09:51:38', '2020-04-01 09:51:38'),
(2331, 'ESCUELA RURAL MIXTA SALINAS', 41, 384, '2020-04-01 09:54:29', '2020-04-01 09:54:29'),
(2332, 'LAS PILAS', 20, 132, '2020-04-01 09:54:42', '2020-04-01 09:54:42'),
(2333, 'LA CALLE DEL PUEBLO', 3, 38, '2020-04-01 09:55:24', '2020-04-01 09:55:24'),
(2334, 'ESCUELA RURAL MIXTA EL PLACER', 36, 190, '2020-04-01 09:56:29', '2020-04-01 09:56:29'),
(2335, 'ESCUELA RURAL MIXTA NUEVA PROVIDENCIA', 36, 143, '2020-04-01 09:56:33', '2020-04-01 09:56:33'),
(2336, 'EL HIGUERON SOTARA', 41, 267, '2020-04-01 09:56:36', '2020-04-01 09:56:36'),
(2337, 'CHALGUAYACO', 22, 491, '2020-04-01 09:57:15', '2020-04-01 09:57:15');
INSERT INTO `headquarters` (`id`, `name`, `town_id`, `institution_id`, `created_at`, `updated_at`) VALUES
(2338, 'PUENTECILLAS', 36, 308, '2020-04-01 09:58:39', '2020-04-01 09:58:39'),
(2339, 'CENTRO DOCENTE RURAL MIXTO MIRAFLORES BAJO', 34, 343, '2020-04-01 09:59:30', '2020-04-01 09:59:30'),
(2340, 'LA CONSOLATA', 13, 261, '2020-04-01 10:06:01', '2020-04-01 10:06:01'),
(2341, 'BUENA VISTA', 28, 390, '2020-04-01 10:10:50', '2020-04-01 10:10:50'),
(2342, 'LA CALDERA', 22, 292, '2020-04-01 10:13:08', '2020-04-01 10:13:08'),
(2343, 'EL JARDIN', 13, 413, '2020-04-01 10:13:24', '2020-04-01 10:13:24'),
(2344, 'ESC CASCABEL', 6, 424, '2020-04-01 10:16:49', '2020-04-01 10:16:49'),
(2345, 'EL FIRME (SEDE PRINCIPAL)', 1, 447, '2020-04-01 10:18:55', '2020-04-01 10:18:55'),
(2346, 'LA AGENCIA (SEDE PRINCIPAL)', 40, 446, '2020-04-01 10:22:21', '2020-04-01 10:22:21'),
(2347, 'EL JIGUAL', 28, 79, '2020-04-01 10:23:28', '2020-04-01 10:23:28'),
(2348, 'CIRHUELAR', 36, 309, '2020-04-01 10:34:01', '2020-04-01 10:34:01'),
(2349, 'TABLONES ALTOS', 10, 401, '2020-04-01 10:51:30', '2020-04-01 10:51:30'),
(2350, 'ESCUELA RURAL MIXTA EL MIRADOR', 15, 301, '2020-04-01 10:51:39', '2020-04-01 10:51:39'),
(2351, 'LA PRADERA', 39, 462, '2020-04-01 10:53:39', '2020-04-01 10:53:39'),
(2352, 'EL RECREO', 36, 374, '2020-04-01 10:57:47', '2020-04-01 10:57:47'),
(2353, 'BUENOS AIRES', 29, 470, '2020-04-01 11:00:04', '2020-04-01 11:00:04'),
(2354, 'CENTRO DOCENTE RURAL MIXTA CABUYAL', 23, 226, '2020-04-01 11:06:09', '2020-04-01 11:06:09'),
(2355, 'PALIZADA', 37, 433, '2020-04-01 11:18:02', '2020-04-01 11:18:02'),
(2356, 'EL GUASCAL', 31, 461, '2020-04-01 11:24:37', '2020-04-01 11:24:37'),
(2357, 'SAN MIGUEL (SEDE PRINCIPAL)', 22, 455, '2020-04-01 11:26:07', '2020-04-01 11:26:07'),
(2358, 'EL CARRIZAL', 22, 47, '2020-04-01 11:39:35', '2020-04-01 11:39:35'),
(2359, 'LA CUCHILLA', 22, 262, '2020-04-01 11:45:04', '2020-04-01 11:45:04'),
(2360, 'CAÑADAS', 11, 14, '2020-04-01 11:45:45', '2020-04-01 11:45:45'),
(2361, 'AGUA GORDA', 22, 499, '2020-04-01 11:46:55', '2020-04-01 11:46:55'),
(2362, 'PALO VERDE', 11, 527, '2020-04-01 11:50:05', '2020-04-01 11:50:05'),
(2363, 'HUECO LINDO', 7, 283, '2020-04-01 11:55:00', '2020-04-01 11:55:00'),
(2364, 'ESCUELA RURAL MIXTA PALO GRANDE', 37, 125, '2020-04-01 12:10:40', '2020-04-01 12:10:40'),
(2365, 'ESCUELA RURAL MIXTA LOS ALPES', 23, 235, '2020-04-01 12:16:49', '2020-04-01 12:16:49'),
(2366, 'CAJONES', 7, 80, '2020-04-01 12:21:25', '2020-04-01 12:21:25'),
(2367, 'LA PRIMAVERA', 21, 150, '2020-04-01 12:32:51', '2020-04-01 12:32:51'),
(2368, 'CENTRO DOCENTE BILINGÜE LA ESPERANZA', 23, 330, '2020-04-01 12:41:30', '2020-04-01 12:41:30'),
(2369, 'VUELTA LARGA CHANZARA', 1, 447, '2020-04-01 12:45:44', '2020-04-01 12:45:44'),
(2370, 'EL ARENAL', 9, 100, '2020-04-01 13:09:15', '2020-04-01 13:09:15'),
(2371, 'ESCUELA BILINGÜE ULQUINTO', 23, 330, '2020-04-01 13:14:21', '2020-04-01 13:14:21'),
(2372, 'CENTRO DOCENTE RURAL MIXTO JUANAMBU', 23, 235, '2020-04-01 14:36:49', '2020-04-01 14:36:49'),
(2373, 'EL TAMBO', 37, 129, '2020-04-01 14:58:41', '2020-04-01 14:58:41'),
(2374, 'LOYOLA', 39, 392, '2020-04-01 15:23:17', '2020-04-01 15:23:17'),
(2375, 'LA CUCHILLA', 25, 281, '2020-04-01 15:42:37', '2020-04-01 15:42:37'),
(2376, 'CANA BRAVA', 22, 436, '2020-04-01 15:50:21', '2020-04-01 15:50:21'),
(2377, 'PENA ROJA', 7, 298, '2020-04-01 16:10:52', '2020-04-01 16:10:52'),
(2378, 'LA LOCERIA', 24, 92, '2020-04-01 16:15:53', '2020-04-01 16:15:53'),
(2379, 'MI PEQUENO MUNDO', 26, 69, '2020-04-01 16:24:17', '2020-04-01 16:24:17'),
(2380, 'JARDIN INFANTIL IGNACIO ANTONIO GARCIA', 30, 323, '2020-04-01 16:25:56', '2020-04-01 16:25:56'),
(2381, 'JARDIN INFANTIL SAN JUDAS', 29, 76, '2020-04-01 16:27:18', '2020-04-01 16:27:18'),
(2382, 'CENTRO DOCENTE BILINGÜE GARGANTILLAS', 23, 330, '2020-04-01 16:53:18', '2020-04-01 16:53:18'),
(2383, 'TRAVESURAS CAJIBIO', 17, 116, '2020-04-01 17:11:16', '2020-04-01 17:11:16'),
(2384, 'PRESCOLAR SANTA LETICIA', 30, 118, '2020-04-01 17:22:15', '2020-04-01 17:22:15'),
(2385, 'EL ROSAL', 21, 478, '2020-04-01 17:23:13', '2020-04-01 17:23:13'),
(2386, 'PREESCOLAR EL PRINCIPITO', 30, 321, '2020-04-01 17:41:43', '2020-04-01 17:41:43'),
(2387, 'KINDER SAN LORENZO', 22, 138, '2020-04-01 18:12:18', '2020-04-01 18:12:18'),
(2388, 'JARDIN  EL TAMBO', 11, 160, '2020-04-01 18:29:23', '2020-04-01 18:29:23'),
(2389, 'ESCUELA RURAL MIXTA BELLONES', 36, 143, '2020-04-01 20:07:56', '2020-04-01 20:07:56');

-- --------------------------------------------------------

--
-- Table structure for table `institutions`
--

CREATE TABLE `institutions` (
  `id` bigint(20) UNSIGNED NOT NULL,
  `name` varchar(191) COLLATE utf8mb4_unicode_ci NOT NULL,
  `created_at` timestamp NULL DEFAULT current_timestamp(),
  `updated_at` timestamp NULL DEFAULT current_timestamp()
) ENGINE=InnoDB DEFAULT CHARSET=utf8mb4 COLLATE=utf8mb4_unicode_ci;

--
-- Dumping data for table `institutions`
--

INSERT INTO `institutions` (`id`, `name`, `created_at`, `updated_at`) VALUES
(1, 'IE SAN AGUSTIN DEL NAPI', '2020-03-31 15:05:49', '2020-03-31 15:05:49'),
(2, 'IE PABLO VI', '2020-03-31 15:05:50', '2020-03-31 15:05:50'),
(3, 'IE COMERCIAL SANTA CLARA DE ASIS', '2020-03-31 15:05:51', '2020-03-31 15:05:51'),
(4, 'IE SAN JOSE', '2020-03-31 15:05:52', '2020-03-31 15:05:52'),
(5, 'IE TIMBA', '2020-03-31 15:05:53', '2020-03-31 15:05:53'),
(6, 'INST EDUC TEC CCIAL SIMON BOLIVAR  ANTES INST EDUC SIMON BOLIVAR', '2020-03-31 15:05:54', '2020-03-31 15:05:54'),
(7, 'IE LA ARROBLEDA', '2020-03-31 15:05:55', '2020-03-31 15:05:55'),
(8, 'IE FRAY LUIS AMIGO', '2020-03-31 15:05:55', '2020-03-31 15:05:55'),
(9, 'IE CAPITÁN BERMÚDEZ', '2020-03-31 15:05:56', '2020-03-31 15:05:56'),
(10, 'IE ALMIRANTE PADILLA', '2020-03-31 15:05:57', '2020-03-31 15:05:57'),
(11, 'IEDPTAL INDG MISAK MISAK ALA KUSREINUK MINGA EDUCATIVA INTERCULTURAL KURAK CHAK', '2020-03-31 15:05:59', '2020-03-31 15:05:59'),
(12, 'IE MANUEL DE VALVERDE', '2020-03-31 15:06:00', '2020-03-31 15:06:00'),
(13, 'IE NUESTRA SEÑORA DEL ROSARIO -ANTES (IE URB DE NIÑAS NTA SRA DEL ROSARIO)', '2020-03-31 15:06:05', '2020-03-31 15:06:05'),
(14, 'IE HUISITO', '2020-03-31 15:06:05', '2020-03-31 15:06:05'),
(15, 'CE RIO NEGRO', '2020-03-31 15:06:06', '2020-03-31 15:06:06'),
(16, 'IE ANA JOSEFA MORALES DUQUE', '2020-03-31 15:06:07', '2020-03-31 15:06:07'),
(17, 'IE SAN PEDRO Y SAN PABLO', '2020-03-31 15:06:08', '2020-03-31 15:06:08'),
(18, 'IE CAÑA DULCE', '2020-03-31 15:06:09', '2020-03-31 15:06:09'),
(19, 'IE LIMBANIA VELASCO', '2020-03-31 15:06:09', '2020-03-31 15:06:09'),
(20, 'CE NAYITA', '2020-03-31 15:06:10', '2020-03-31 15:06:10'),
(21, 'INST EDUC AGRIC PIAMONTE', '2020-03-31 15:06:11', '2020-03-31 15:06:11'),
(22, 'IE EL NARANJO', '2020-03-31 15:06:12', '2020-03-31 15:06:12'),
(23, 'IE ECOLOGICA VEREDAS UNIDAS BARRAGÁN', '2020-03-31 15:06:13', '2020-03-31 15:06:13'),
(24, 'IE NUCLEO TÉCNICO AGROPECUARIO', '2020-03-31 15:06:14', '2020-03-31 15:06:14'),
(25, 'IE SAGRADO CORAZON', '2020-03-31 15:06:16', '2020-03-31 15:06:16'),
(26, 'IE SAGRADA FAMILIA', '2020-03-31 15:06:17', '2020-03-31 15:06:17'),
(27, 'IE FRANCISCO JOSE DE CALDAS', '2020-03-31 15:06:18', '2020-03-31 15:06:18'),
(28, 'IE DINDE', '2020-03-31 15:06:19', '2020-03-31 15:06:19'),
(29, 'IE MADRE CARIDAD BRADER', '2020-03-31 15:06:20', '2020-03-31 15:06:20'),
(30, 'CE EL DAMIAN', '2020-03-31 15:06:21', '2020-03-31 15:06:21'),
(31, 'IE DE LOS REASENTAMIENTOS DEL CAUCA KWE´SX KSXA´W ÜUSA´S FXITXSA YAT (DESPERTAR DE NUESTROS SUEÑOS)', '2020-03-31 15:06:23', '2020-03-31 15:06:23'),
(32, 'IE SIMON BOLIVAR', '2020-03-31 15:06:25', '2020-03-31 15:06:25'),
(33, 'CE PAMBILAL', '2020-03-31 15:06:28', '2020-03-31 15:06:28'),
(34, 'IE POLICARPA FERNANDEZ', '2020-03-31 15:06:29', '2020-03-31 15:06:29'),
(35, 'CE LOS ANDES', '2020-03-31 15:06:30', '2020-03-31 15:06:30'),
(36, 'IE JUAN IGNACIO', '2020-03-31 15:06:30', '2020-03-31 15:06:30'),
(37, 'IE JORGE ELIÉCER GAITÁN', '2020-03-31 15:06:31', '2020-03-31 15:06:31'),
(38, 'IE AGRICOLA JUSTINIANO OCORO', '2020-03-31 15:06:32', '2020-03-31 15:06:32'),
(39, 'IE INSTITUTO EDUCATIVO DE FORMACION INTERCULTURAL COMUNITARIO KWESX UMA KIWE - INFIKUK', '2020-03-31 15:06:33', '2020-03-31 15:06:33'),
(40, 'CE LA ROTURA', '2020-03-31 15:06:33', '2020-03-31 15:06:33'),
(41, 'IE TEMUEY', '2020-03-31 15:06:35', '2020-03-31 15:06:35'),
(42, 'IE AGUA CLARA GOLONDRO', '2020-03-31 15:06:37', '2020-03-31 15:06:37'),
(43, 'IE DOS QUEBRADAS', '2020-03-31 15:06:39', '2020-03-31 15:06:39'),
(44, 'IE ZARAGOZA', '2020-03-31 15:06:39', '2020-03-31 15:06:39'),
(45, 'IE INSTITUTO TECNICO DE SANTANDER DE QUILICHAO', '2020-03-31 15:06:40', '2020-03-31 15:06:40'),
(46, 'CENTRO EDUCATIVO COTEJE', '2020-03-31 15:06:41', '2020-03-31 15:06:41'),
(47, 'INST EDUC SAN FERNANDO DE MELCHOR', '2020-03-31 15:06:42', '2020-03-31 15:06:42'),
(48, 'IE LA CAMPANA', '2020-03-31 15:06:43', '2020-03-31 15:06:43'),
(49, 'IE SAN JOSE DE GUARE', '2020-03-31 15:06:44', '2020-03-31 15:06:44'),
(50, 'IE GUILLERMO LEON VALENCIA', '2020-03-31 15:06:46', '2020-03-31 15:06:46'),
(51, 'IE ETNOEDUCATIVO PUERTO SAIJA', '2020-03-31 15:06:48', '2020-03-31 15:06:48'),
(52, 'IET SENON FABIO VILLEGAS', '2020-03-31 15:06:49', '2020-03-31 15:06:49'),
(53, 'INST EDUC TEC MARISCAL SUCRE (ANTES MUNICIPAL DE MIRANDA)', '2020-03-31 15:06:55', '2020-03-31 15:06:55'),
(54, 'IE NOANAMITO', '2020-03-31 15:06:56', '2020-03-31 15:06:56'),
(55, 'IE FIDELINA ECHEVERRY', '2020-03-31 15:06:57', '2020-03-31 15:06:57'),
(56, 'IE HOLANDA', '2020-03-31 15:06:58', '2020-03-31 15:06:58'),
(57, 'IE NUCLEO ESCOLAR RURAL CALOTO', '2020-03-31 15:06:59', '2020-03-31 15:06:59'),
(58, 'IET MIGUEL ZAPATA (ANTES IE MIGUEL ZAPATA', '2020-03-31 15:07:01', '2020-03-31 15:07:01'),
(59, 'IE LA PLANADA', '2020-03-31 15:07:01', '2020-03-31 15:07:01'),
(60, 'CE BOCA GRANDE', '2020-03-31 15:07:03', '2020-03-31 15:07:03'),
(61, 'IER INTEGRADA QUINTERO', '2020-03-31 15:07:04', '2020-03-31 15:07:04'),
(62, 'IE CHUARE NAPI', '2020-03-31 15:07:05', '2020-03-31 15:07:05'),
(63, 'IE POLITECNICO LA MILAGROSA', '2020-03-31 15:07:07', '2020-03-31 15:07:07'),
(64, 'IE TECNICO AGROPECUARIA ANGELINA GULLUMUZ', '2020-03-31 15:07:11', '2020-03-31 15:07:11'),
(65, 'IE EL OASIS', '2020-03-31 15:07:12', '2020-03-31 15:07:12'),
(66, 'INST EDUC SANTA ANA', '2020-03-31 15:07:13', '2020-03-31 15:07:13'),
(67, 'IE AGROEMPRESARIAL SAN MIGUEL DE AVIRAMA', '2020-03-31 15:07:13', '2020-03-31 15:07:13'),
(68, 'IE  BILINGUE DXI PADEN', '2020-03-31 15:07:14', '2020-03-31 15:07:14'),
(69, 'IE VASCO NUÑEZ DE BALBOA', '2020-03-31 15:07:14', '2020-03-31 15:07:14'),
(70, 'INST EDUC CAUCA ANTES CENTRO DOCENTE URBANO DE NINAS CAUCA', '2020-03-31 15:07:15', '2020-03-31 15:07:15'),
(71, 'INST EDUC TEC DOMINGO BELISARIO GOMEZ', '2020-03-31 15:07:17', '2020-03-31 15:07:17'),
(72, 'IE INTEGRADA AGRICOLA SAN BERNARDO', '2020-03-31 15:07:19', '2020-03-31 15:07:19'),
(73, 'IETA DE SUAREZ', '2020-03-31 15:07:20', '2020-03-31 15:07:20'),
(74, 'IEA MAXIMINO GARABATO ANTES(IE INDIG MAXIMINO GARABATO)', '2020-03-31 15:07:28', '2020-03-31 15:07:28'),
(75, 'IE BACHILLERATO PATIA', '2020-03-31 15:07:28', '2020-03-31 15:07:28'),
(76, 'IE SAN ANTONIO DE PADUA', '2020-03-31 15:07:29', '2020-03-31 15:07:29'),
(77, 'IE ELIAS TROCHEZ', '2020-03-31 15:07:31', '2020-03-31 15:07:31'),
(78, 'IE LA PLAYA', '2020-03-31 15:07:32', '2020-03-31 15:07:32'),
(79, 'IE ASNAZU', '2020-03-31 15:07:33', '2020-03-31 15:07:33'),
(80, 'IE DE DESARROLLO RURAL EL ESTRECHO', '2020-03-31 15:07:34', '2020-03-31 15:07:34'),
(81, 'IE SANTA CRUZ ALTO SIGUI', '2020-03-31 15:07:35', '2020-03-31 15:07:35'),
(82, 'IE CARLOS ALBAN', '2020-03-31 15:07:37', '2020-03-31 15:07:37'),
(83, 'IE ETNOEDUCATIVO DE TOEZ', '2020-03-31 15:07:38', '2020-03-31 15:07:38'),
(84, 'IE SAN ANTONIO', '2020-03-31 15:07:39', '2020-03-31 15:07:39'),
(85, 'IE TECNICO EL ORTIGAL', '2020-03-31 15:07:40', '2020-03-31 15:07:40'),
(86, 'IE SAN ISIDRO PIENDAMO', '2020-03-31 15:07:43', '2020-03-31 15:07:43'),
(87, 'IE ANA SILENA ARROYAVE', '2020-03-31 15:07:45', '2020-03-31 15:07:45'),
(88, 'IE AGROPECUARIA MARISCAL SUCRE', '2020-03-31 15:07:46', '2020-03-31 15:07:46'),
(89, 'CE SANTA ANA', '2020-03-31 15:07:48', '2020-03-31 15:07:48'),
(90, 'INSTITUCION ETNOEDUCATIVA EL PALMAR(ANTES IE EL PALMAR)', '2020-03-31 15:07:49', '2020-03-31 15:07:49'),
(91, 'IE CURACAS', '2020-03-31 15:07:50', '2020-03-31 15:07:50'),
(92, 'IE LEOPOLDO PIZARRO GONZALEZ', '2020-03-31 15:07:51', '2020-03-31 15:07:51'),
(93, 'CENTRO EDUCATIVO CABECITAL', '2020-03-31 15:07:52', '2020-03-31 15:07:52'),
(94, 'IE PUERTO RICO', '2020-03-31 15:07:53', '2020-03-31 15:07:53'),
(95, 'IE AGRICOLA DE ARGELIA', '2020-03-31 15:07:54', '2020-03-31 15:07:54'),
(96, 'IE AGROPECUARIO PALO BLANCO', '2020-03-31 15:07:56', '2020-03-31 15:07:56'),
(97, 'IE GAITANA FXIW', '2020-03-31 15:07:57', '2020-03-31 15:07:57'),
(98, 'IE NUEVA VISION DE HONDURAS', '2020-03-31 15:07:57', '2020-03-31 15:07:57'),
(99, 'IE NORMAL SUPERIOR LA INMACULADA', '2020-03-31 15:07:58', '2020-03-31 15:07:58'),
(100, 'IE FRANCISCO ANTONIO RADA', '2020-03-31 15:07:59', '2020-03-31 15:07:59'),
(101, 'IE UUS KI´PNXI KIWE ANTES(IE AGROCULTURAL PARA EL DESARROLLO TERRITORIAL UUS KI', '2020-03-31 15:08:00', '2020-03-31 15:08:00'),
(102, 'IE FRANCISCO JOSE DE CALDAS', '2020-03-31 15:08:06', '2020-03-31 15:08:06'),
(103, 'IE AGROPECUARIO DE PARRAGA', '2020-03-31 15:08:09', '2020-03-31 15:08:09'),
(104, 'IE TECNICO AMBIENTAL FERNANDEZ GUERRA', '2020-03-31 15:08:11', '2020-03-31 15:08:11'),
(105, 'IE SAT¿ WESX ZUUN', '2020-03-31 15:08:13', '2020-03-31 15:08:13'),
(106, 'IE TECNICA AGROPECUARIA NUESTRA SENORA DE LOS REMEDIOS', '2020-03-31 15:08:13', '2020-03-31 15:08:13'),
(107, 'IE AGROPECUARIA MANUEL JOSE MOSQUERA VIDAL', '2020-03-31 15:08:15', '2020-03-31 15:08:15'),
(108, 'CENTRO EDUCATIVO CUPI', '2020-03-31 15:08:16', '2020-03-31 15:08:16'),
(109, 'IE RENACER AFRO', '2020-03-31 15:08:17', '2020-03-31 15:08:17'),
(110, 'IE JOSE MARIA OBANDO', '2020-03-31 15:08:19', '2020-03-31 15:08:19'),
(111, 'IE PROMOCION SOCIAL GUANACAS', '2020-03-31 15:08:20', '2020-03-31 15:08:20'),
(112, 'IE JOSE HILARIO LOPEZ', '2020-03-31 15:08:22', '2020-03-31 15:08:22'),
(113, 'IE ESCIPION JARAMILLO', '2020-03-31 15:08:24', '2020-03-31 15:08:24'),
(114, 'IE INTEGRADO OBANDO', '2020-03-31 15:08:26', '2020-03-31 15:08:26'),
(115, 'CE EL CARMELO', '2020-03-31 15:08:26', '2020-03-31 15:08:26'),
(116, 'IE CARMEN DE QUINTANA', '2020-03-31 15:08:27', '2020-03-31 15:08:27'),
(117, 'INST EDUC JIISA FXIW (ANTES CENT EDUC JIISA FXIW RESGUARDO INDIG DE YAQUIVA)', '2020-03-31 15:08:30', '2020-03-31 15:08:30'),
(118, 'IETA MARGARITA LEGARDA', '2020-03-31 15:08:31', '2020-03-31 15:08:31'),
(119, 'IE OLAYA (ANTES CE OLAYA)', '2020-03-31 15:08:34', '2020-03-31 15:08:34'),
(120, 'IE SANTA ROSA DE LIMA', '2020-03-31 15:08:35', '2020-03-31 15:08:35'),
(121, 'INST EDUC CONC ESC GUILLERMO VALENCIA (ANTES SEDE INST EDUC CARLOS ALBAN)', '2020-03-31 15:08:52', '2020-03-31 15:08:52'),
(122, 'IE PROMOCION SOCIAL', '2020-03-31 15:08:53', '2020-03-31 15:08:53'),
(123, 'CENTRO EDUCATIVO BOCA DE PETE', '2020-03-31 15:08:55', '2020-03-31 15:08:55'),
(124, 'CENTRO EDUCATIVO BOCA DE PATIA', '2020-03-31 15:08:56', '2020-03-31 15:08:56'),
(125, 'IE SANTA MARIA DE CAQUIONA', '2020-03-31 15:08:57', '2020-03-31 15:08:57'),
(126, 'IE INTERCULTURAL SEK WALAC A  (SOL CRECIENTE)', '2020-03-31 15:08:58', '2020-03-31 15:08:58'),
(127, 'INST EDUC TEC AMBALO ANTES (INST EDUC MIRAFLORES)', '2020-03-31 15:08:59', '2020-03-31 15:08:59'),
(128, 'IE NORMAL SUPERIOR SANTA CLARA', '2020-03-31 15:09:00', '2020-03-31 15:09:00'),
(129, 'IE EL TABLON', '2020-03-31 15:09:00', '2020-03-31 15:09:00'),
(130, 'IE SAN LUIS', '2020-03-31 15:09:01', '2020-03-31 15:09:01'),
(131, 'IE LA HERRADURA', '2020-03-31 15:09:02', '2020-03-31 15:09:02'),
(132, 'IE EL DIVISO (ANTES CE EL DIVISO)', '2020-03-31 15:09:06', '2020-03-31 15:09:06'),
(133, 'IE SINAI', '2020-03-31 15:09:07', '2020-03-31 15:09:07'),
(134, 'CENTRO EDUCATIVO EL PORVENIR', '2020-03-31 15:09:09', '2020-03-31 15:09:09'),
(135, 'IE LA DEPRESION (ANTES CENTRO EDUCATIVO LA DEPRESION)', '2020-03-31 15:09:11', '2020-03-31 15:09:11'),
(136, 'IE SANTA CATALINA DE LABOURE', '2020-03-31 15:09:11', '2020-03-31 15:09:11'),
(137, 'INST EDUC AGROP JOSE DOLORES DAZA', '2020-03-31 15:09:12', '2020-03-31 15:09:12'),
(138, 'INST EDUC ANDINO SAN LORENZO', '2020-03-31 15:09:13', '2020-03-31 15:09:13'),
(139, 'IE AGROINDUSTRIAL VALENTIN CARABALI', '2020-03-31 15:09:15', '2020-03-31 15:09:15'),
(140, 'IE AGROAMBIENTAL LA NUEVA ESPERANZA', '2020-03-31 15:09:16', '2020-03-31 15:09:16'),
(141, 'IE AGROPECUARIA BRISAS DE MARY LOPEZ', '2020-03-31 15:09:20', '2020-03-31 15:09:20'),
(142, 'IE LA MESETA', '2020-03-31 15:09:24', '2020-03-31 15:09:24'),
(143, 'IE AGROPECUARIO YANACONAS', '2020-03-31 15:09:25', '2020-03-31 15:09:25'),
(144, 'IE  ALTO MOJIBIO', '2020-03-31 15:09:26', '2020-03-31 15:09:26'),
(145, 'IE LA LAGUNA DINDE ANTES (CE LA LAGUNA DINDE)', '2020-03-31 15:09:26', '2020-03-31 15:09:26'),
(146, 'IE CASAS BAJAS (ANTES CE CASA BAJAS)', '2020-03-31 15:09:27', '2020-03-31 15:09:27'),
(147, 'IE AGROPECUARIA NUESTRA SEÑORA DEL CARMEN', '2020-03-31 15:09:28', '2020-03-31 15:09:28'),
(148, 'IE INDIGENA BUSCANDO HORIZONTES DE TIERRADENTRO', '2020-03-31 15:09:30', '2020-03-31 15:09:30'),
(149, 'IE NUESTRA SEÑORA DE LAS MERCEDES', '2020-03-31 15:09:31', '2020-03-31 15:09:31'),
(150, 'IE EL ROSARIO ANTES (CE EL ROSARIO)', '2020-03-31 15:09:32', '2020-03-31 15:09:32'),
(151, 'IE AGROINDUSTRIAL MONTERILLA (ANTES IE MONTERILLA)', '2020-03-31 15:09:36', '2020-03-31 15:09:36'),
(152, 'IE EMPRESARIAL CERRO ALTO (ANTES I E COMERCIAL CERRO ALTO)', '2020-03-31 15:09:37', '2020-03-31 15:09:37'),
(153, 'IE LA CABAÑA', '2020-03-31 15:09:39', '2020-03-31 15:09:39'),
(154, 'IE CARMENCITA CARDONA DE GUTIERREZ', '2020-03-31 15:09:43', '2020-03-31 15:09:43'),
(155, 'IE SAN CARLOS', '2020-03-31 15:09:45', '2020-03-31 15:09:45'),
(156, 'IE LIBORIO MEJIA', '2020-03-31 15:09:45', '2020-03-31 15:09:45'),
(157, 'IE AGROECOLOGICO DE SEVILLA', '2020-03-31 15:09:46', '2020-03-31 15:09:46'),
(158, 'IE PUEBLO NUEVO CIPRÉS', '2020-03-31 15:09:47', '2020-03-31 15:09:47'),
(159, 'IE CUATRO ESQUINAS', '2020-03-31 15:09:48', '2020-03-31 15:09:48'),
(160, 'IE POLITECNICO FRANCISCO DE PAULA SANTANDER', '2020-03-31 15:09:49', '2020-03-31 15:09:49'),
(161, 'IE EL PLACER (ANTES CE EL PLACER)', '2020-03-31 15:09:49', '2020-03-31 15:09:49'),
(162, 'IE AGROINDUSTRIAL DE QUILCACE', '2020-03-31 15:09:50', '2020-03-31 15:09:50'),
(163, 'IE PLAYA RICA', '2020-03-31 15:09:51', '2020-03-31 15:09:51'),
(164, 'IE PIAGUA', '2020-03-31 15:09:52', '2020-03-31 15:09:52'),
(165, 'CE EL ZARZAL', '2020-03-31 15:09:53', '2020-03-31 15:09:53'),
(166, 'INST EDUC TORIBIO PAZ MONCAYO', '2020-03-31 15:09:55', '2020-03-31 15:09:55'),
(167, 'CENTRO EDUCATIVO BRAZO CORTO', '2020-03-31 15:10:58', '2020-03-31 15:10:58'),
(168, 'IE MICROEMPRESARIAL AGROPECUARIO SAN ANDRÉS', '2020-03-31 15:11:00', '2020-03-31 15:11:00'),
(169, 'IE YU¿ KWET ZUUN', '2020-03-31 15:11:01', '2020-03-31 15:11:01'),
(170, 'IE AGRICOLA LUIS NELSON CUELLAR', '2020-03-31 15:11:03', '2020-03-31 15:11:03'),
(171, 'IE AGROAMBIENTAL A´KWE ÜUS YAT', '2020-03-31 15:11:04', '2020-03-31 15:11:04'),
(172, 'IE ISXIWE´SX YAAKNXI', '2020-03-31 15:11:05', '2020-03-31 15:11:05'),
(173, 'IE AGRICOLA NUESTRA SENORA DE LA CANDELARIA', '2020-03-31 15:11:05', '2020-03-31 15:11:05'),
(174, 'IE NORMAL SUPERIOR ENRIQUE VALLEJO DE TIERRADENTRO', '2020-03-31 15:11:09', '2020-03-31 15:11:09'),
(175, 'IE INZA', '2020-03-31 15:11:10', '2020-03-31 15:11:10'),
(176, 'IE SANTA ROSA', '2020-03-31 15:11:12', '2020-03-31 15:11:12'),
(177, 'INST EDUC TUMBICHUCUE (ANTES CENT EDUC TUMBICHUCUE)', '2020-03-31 15:11:13', '2020-03-31 15:11:13'),
(178, 'IE AGROPECUARIA KPI SX ZUN CALDERAS', '2020-03-31 15:11:16', '2020-03-31 15:11:16'),
(179, 'IE EZEQUIEL HURTADO', '2020-03-31 15:11:17', '2020-03-31 15:11:17'),
(180, 'IE TECNICA EDUARDO SANTOS', '2020-03-31 15:11:18', '2020-03-31 15:11:18'),
(181, 'IE DE FORMACION INTEGRAL MARDEN ARNULFO BETANCUR ZONA BAJA', '2020-03-31 15:11:20', '2020-03-31 15:11:20'),
(182, 'IE MARINO MESTIZO', '2020-03-31 15:11:21', '2020-03-31 15:11:21'),
(183, 'IE NATALA', '2020-03-31 15:11:22', '2020-03-31 15:11:22'),
(184, 'KWE´SE PIYA YAT (NUESTROS SITIOS DE APRENDIZAJE)', '2020-03-31 15:11:24', '2020-03-31 15:11:24'),
(185, 'INST EDUC CHIMICUETO ANTES (CENT EDUC CHIMICUETO)', '2020-03-31 15:11:26', '2020-03-31 15:11:26'),
(186, 'INST EDUC PALO GRANDE BAJO ANTES (CENT EDUC PALO GRANDE BAJO)', '2020-03-31 15:11:28', '2020-03-31 15:11:28'),
(187, 'IE TECNICO AGROAMBIENTAL EL MORAL', '2020-03-31 15:11:29', '2020-03-31 15:11:29'),
(188, 'IE AGROPECUARIA SANTA RITA', '2020-03-31 15:11:30', '2020-03-31 15:11:30'),
(189, 'IE NORMAL SUPERIOR LOS ANDES', '2020-03-31 15:11:31', '2020-03-31 15:11:31'),
(190, 'CE YACHAY CHURIKUNA', '2020-03-31 15:11:32', '2020-03-31 15:11:32'),
(191, 'IE SAN ANTONIO DE CHUARE', '2020-03-31 15:11:33', '2020-03-31 15:11:33'),
(192, 'CE CACAHUAL', '2020-03-31 15:11:34', '2020-03-31 15:11:34'),
(193, 'IE JUAN XXIII', '2020-03-31 15:12:23', '2020-03-31 15:12:23'),
(194, 'IE MOJARRAS', '2020-03-31 15:12:25', '2020-03-31 15:12:25'),
(195, 'IE SAN JUANITO', '2020-03-31 15:12:27', '2020-03-31 15:12:27'),
(196, 'IE CAJAMARCA', '2020-03-31 15:12:28', '2020-03-31 15:12:28'),
(197, 'IEA ISRAEL MARÍA NARVÁEZ', '2020-03-31 15:12:33', '2020-03-31 15:12:33'),
(198, 'IEA ARBOLEDA', '2020-03-31 15:12:33', '2020-03-31 15:12:33'),
(199, 'IE EL ROSARIO', '2020-03-31 15:12:36', '2020-03-31 15:12:36'),
(200, 'INST EDUC JEBALA', '2020-03-31 15:12:37', '2020-03-31 15:12:37'),
(201, 'CENTRO INTEGRAL DE FORMACIÓN E INVESTIGACIÓN WAMPIANO', '2020-03-31 15:12:37', '2020-03-31 15:12:37'),
(202, 'INST EDUC TEC AGRO-INDT SANTO DOMINGO SABIO (ANTES INST EDUC SANTO DOMINGO SABIO)', '2020-03-31 15:12:59', '2020-03-31 15:12:59'),
(203, 'IE TÉCNICA AGROP FELIX MARIA PENNA', '2020-03-31 15:13:00', '2020-03-31 15:13:00'),
(204, 'CENTRO EDUCATIVO EL CARMEN DEL SALADO', '2020-03-31 15:13:01', '2020-03-31 15:13:01'),
(205, 'INS EDUC JUAN TAMA (ANTES CENT EDUC DEL NORTE JUAN TAMA)', '2020-03-31 15:13:02', '2020-03-31 15:13:02'),
(206, 'IE JOSE REYES PETE', '2020-03-31 15:13:03', '2020-03-31 15:13:03'),
(207, 'IE TÉCNICO EMPRESARIAL MONTE CRUZ', '2020-03-31 15:13:06', '2020-03-31 15:13:06'),
(208, 'INST EDUC LA MURALLA', '2020-03-31 15:13:08', '2020-03-31 15:13:08'),
(209, 'IE AGROAMBIENTAL LA CEJA', '2020-03-31 15:13:09', '2020-03-31 15:13:09'),
(210, 'CENTRO EDUCATIVO LA PALMA', '2020-03-31 15:13:09', '2020-03-31 15:13:09'),
(211, 'IE BENJAMIN DINDICUE SA TWE SX LUX PKHAAKHENXI YAT', '2020-03-31 15:13:12', '2020-03-31 15:13:12'),
(212, 'CENTRO EDUCATIVO JARATEEPATA TE WARRAARADE  CASA DEL PENSAMIENTO', '2020-03-31 15:13:15', '2020-03-31 15:13:15'),
(213, 'IEA CAMILO TORRES', '2020-03-31 15:13:17', '2020-03-31 15:13:17'),
(214, 'IE SAN JOSE DEL MORRO', '2020-03-31 15:13:18', '2020-03-31 15:13:18'),
(215, 'IE JUAN BAUTISTA BOLAÑOS', '2020-03-31 15:13:19', '2020-03-31 15:13:19'),
(216, 'IE INSTITUTO NACIONAL MIXTO', '2020-03-31 15:13:20', '2020-03-31 15:13:20'),
(217, 'CE LA LEONA', '2020-03-31 15:13:23', '2020-03-31 15:13:23'),
(218, 'IE AGROINDUSTRIAL LA MARIA', '2020-03-31 15:13:26', '2020-03-31 15:13:26'),
(219, 'IE SAN PEDRO CLAVER', '2020-03-31 15:13:27', '2020-03-31 15:13:27'),
(220, 'INST EDUC LOMA BAJO (ANTES CENT EDUC LOMA BAJO)', '2020-03-31 15:13:42', '2020-03-31 15:13:42'),
(221, 'IEA NUESTRA SEÑORA DEL ROSARIO', '2020-03-31 15:13:43', '2020-03-31 15:13:43'),
(222, 'IET VENECIA (ANTES INST EDUC VENECIA)', '2020-03-31 15:13:44', '2020-03-31 15:13:44'),
(223, 'IE SAN ANTONIO (ANTES CENTRO EDUCATIVO SAN ANTONIO)', '2020-03-31 15:13:47', '2020-03-31 15:13:47'),
(224, 'IE AGROPECUARIA BENJAMIN DINDICUE', '2020-03-31 15:13:50', '2020-03-31 15:13:50'),
(225, 'INST TEC AGROP E INDUST JUAN TAMA', '2020-03-31 15:13:51', '2020-03-31 15:13:51'),
(226, 'IE QUICHAYA', '2020-03-31 15:13:54', '2020-03-31 15:13:54'),
(227, 'INST EDUC LA ESPERANZA ANTES (CENT EDUC LA ESPERANZA)', '2020-03-31 15:13:56', '2020-03-31 15:13:56'),
(228, 'IE JOSE MARIA CORDOBA', '2020-03-31 15:13:56', '2020-03-31 15:13:56'),
(229, 'IE LA NIÑA MARIA - CRUCERO DE GUALI', '2020-03-31 15:14:00', '2020-03-31 15:14:00'),
(230, 'IEA JOSÉ ACEVEDO Y GÓMEZ', '2020-03-31 15:14:01', '2020-03-31 15:14:01'),
(231, 'IEA VILLALOBOS', '2020-03-31 15:14:02', '2020-03-31 15:14:02'),
(232, 'IEA FRAY ISIDORO DE MONTCLAR', '2020-03-31 15:14:03', '2020-03-31 15:14:03'),
(233, 'IETA FRANCISCO JOSE DE CALDAS', '2020-03-31 15:14:04', '2020-03-31 15:14:04'),
(234, 'IE NUESTRA SENORA DEL PERPETUO SOCORRO', '2020-03-31 15:14:05', '2020-03-31 15:14:05'),
(235, 'INST EDUC EL TRANAL ANTES CENTRO EDUCATIVO EL TRANAL', '2020-03-31 15:14:06', '2020-03-31 15:14:06'),
(236, 'IE CENTRO INTEGRADO DE SERVICIOS', '2020-03-31 15:14:08', '2020-03-31 15:14:08'),
(237, 'IE MISAK MAMA MANUELA', '2020-03-31 15:14:11', '2020-03-31 15:14:11'),
(238, 'IET AGROAMBIENTAL SEK BUVX FXIW LA GAITANA', '2020-03-31 15:14:15', '2020-03-31 15:14:15'),
(239, 'IE AGROPECUARIA INTEGRADO SOTARA', '2020-03-31 15:14:17', '2020-03-31 15:14:17'),
(240, 'IE AGROPECUARIA  LOS  ROBLES', '2020-03-31 15:14:20', '2020-03-31 15:14:20'),
(241, 'IE PIEDRA DE LEON (ANTES CE PIEDRA DE LEON)', '2020-03-31 15:14:21', '2020-03-31 15:14:21'),
(242, 'IEA LOS COMUNEROS', '2020-03-31 15:14:22', '2020-03-31 15:14:22'),
(243, 'IE LA BETULIA', '2020-03-31 15:14:25', '2020-03-31 15:14:25'),
(244, 'IE AGROP SANTA MARIA', '2020-03-31 15:14:27', '2020-03-31 15:14:27'),
(245, 'IE EL BOQUERON (ANTES CENT EDUC EL BOQUERON)', '2020-03-31 15:14:28', '2020-03-31 15:14:28'),
(246, 'IE AGROP CINCO DIAS', '2020-03-31 15:14:29', '2020-03-31 15:14:29'),
(247, 'IE  LA CABANA ANTES CENT EDUC', '2020-03-31 15:14:30', '2020-03-31 15:14:30'),
(248, 'IE AGRICOLA SANTA ROSA', '2020-03-31 15:14:34', '2020-03-31 15:14:34'),
(249, 'IE DE DESARROLLO COMUNICTARIO ACIESCA', '2020-03-31 15:14:41', '2020-03-31 15:14:41'),
(250, 'IE AGRICOLA SANTA MARIA', '2020-03-31 15:14:43', '2020-03-31 15:14:43'),
(251, 'IE EFRAIN OROZCO', '2020-03-31 15:15:00', '2020-03-31 15:15:00'),
(252, 'IE POLINDARA', '2020-03-31 15:15:00', '2020-03-31 15:15:00'),
(253, 'INS EDUC NOVIRAO ANTES CENT EDUC NOVIRAO', '2020-03-31 15:15:01', '2020-03-31 15:15:01'),
(254, 'IE PALACE', '2020-03-31 15:15:05', '2020-03-31 15:15:05'),
(255, 'INST EDUC LA PRIMAVERA ANTES (CENT EDUC LA PRIMAVERA)', '2020-03-31 15:15:07', '2020-03-31 15:15:07'),
(256, 'IE LLACUANAS', '2020-03-31 15:15:12', '2020-03-31 15:15:12'),
(257, 'IE COMERCIAL EL PALO', '2020-03-31 15:15:13', '2020-03-31 15:15:13'),
(258, 'INST EDUC AGROP SA T WE SX YAT', '2020-03-31 15:15:16', '2020-03-31 15:15:16'),
(259, 'CE ZANJON RICO', '2020-03-31 15:15:18', '2020-03-31 15:15:18'),
(260, 'CE LAS BRISAS', '2020-03-31 15:15:19', '2020-03-31 15:15:19'),
(261, 'IE DIVINO NINO DE YAPURA', '2020-03-31 15:15:28', '2020-03-31 15:15:28'),
(262, 'IE AGRICOLA ALEJANDRO GOMEZ', '2020-03-31 15:15:30', '2020-03-31 15:15:30'),
(263, 'IE FUNDACION PARA LA EDUCACION AGROPECUARIA JOSE MARIA OBANDO', '2020-03-31 15:15:31', '2020-03-31 15:15:31'),
(264, 'IE AGROPECUARIA ALTO DEL REY', '2020-03-31 15:15:32', '2020-03-31 15:15:32'),
(265, 'IE AGROPECUARIA HERMES MARTINEZ', '2020-03-31 15:15:32', '2020-03-31 15:15:32'),
(266, 'IE EL TREBOL', '2020-03-31 15:15:34', '2020-03-31 15:15:34'),
(267, 'IE EL CRUCERO', '2020-03-31 15:15:37', '2020-03-31 15:15:37'),
(268, 'IE AGROPECUARIA MAXIMO GOMEZ', '2020-03-31 15:15:39', '2020-03-31 15:15:39'),
(269, 'IE SANTA MARTA ANTES (CE SANTA MARTA)', '2020-03-31 15:15:51', '2020-03-31 15:15:51'),
(270, 'IE DE PROMOCION VOCACIONAL DE ALTAMIRA', '2020-03-31 15:15:57', '2020-03-31 15:15:57'),
(271, 'IE DON ALONSO', '2020-03-31 15:16:00', '2020-03-31 15:16:00'),
(272, 'IE MADRE DE DIOS', '2020-03-31 15:16:02', '2020-03-31 15:16:02'),
(273, 'INST EDUC PISITAO GRANDE SAN MIGUEL (ANTES CENT EDUC PISITAO GRANDE SAN MIGUEL)', '2020-03-31 15:16:03', '2020-03-31 15:16:03'),
(274, 'IEA ETNOEDUCATIVA EL CREDO ANTES (CERM EL CREDO)', '2020-03-31 15:16:19', '2020-03-31 15:16:19'),
(275, 'IE TÉCNICA EN SISTEMAS SANTIAGO', '2020-03-31 15:16:23', '2020-03-31 15:16:23'),
(276, 'CENTRO EDUCATIVO CALLE DE SANTA ROSA', '2020-03-31 15:16:28', '2020-03-31 15:16:28'),
(277, 'IE AGROFORESTAL SAN JUAN DE QUINTANA', '2020-03-31 15:16:39', '2020-03-31 15:16:39'),
(278, 'IE LA PAZ', '2020-03-31 15:16:40', '2020-03-31 15:16:40'),
(279, 'IE SANTA TERESITA DEL NIÑO JESUS', '2020-03-31 15:16:41', '2020-03-31 15:16:41'),
(280, 'IE INDIGENA EL MESON', '2020-03-31 15:16:46', '2020-03-31 15:16:46'),
(281, 'IE AGRO EMPRESARIAL HUASANO ANTES (INST EDUC HUASANO)', '2020-03-31 15:16:47', '2020-03-31 15:16:47'),
(282, 'CENTRO EDUCATIVO LA UNION - LLANITO', '2020-03-31 15:16:48', '2020-03-31 15:16:48'),
(283, 'IE LAS BRISAS ANTES (CE LAS BRISAS)', '2020-03-31 15:16:50', '2020-03-31 15:16:50'),
(284, 'IE SUSANA TROCHEZ DE VIVAS', '2020-03-31 15:16:51', '2020-03-31 15:16:51'),
(285, 'IE MARCO FIDEL SUAREZ', '2020-03-31 15:16:59', '2020-03-31 15:16:59'),
(286, 'IE MARCO FIDEL NARVAEZ', '2020-03-31 15:17:01', '2020-03-31 15:17:01'),
(287, 'CE LA PLAYA', '2020-03-31 15:17:03', '2020-03-31 15:17:03'),
(288, 'CE SANABRIA', '2020-03-31 15:17:08', '2020-03-31 15:17:08'),
(289, 'IE LA BERMEJA', '2020-03-31 15:17:08', '2020-03-31 15:17:08'),
(290, 'IE PURETO', '2020-03-31 15:17:12', '2020-03-31 15:17:12'),
(291, 'INST EDUC LA CARBONERA', '2020-03-31 15:17:17', '2020-03-31 15:17:17'),
(292, 'INST EDUC EL RODEO', '2020-03-31 15:17:18', '2020-03-31 15:17:18'),
(293, 'IE AGROPECUARIO NUESTRA SENORA DEL CARMEN', '2020-03-31 15:17:20', '2020-03-31 15:17:20'),
(294, 'IE EL TUNEL', '2020-03-31 15:17:27', '2020-03-31 15:17:27'),
(295, 'CE LA VIUDA', '2020-03-31 15:17:27', '2020-03-31 15:17:27'),
(296, 'IE AGROPECUARIO LA CAPILLA', '2020-03-31 15:17:29', '2020-03-31 15:17:29'),
(297, 'IE AGROPECUARIA NUESTRA SEÑORA DEL ROSARIO', '2020-03-31 15:17:31', '2020-03-31 15:17:31'),
(298, 'IE LA FONDA', '2020-03-31 15:17:40', '2020-03-31 15:17:40'),
(299, 'IE SAN JACINTO', '2020-03-31 15:17:47', '2020-03-31 15:17:47'),
(300, 'IE INCODELCA', '2020-03-31 15:17:51', '2020-03-31 15:17:51'),
(301, 'IE AGROPECUARIA CARRIZALES', '2020-03-31 15:17:52', '2020-03-31 15:17:52'),
(302, 'CE PANDIGUANDO', '2020-03-31 15:17:55', '2020-03-31 15:17:55'),
(303, 'IE SAGRADA FAMILIA DE NAZARETH', '2020-03-31 15:18:50', '2020-03-31 15:18:50'),
(304, 'IE EMPRESARIAL SAN JOSÉ', '2020-03-31 15:18:55', '2020-03-31 15:18:55'),
(305, 'IE WILDER FABIAN HURTADO(ANTES KWESX U´JHTHESX UUS YATXNXI WILDER FABIAN HURTADO', '2020-03-31 15:19:00', '2020-03-31 15:19:00'),
(306, 'IE NUEVA GENERACION', '2020-03-31 15:19:04', '2020-03-31 15:19:04'),
(307, 'IE NUESTRA SENORA DE LA CANDELARIA', '2020-03-31 15:19:12', '2020-03-31 15:19:12'),
(308, 'IE SANTA JUANA DE ARCO', '2020-03-31 15:19:13', '2020-03-31 15:19:13'),
(309, 'IE AGROPECUARIO SAN FRANCISCO JAVIER', '2020-03-31 15:19:18', '2020-03-31 15:19:18'),
(310, 'IE LOS UVOS', '2020-03-31 15:19:20', '2020-03-31 15:19:20'),
(311, 'INST EDUC BARBILLAS ANTES CENT DOC', '2020-03-31 15:19:21', '2020-03-31 15:19:21'),
(312, 'IE INTERCULTURAL BILING¿E AGUA NEGRA', '2020-03-31 15:20:25', '2020-03-31 15:20:25'),
(313, 'IE EL MANGO', '2020-03-31 15:20:28', '2020-03-31 15:20:28'),
(314, 'IE INDIGENA CHIMBORAZO', '2020-03-31 15:20:30', '2020-03-31 15:20:30'),
(315, 'CE LA PAILA', '2020-03-31 15:21:12', '2020-03-31 15:21:12'),
(316, 'IE EL CUARTEL', '2020-03-31 15:21:30', '2020-03-31 15:21:30'),
(317, 'IE AGROPECUARIA FELIX MARIA ORTIZ', '2020-03-31 15:21:34', '2020-03-31 15:21:34'),
(318, 'IE LA MESA', '2020-03-31 15:21:42', '2020-03-31 15:21:42'),
(319, 'IE DOS RIOS', '2020-03-31 15:21:51', '2020-03-31 15:21:51'),
(320, 'IE SANTO DOMINGO SABIO', '2020-03-31 15:21:59', '2020-03-31 15:21:59'),
(321, 'IE MANUEL MARÍA MOSQUERA', '2020-03-31 15:22:22', '2020-03-31 15:22:22'),
(322, 'IE COLONIA ESCOLAR COCONUCO', '2020-03-31 15:22:23', '2020-03-31 15:22:23'),
(323, 'IEA GUILLERMO LEON VALENCIA', '2020-03-31 15:22:26', '2020-03-31 15:22:26'),
(324, 'IE SANTA TERESITA', '2020-03-31 15:22:28', '2020-03-31 15:22:28'),
(325, 'IE NUESTRA SENORA DEL CARMEN', '2020-03-31 15:22:30', '2020-03-31 15:22:30'),
(326, 'IE AGROPECUARIA LAS AVES', '2020-03-31 15:22:37', '2020-03-31 15:22:37'),
(327, 'IE LA CONCEPCION', '2020-03-31 15:22:44', '2020-03-31 15:22:44'),
(328, 'IE DOMINGUILLO', '2020-03-31 15:22:49', '2020-03-31 15:22:49'),
(329, 'INST EDUC KLIICHAW SEK (ANTES CENT EDUC)', '2020-03-31 15:22:56', '2020-03-31 15:22:56'),
(330, 'IE RENACER PÁEZ', '2020-03-31 15:23:02', '2020-03-31 15:23:02'),
(331, 'INST EDUC TEC KIZGO ANTES (INST EDUC QUIZGO)', '2020-03-31 15:23:02', '2020-03-31 15:23:02'),
(332, 'IE MARILOPEZ BELLAVISTA (ANTES CENTRO EDUCATIVO MARILOPEZ BELLAVISTA)', '2020-03-31 15:23:13', '2020-03-31 15:23:13'),
(333, 'IE AGROAMBIENTAL  AGUA CLARA', '2020-03-31 15:23:15', '2020-03-31 15:23:15'),
(334, 'IE EL SESTEADERO', '2020-03-31 15:24:57', '2020-03-31 15:24:57'),
(335, 'IE SEGUENGUE', '2020-03-31 15:25:07', '2020-03-31 15:25:07'),
(336, 'CE BELEN', '2020-03-31 15:25:12', '2020-03-31 15:25:12'),
(337, 'CE SAN VICENTE', '2020-03-31 15:25:14', '2020-03-31 15:25:14'),
(338, 'IE SABAS BELTRAN', '2020-03-31 15:25:46', '2020-03-31 15:25:46'),
(339, 'IE TÉCNICA AGROPECUARIA DE RICAURTE', '2020-03-31 15:25:46', '2020-03-31 15:25:46'),
(340, 'CE LA TOLDA', '2020-03-31 15:26:00', '2020-03-31 15:26:00'),
(341, 'IEA INDIGENA QUINTIN LAME', '2020-03-31 15:26:02', '2020-03-31 15:26:02'),
(342, 'IE LAPRIMICIA', '2020-03-31 15:26:05', '2020-03-31 15:26:05'),
(343, 'INST EDUC AGROP PUEBLO TOTORO', '2020-03-31 15:26:13', '2020-03-31 15:26:13'),
(344, 'IE TATAWALA LA ESTELA (ANTES CENTRO EDUCATIVO LA ESTELA)', '2020-03-31 15:26:17', '2020-03-31 15:26:17'),
(345, 'IE EL CARMEN', '2020-03-31 15:26:27', '2020-03-31 15:26:27'),
(346, 'IE AGROPECUARIA URIBE', '2020-03-31 15:26:28', '2020-03-31 15:26:28'),
(347, 'IE LOS ANAYES', '2020-03-31 15:26:28', '2020-03-31 15:26:28'),
(348, 'CE LA LOMITA', '2020-03-31 15:26:59', '2020-03-31 15:26:59'),
(349, 'IE MARIA AUXILIADORA', '2020-03-31 15:27:10', '2020-03-31 15:27:10'),
(350, 'IE LOS SOMBRERILLOS', '2020-03-31 15:28:05', '2020-03-31 15:28:05'),
(351, 'IE TECNICO TUNIA', '2020-03-31 15:28:18', '2020-03-31 15:28:18'),
(352, 'IE TORIBIO', '2020-03-31 15:29:05', '2020-03-31 15:29:05'),
(353, 'CE SANTA ROSA BAJA', '2020-03-31 15:29:39', '2020-03-31 15:29:39'),
(354, 'IE LA ALIANZA', '2020-03-31 15:29:46', '2020-03-31 15:29:46'),
(355, 'IEA SAN SEBASTIAN', '2020-03-31 15:30:29', '2020-03-31 15:30:29'),
(356, 'IE LAS GUACAS', '2020-03-31 15:31:30', '2020-03-31 15:31:30'),
(357, 'IE DE CHISQUIO', '2020-03-31 15:31:31', '2020-03-31 15:31:31'),
(358, 'CENTRO EDUCATIVO EL REMANSO', '2020-03-31 15:32:35', '2020-03-31 15:32:35'),
(359, 'CENTRO EDUCATIVO EL CARANO', '2020-03-31 15:32:37', '2020-03-31 15:32:37'),
(360, 'IE EL CABILDO (ANTES CENTRO EDUCATIVO EL CABILDO)', '2020-03-31 15:32:51', '2020-03-31 15:32:51'),
(361, 'IE AGROAMBIENTAL NUEVA VISIÓN ALTO NAYA', '2020-03-31 15:33:15', '2020-03-31 15:33:15'),
(362, 'IE AGROPECUARIA SAN ISIDRO', '2020-03-31 15:33:32', '2020-03-31 15:33:32'),
(363, 'IE LOS COMUNEROS', '2020-03-31 15:33:43', '2020-03-31 15:33:43'),
(364, 'IE DE USENDA', '2020-03-31 15:33:48', '2020-03-31 15:33:48'),
(365, 'INST EDUC AGROP CHAPA', '2020-03-31 15:34:19', '2020-03-31 15:34:19'),
(366, 'IE EL PORVENIR', '2020-03-31 15:34:22', '2020-03-31 15:34:22'),
(367, 'CENTRO EDUCATIVO TAMINANGO', '2020-03-31 15:34:24', '2020-03-31 15:34:24'),
(368, 'IE EL ROSAL', '2020-03-31 15:34:54', '2020-03-31 15:34:54'),
(369, 'INST EDUC EL PARAISO', '2020-03-31 15:34:56', '2020-03-31 15:34:56'),
(370, 'IE ORTEGA (CE ORTEGA)', '2020-03-31 15:34:59', '2020-03-31 15:34:59'),
(371, 'IE SAN ISIDRO', '2020-03-31 15:35:12', '2020-03-31 15:35:12'),
(372, 'IE AGRICOLA SAN ALFONSO', '2020-03-31 15:35:22', '2020-03-31 15:35:22'),
(373, 'IE SANTA MARTA (ANTES CENTRO EDUCATIVO SANTA MARTA)', '2020-03-31 15:36:14', '2020-03-31 15:36:14'),
(374, 'IE SAN JOSE DE ALTAMIRA', '2020-03-31 15:36:19', '2020-03-31 15:36:19'),
(375, 'IE AGROPECUARIO MONTERREDONDO', '2020-03-31 15:36:43', '2020-03-31 15:36:43'),
(376, 'CE CERRITO', '2020-03-31 15:39:02', '2020-03-31 15:39:02'),
(377, 'IE CERRO CATALINA', '2020-03-31 15:39:47', '2020-03-31 15:39:47'),
(378, 'IE BACHILLERATO TECNICO AGRICOLA DE JAMBALO', '2020-03-31 15:40:10', '2020-03-31 15:40:10'),
(379, 'IE MAZAMORRERO', '2020-03-31 15:40:13', '2020-03-31 15:40:13'),
(380, 'INST ETNOEDUCATIVA TÉCNICA AGROAMBIENTAL EL CAMPO ALEGRE ANTES (CERM CAMPO ALEGRE)', '2020-03-31 15:40:26', '2020-03-31 15:40:26'),
(381, 'IE TEC AGROPECUARIA  LA HUELLA', '2020-03-31 15:40:37', '2020-03-31 15:40:37'),
(382, 'IEA PALETARA', '2020-03-31 15:40:50', '2020-03-31 15:40:50'),
(383, 'INST EDUC EL CARMEN', '2020-03-31 15:41:56', '2020-03-31 15:41:56'),
(384, 'IE  PUEBLOQUEMADO', '2020-03-31 15:42:11', '2020-03-31 15:42:11'),
(385, 'IE AGROINDUSTRIAL VICTOR MANUEL CHAUX VILLAMIL', '2020-03-31 15:42:51', '2020-03-31 15:42:51'),
(386, 'IE EL CONGO', '2020-03-31 15:43:26', '2020-03-31 15:43:26'),
(387, 'CE BARAYA', '2020-03-31 15:45:42', '2020-03-31 15:45:42'),
(388, 'CE CENEGUETA', '2020-03-31 15:46:41', '2020-03-31 15:46:41'),
(389, 'CE EL CHALO', '2020-03-31 15:46:42', '2020-03-31 15:46:42'),
(390, 'IE LA MESETA (ANTES CENTRO EDUCATIVO LA MESETA)', '2020-03-31 15:46:58', '2020-03-31 15:46:58'),
(391, 'CE LA CHORRERA', '2020-03-31 15:47:06', '2020-03-31 15:47:06'),
(392, 'IEA VALENCIA', '2020-03-31 15:48:05', '2020-03-31 15:48:05'),
(393, 'I E BAJO SAN FRANCISCO', '2020-03-31 15:48:48', '2020-03-31 15:48:48'),
(394, 'INST EDUC ALFONSO CORDOBA (ANTES CENT EDUC ALFONSO CORDOBA)', '2020-03-31 15:49:01', '2020-03-31 15:49:01'),
(395, 'IE LA BELLEZA', '2020-03-31 15:49:02', '2020-03-31 15:49:02'),
(396, 'CE LA SABANA', '2020-03-31 15:49:10', '2020-03-31 15:49:10'),
(397, 'IE SANTA ELENA', '2020-03-31 15:49:19', '2020-03-31 15:49:19'),
(398, 'CE EL RECUERDO', '2020-03-31 15:50:23', '2020-03-31 15:50:23'),
(399, 'IE TECNICA LA PALOMERA', '2020-03-31 15:51:47', '2020-03-31 15:51:47'),
(400, 'INST EDUC LOS UVALES ANTES (INST EDUC AGROP LOS UVALES)', '2020-03-31 15:52:02', '2020-03-31 15:52:02'),
(401, 'CE ESMERALDAS', '2020-03-31 15:52:10', '2020-03-31 15:52:10'),
(402, 'CENTRO EDUCATIVO CORRALES', '2020-03-31 15:52:36', '2020-03-31 15:52:36'),
(403, 'CE MIROLINDO', '2020-03-31 15:53:56', '2020-03-31 15:53:56'),
(404, 'IE MINDALA (ANTES CENTRO EDUCATIVO MINDALA)', '2020-03-31 15:55:01', '2020-03-31 15:55:01'),
(405, 'CENTRO EDUCATIVO BETANIA', '2020-03-31 15:55:10', '2020-03-31 15:55:10'),
(406, 'CE LA HONDA', '2020-03-31 16:02:18', '2020-03-31 16:02:18'),
(407, 'CENTRO EDUCATIVO LA PRIMAVERA', '2020-03-31 16:03:49', '2020-03-31 16:03:49'),
(408, 'CE TEQUENDAMA', '2020-03-31 16:09:40', '2020-03-31 16:09:40'),
(409, 'CENTRO EDUCATIVO BALSITAS', '2020-03-31 16:10:29', '2020-03-31 16:10:29'),
(410, 'CE LA OVEJERA', '2020-03-31 16:15:34', '2020-03-31 16:15:34'),
(411, 'CE LA PILA', '2020-03-31 16:17:01', '2020-03-31 16:17:01'),
(412, 'IE SUMAK KAWSAY', '2020-03-31 16:18:29', '2020-03-31 16:18:29'),
(413, 'CENTRO EDUCATIVO LA PALMERA', '2020-03-31 16:19:24', '2020-03-31 16:19:24'),
(414, 'IE PARA EL DESARROLLO INTERCULTURAL DE LAS COMUNIDADES INEDIC', '2020-03-31 16:19:28', '2020-03-31 16:19:28'),
(415, 'CE PALMICHAL', '2020-03-31 16:21:50', '2020-03-31 16:21:50'),
(416, 'CENT EDUC CASCADAS', '2020-03-31 16:22:29', '2020-03-31 16:22:29'),
(417, 'CENTRO EDUCATIVO INTERCULTURAL SATH FXINXI DXI´J', '2020-03-31 16:23:16', '2020-03-31 16:23:16'),
(418, 'CE EL RAMAL', '2020-03-31 16:24:59', '2020-03-31 16:24:59'),
(419, 'IE RECUERDO BAJO (ANTES CE)', '2020-03-31 16:27:50', '2020-03-31 16:27:50'),
(420, 'CE LA ARROYUELA', '2020-03-31 16:33:13', '2020-03-31 16:33:13'),
(421, 'CE CABUYO BAJO', '2020-03-31 16:39:38', '2020-03-31 16:39:38'),
(422, 'IE LAS BOTAS', '2020-03-31 16:44:08', '2020-03-31 16:44:08'),
(423, 'CE VILLA NARCISO CARMELO', '2020-03-31 16:48:29', '2020-03-31 16:48:29'),
(424, 'CENTRO EDUCATIVO LA AGUSTINA', '2020-03-31 16:50:10', '2020-03-31 16:50:10'),
(425, 'CE PERICO NEGRO', '2020-03-31 16:50:59', '2020-03-31 16:50:59'),
(426, 'CE SAN CARLOS', '2020-03-31 16:51:09', '2020-03-31 16:51:09'),
(427, 'CE LA CHICUENA', '2020-03-31 16:53:30', '2020-03-31 16:53:30'),
(428, 'CE BARRO BLANCO', '2020-03-31 16:58:50', '2020-03-31 16:58:50'),
(429, 'CE SANTA CLARA', '2020-03-31 16:59:16', '2020-03-31 16:59:16'),
(430, 'CE LA LAGUNA', '2020-03-31 17:04:25', '2020-03-31 17:04:25'),
(431, 'CE PISAPASITO', '2020-03-31 17:08:02', '2020-03-31 17:08:02'),
(432, 'CE LA SELVA', '2020-03-31 17:14:25', '2020-03-31 17:14:25'),
(433, 'CENTRO EDUCATIVO LA TARABITA', '2020-03-31 17:14:30', '2020-03-31 17:14:30'),
(434, 'CENTRO EDUCATIVO CORTADERAS', '2020-03-31 17:14:48', '2020-03-31 17:14:48'),
(435, 'IE EL MARQUEZ', '2020-03-31 17:15:31', '2020-03-31 17:15:31'),
(436, 'CENT EDUC LA MEDINA', '2020-03-31 17:16:08', '2020-03-31 17:16:08'),
(437, 'CENTRO EDUCATIVO LA HONDA', '2020-03-31 17:16:28', '2020-03-31 17:16:28'),
(438, 'CE EL GUADUAL', '2020-03-31 17:16:35', '2020-03-31 17:16:35'),
(439, 'CE CAMPO BELLO BAJO', '2020-03-31 17:17:08', '2020-03-31 17:17:08'),
(440, 'CE DOS RIOS', '2020-03-31 17:21:25', '2020-03-31 17:21:25'),
(441, 'CE CAMPO BELLO ALTO', '2020-03-31 17:22:13', '2020-03-31 17:22:13'),
(442, 'CE CAMPO ALEGRE', '2020-03-31 17:22:30', '2020-03-31 17:22:30'),
(443, 'CENT EDUC AGUAS VIVAS', '2020-03-31 17:24:20', '2020-03-31 17:24:20'),
(444, 'CE EL RODEO', '2020-03-31 17:27:29', '2020-03-31 17:27:29'),
(445, 'CE SANTA MARIA', '2020-03-31 17:28:26', '2020-03-31 17:28:26'),
(446, 'CE LA AGENCIA', '2020-03-31 17:28:30', '2020-03-31 17:28:30'),
(447, 'CE EL FIRME', '2020-03-31 17:29:34', '2020-03-31 17:29:34'),
(448, 'CE ACESI (ASOCIACION DE CENTROS EDUCATIVOS DEL SIMBOLA)', '2020-03-31 17:32:24', '2020-03-31 17:32:24'),
(449, 'CENT EDUC LOS RASTROJOS', '2020-03-31 17:34:17', '2020-03-31 17:34:17'),
(450, 'CENTRO EDUCATIVO LAS DANTAS', '2020-03-31 17:34:28', '2020-03-31 17:34:28'),
(451, 'CE LA PALMA', '2020-03-31 17:36:47', '2020-03-31 17:36:47'),
(452, 'CE BERMEJA ALTA', '2020-03-31 17:36:56', '2020-03-31 17:36:56'),
(453, 'CENTRO EDUCATIVO EL MANGO', '2020-03-31 17:39:42', '2020-03-31 17:39:42'),
(454, 'CENTRO EDUCATIVO LA CUEVA', '2020-03-31 17:40:04', '2020-03-31 17:40:04'),
(455, 'CENT EDUC SAN MIGUEL', '2020-03-31 17:40:09', '2020-03-31 17:40:09'),
(456, 'CENTRO EDUCATIVO EL TAMBO', '2020-03-31 17:40:23', '2020-03-31 17:40:23'),
(457, 'CENTRO EDUCATIVO MATARREDONDA', '2020-03-31 17:42:13', '2020-03-31 17:42:13'),
(458, 'CENTRO EDUCATIVO CANAVERAL', '2020-03-31 17:43:21', '2020-03-31 17:43:21'),
(459, 'CENTRO EDUCATIVO POLICARPA SALAVARRIETA', '2020-03-31 17:44:06', '2020-03-31 17:44:06'),
(460, 'CENTRO EDUCATIVO EL BARRANCO', '2020-03-31 17:46:31', '2020-03-31 17:46:31'),
(461, 'CENT EDUC CRUCERO BELLO', '2020-03-31 17:47:43', '2020-03-31 17:47:43'),
(462, 'CENTRO EDUCATIVO EL TRILLADERO', '2020-03-31 17:48:17', '2020-03-31 17:48:17'),
(463, 'CE KILÓMETRO 48', '2020-03-31 17:50:25', '2020-03-31 17:50:25'),
(464, 'CENTRO EDUCATIVO CAMPO ALEGRE', '2020-03-31 17:51:24', '2020-03-31 17:51:24'),
(465, 'CE SAN GABRIEL', '2020-03-31 17:52:28', '2020-03-31 17:52:28'),
(466, 'CENTRO EDUCATIVO SAN JUAN DE LA FLORIDA', '2020-03-31 17:53:04', '2020-03-31 17:53:04'),
(467, 'CE BOTAFOGO', '2020-03-31 17:53:31', '2020-03-31 17:53:31'),
(468, 'CE LOS PICOS', '2020-03-31 17:53:33', '2020-03-31 17:53:33'),
(469, 'CENTRO EDUCATIVO EL LAMEDERO', '2020-03-31 17:56:21', '2020-03-31 17:56:21'),
(470, 'CE CAMPOSANO', '2020-03-31 18:04:33', '2020-03-31 18:04:33'),
(471, 'CE PARAMILLOS', '2020-03-31 18:07:30', '2020-03-31 18:07:30'),
(472, 'CENTRO EDUCATIVO GUILLERMO LEON VALENCIA', '2020-03-31 18:09:35', '2020-03-31 18:09:35'),
(473, 'CE LAS CRUCES', '2020-03-31 18:09:59', '2020-03-31 18:09:59'),
(474, 'CENT EDUC YUNGUILLAS', '2020-03-31 18:11:30', '2020-03-31 18:11:30'),
(475, 'CENTRO EDUCATIVO CHAYUCE YAT', '2020-03-31 18:12:44', '2020-03-31 18:12:44'),
(476, 'CENTRO EDUCATIVO BUENAVISTA', '2020-03-31 18:14:55', '2020-03-31 18:14:55'),
(477, 'CENT EDUC PLAYA DE SAN JUAN', '2020-03-31 18:16:24', '2020-03-31 18:16:24'),
(478, 'CE EL PITAL', '2020-03-31 18:16:54', '2020-03-31 18:16:54'),
(479, 'CENT EDUC EL RETIRO', '2020-03-31 18:18:43', '2020-03-31 18:18:43'),
(480, 'CE LA AURELIA', '2020-03-31 18:19:11', '2020-03-31 18:19:11'),
(481, 'CE RIO SUCIO', '2020-03-31 18:20:56', '2020-03-31 18:20:56'),
(482, 'CENTRO EDUCATIVO LOMITAS', '2020-03-31 18:22:49', '2020-03-31 18:22:49'),
(483, 'CENTRO EDUCATIVO PUERTO GUAYUYACO', '2020-03-31 18:24:33', '2020-03-31 18:24:33'),
(484, 'CE CHAPA', '2020-03-31 18:26:37', '2020-03-31 18:26:37'),
(485, 'CE BUENAVISTA', '2020-03-31 18:26:39', '2020-03-31 18:26:39'),
(486, 'CE JOSE MARIA CORDOBA', '2020-03-31 18:30:22', '2020-03-31 18:30:22'),
(487, 'CE LA CABAÑA', '2020-03-31 18:31:23', '2020-03-31 18:31:23'),
(488, 'CE GUANGUBIO', '2020-03-31 18:38:17', '2020-03-31 18:38:17'),
(489, 'CE PUENTE ALTO', '2020-03-31 18:38:18', '2020-03-31 18:38:18'),
(490, 'CE LA COHETERA', '2020-03-31 18:41:34', '2020-03-31 18:41:34'),
(491, 'CENT EDUC EL SESTEADERO', '2020-03-31 18:49:11', '2020-03-31 18:49:11'),
(492, 'CENTRO EDUCATIVO MELCHO', '2020-03-31 18:49:51', '2020-03-31 18:49:51'),
(493, 'CE SAN JUAN DE LA GUADUA', '2020-03-31 18:50:40', '2020-03-31 18:50:40'),
(494, 'CE CHAUX', '2020-03-31 18:53:43', '2020-03-31 18:53:43'),
(495, 'CENTRO EDUCATIVO SANTA CLARA', '2020-03-31 19:03:21', '2020-03-31 19:03:21'),
(496, 'CENTRO EDUCATIVO CASCAJERO', '2020-03-31 19:06:26', '2020-03-31 19:06:26'),
(497, 'CE LA GRANJA', '2020-03-31 19:15:10', '2020-03-31 19:15:10'),
(498, 'CE EL CABUYAL', '2020-03-31 19:17:24', '2020-03-31 19:17:24'),
(499, 'CENT EDUC SANTA ANA', '2020-03-31 19:39:11', '2020-03-31 19:39:11'),
(500, 'CE EL TABLAZO', '2020-03-31 19:41:19', '2020-03-31 19:41:19'),
(501, 'CE SAN DIEGO', '2020-03-31 19:46:30', '2020-03-31 19:46:30'),
(502, 'CE SOTO', '2020-03-31 19:46:33', '2020-03-31 19:46:33'),
(503, 'CE SAN FRANCISCO', '2020-03-31 19:47:55', '2020-03-31 19:47:55'),
(504, 'CENTRO EDUCATIVO SAN ANTONIO DEL SILENCIO', '2020-03-31 19:54:31', '2020-03-31 19:54:31'),
(505, 'CENTRO EDUCATIVO EL TUNEL', '2020-03-31 19:55:50', '2020-03-31 19:55:50'),
(506, 'CE YARUMALES', '2020-03-31 20:04:49', '2020-03-31 20:04:49'),
(507, 'CE PUERTO NUEVO', '2020-03-31 20:32:05', '2020-03-31 20:32:05'),
(508, 'CE FLORENCIA', '2020-03-31 20:34:13', '2020-03-31 20:34:13'),
(509, 'CENTRO EDUCATIVO EL HOGAR', '2020-03-31 20:39:03', '2020-03-31 20:39:03'),
(510, 'CE NAZARETH', '2020-03-31 20:56:20', '2020-03-31 20:56:20'),
(511, 'CE TUMBURAO', '2020-03-31 20:56:41', '2020-03-31 20:56:41'),
(512, 'CE SAN BARTOLO', '2020-03-31 21:07:41', '2020-03-31 21:07:41'),
(513, 'CENTRO EDUCATIVO SAN RAFAEL', '2020-03-31 21:16:32', '2020-03-31 21:16:32'),
(514, 'CENTRO EDUCATIVO LOS ARBOLES', '2020-03-31 21:17:32', '2020-03-31 21:17:32'),
(515, 'CE LOS ARBOLES', '2020-03-31 21:26:05', '2020-03-31 21:26:05'),
(516, 'CENT EDUC ALTO LLANO', '2020-03-31 21:30:19', '2020-03-31 21:30:19'),
(517, 'CENTRO EDUCATIVO MUNCHIQUE', '2020-03-31 21:31:27', '2020-03-31 21:31:27'),
(518, 'CENTRO EDUCATIVO LA ESMERALDA', '2020-03-31 21:35:43', '2020-03-31 21:35:43'),
(519, 'CENTRO EDUCATIVO QUINAMAYO', '2020-03-31 21:42:46', '2020-03-31 21:42:46'),
(520, 'CENT EDUC PLACETILLAS', '2020-03-31 21:45:13', '2020-03-31 21:45:13'),
(521, 'CE SAMBONI ALTO', '2020-03-31 21:47:47', '2020-03-31 21:47:47'),
(522, 'CENTRO EDUCATIVO FRONTINO BAJO', '2020-03-31 21:57:39', '2020-03-31 21:57:39'),
(523, 'CE CALLE HONDA', '2020-03-31 22:10:48', '2020-03-31 22:10:48'),
(524, 'CE CHICHIGUARA', '2020-03-31 22:30:47', '2020-03-31 22:30:47'),
(525, 'CE LA FONDA', '2020-03-31 22:57:42', '2020-03-31 22:57:42'),
(526, 'CERM INTEGRADA ARRAYÁN CHOCHO', '2020-03-31 23:11:23', '2020-03-31 23:11:23'),
(527, 'CE BETANIA', '2020-03-31 23:22:19', '2020-03-31 23:22:19'),
(528, 'CE LAS PIEDRAS', '2020-03-31 23:26:15', '2020-03-31 23:26:15'),
(529, 'CE EL EMPALIZADO', '2020-03-31 23:39:47', '2020-03-31 23:39:47'),
(530, 'CE LA DESPENSA', '2020-03-31 23:58:08', '2020-03-31 23:58:08'),
(531, 'CE SAN JOSE', '2020-04-01 00:12:58', '2020-04-01 00:12:58'),
(532, 'CE EL TRAPICHE', '2020-04-01 00:18:40', '2020-04-01 00:18:40'),
(533, 'CE CUCHICAMA', '2020-04-01 01:16:24', '2020-04-01 01:16:24'),
(534, 'CENTRO EDUCATIVO FRONTINO ALTO', '2020-04-01 02:05:20', '2020-04-01 02:05:20'),
(535, 'CE MARSELLA', '2020-04-01 02:23:07', '2020-04-01 02:23:07'),
(536, 'CE BUENOS AIRES', '2020-04-01 02:24:33', '2020-04-01 02:24:33'),
(537, 'CE PISANRABO', '2020-04-01 03:48:59', '2020-04-01 03:48:59'),
(538, 'CE PULULO', '2020-04-01 05:04:37', '2020-04-01 05:04:37'),
(539, 'CE VUELTAS DE PATICO', '2020-04-01 05:54:58', '2020-04-01 05:54:58');

-- --------------------------------------------------------

--
-- Table structure for table `migrations`
--

CREATE TABLE `migrations` (
  `id` int(10) UNSIGNED NOT NULL,
  `migration` varchar(191) COLLATE utf8mb4_unicode_ci NOT NULL,
  `batch` int(11) NOT NULL
) ENGINE=InnoDB DEFAULT CHARSET=utf8mb4 COLLATE=utf8mb4_unicode_ci;

--
-- Dumping data for table `migrations`
--

INSERT INTO `migrations` (`id`, `migration`, `batch`) VALUES
(1, '2014_10_12_000000_create_users_table', 1),
(2, '2014_10_12_100000_create_password_resets_table', 1),
(3, '2019_08_19_000000_create_failed_jobs_table', 1),
(4, '2019_09_19_161212_create_departments_table', 1),
(5, '2019_09_19_163947_create_zones_table', 1),
(6, '2019_09_19_164002_create_town_types_table', 1),
(7, '2019_09_19_164003_create_towns_table', 1),
(8, '2019_09_19_164102_create_institutions_table', 1),
(9, '2019_09_19_164103_create_headquarters_table', 1);

-- --------------------------------------------------------

--
-- Table structure for table `password_resets`
--

CREATE TABLE `password_resets` (
  `email` varchar(191) COLLATE utf8mb4_unicode_ci NOT NULL,
  `token` varchar(191) COLLATE utf8mb4_unicode_ci NOT NULL,
  `created_at` timestamp NULL DEFAULT NULL
) ENGINE=InnoDB DEFAULT CHARSET=utf8mb4 COLLATE=utf8mb4_unicode_ci;

-- --------------------------------------------------------

--
-- Table structure for table `towns`
--

CREATE TABLE `towns` (
  `id` int(10) UNSIGNED NOT NULL,
  `name` varchar(191) COLLATE utf8mb4_unicode_ci NOT NULL,
  `department_id` int(10) UNSIGNED NOT NULL,
  `zone_id` int(10) UNSIGNED DEFAULT NULL,
  `town_type_id` int(10) UNSIGNED NOT NULL,
  `created_at` timestamp NULL DEFAULT current_timestamp(),
  `updated_at` timestamp NULL DEFAULT current_timestamp()
) ENGINE=InnoDB DEFAULT CHARSET=utf8mb4 COLLATE=utf8mb4_unicode_ci;

--
-- Dumping data for table `towns`
--

INSERT INTO `towns` (`id`, `name`, `department_id`, `zone_id`, `town_type_id`, `created_at`, `updated_at`) VALUES
(1, 'GUAPI', 1, 1, 1, '2020-03-31 15:05:49', '2020-03-31 15:05:49'),
(2, 'LOPEZ DE MICAY', 1, 1, 2, '2020-03-31 15:05:50', '2020-03-31 15:05:50'),
(3, 'TIMBIQUI', 1, 1, 2, '2020-03-31 15:05:51', '2020-03-31 15:05:51'),
(4, 'BUENOS AIRES', 1, 2, 1, '2020-03-31 15:05:53', '2020-03-31 15:05:53'),
(5, 'VILLARICA', 1, 2, 2, '2020-03-31 15:05:54', '2020-03-31 15:05:54'),
(6, 'SANTANDER DE QUILICHAO', 1, 2, 1, '2020-03-31 15:05:55', '2020-03-31 15:05:55'),
(7, 'PATIA-EL BORDO', 1, 3, 1, '2020-03-31 15:05:56', '2020-03-31 15:05:56'),
(8, 'PADILLA', 1, 2, 2, '2020-03-31 15:05:57', '2020-03-31 15:05:57'),
(9, 'MORALES', 1, 6, 1, '2020-03-31 15:05:59', '2020-03-31 15:05:59'),
(10, 'MERCADERES', 1, 3, 2, '2020-03-31 15:06:05', '2020-03-31 15:06:05'),
(11, 'EL TAMBO', 1, 6, 1, '2020-03-31 15:06:05', '2020-03-31 15:06:05'),
(12, 'PIENDAMO', 1, 6, 1, '2020-03-31 15:06:09', '2020-03-31 15:06:09'),
(13, 'PIAMONTE', 1, 5, 2, '2020-03-31 15:06:11', '2020-03-31 15:06:11'),
(14, 'GUACHENE', 1, 2, 1, '2020-03-31 15:06:13', '2020-03-31 15:06:13'),
(15, 'CORINTO', 1, 2, 2, '2020-03-31 15:06:14', '2020-03-31 15:06:14'),
(16, 'PUERTO TEJADA', 1, 2, 2, '2020-03-31 15:06:16', '2020-03-31 15:06:16'),
(17, 'CAJIBIO', 1, 6, 1, '2020-03-31 15:06:19', '2020-03-31 15:06:19'),
(18, 'ROSAS', 1, 7, 2, '2020-03-31 15:06:20', '2020-03-31 15:06:20'),
(19, 'TORIBIO', 1, 2, 1, '2020-03-31 15:06:21', '2020-03-31 15:06:21'),
(20, 'ARGELIA', 1, 3, 1, '2020-03-31 15:06:28', '2020-03-31 15:06:28'),
(21, 'CALDONO', 1, 2, 1, '2020-03-31 15:06:33', '2020-03-31 15:06:33'),
(22, 'BOLIVAR', 1, 3, 1, '2020-03-31 15:06:42', '2020-03-31 15:06:42'),
(23, 'SILVIA', 1, 6, 1, '2020-03-31 15:06:43', '2020-03-31 15:06:43'),
(24, 'MIRANDA', 1, 2, 2, '2020-03-31 15:06:55', '2020-03-31 15:06:55'),
(25, 'CALOTO', 1, 2, 2, '2020-03-31 15:06:59', '2020-03-31 15:06:59'),
(26, 'BALBOA', 1, 3, 1, '2020-03-31 15:07:01', '2020-03-31 15:07:01'),
(27, 'PAEZ', 1, 4, 1, '2020-03-31 15:07:10', '2020-03-31 15:07:10'),
(28, 'SUAREZ', 1, 2, 2, '2020-03-31 15:07:20', '2020-03-31 15:07:20'),
(29, 'TIMBIO', 1, 6, 2, '2020-03-31 15:07:29', '2020-03-31 15:07:29'),
(30, 'PURACE', 1, 6, 1, '2020-03-31 15:07:32', '2020-03-31 15:07:32'),
(31, 'SUCRE', 1, 3, 2, '2020-03-31 15:07:46', '2020-03-31 15:07:46'),
(32, 'JAMBALO', 1, 2, 1, '2020-03-31 15:08:00', '2020-03-31 15:08:00'),
(33, 'LA SIERRA', 1, 7, 2, '2020-03-31 15:08:05', '2020-03-31 15:08:05'),
(34, 'TOTORO', 1, 4, 1, '2020-03-31 15:08:15', '2020-03-31 15:08:15'),
(35, 'INZA', 1, 4, 1, '2020-03-31 15:08:20', '2020-03-31 15:08:20'),
(36, 'LA VEGA', 1, 7, 1, '2020-03-31 15:08:34', '2020-03-31 15:08:34'),
(37, 'ALMAGUER', 1, 7, 1, '2020-03-31 15:08:57', '2020-03-31 15:08:57'),
(38, 'FLORENCIA', 1, 3, 2, '2020-03-31 15:09:54', '2020-03-31 15:09:54'),
(39, 'SAN SEBASTIAN', 1, 5, 1, '2020-03-31 15:13:43', '2020-03-31 15:13:43'),
(40, 'SANTA ROSA', 1, 5, 2, '2020-03-31 15:14:01', '2020-03-31 15:14:01'),
(41, 'SOTARA', 1, 7, 2, '2020-03-31 15:14:17', '2020-03-31 15:14:17');

-- --------------------------------------------------------

--
-- Table structure for table `town_types`
--

CREATE TABLE `town_types` (
  `id` int(10) UNSIGNED NOT NULL,
  `name` varchar(191) COLLATE utf8mb4_unicode_ci NOT NULL,
  `created_at` timestamp NULL DEFAULT NULL,
  `updated_at` timestamp NULL DEFAULT NULL
) ENGINE=InnoDB DEFAULT CHARSET=utf8mb4 COLLATE=utf8mb4_unicode_ci;

--
-- Dumping data for table `town_types`
--

INSERT INTO `town_types` (`id`, `name`, `created_at`, `updated_at`) VALUES
(1, 'RURAL', '2019-10-09 21:43:30', '2019-10-09 21:43:30'),
(2, 'URBANA', '2019-10-09 21:45:23', '2019-10-09 21:45:23');

-- --------------------------------------------------------

--
-- Table structure for table `users`
--

CREATE TABLE `users` (
  `id` bigint(20) UNSIGNED NOT NULL,
  `name` varchar(191) COLLATE utf8mb4_unicode_ci NOT NULL,
  `email` varchar(191) COLLATE utf8mb4_unicode_ci NOT NULL,
  `email_verified_at` timestamp NULL DEFAULT NULL,
  `password` varchar(191) COLLATE utf8mb4_unicode_ci NOT NULL,
  `remember_token` varchar(100) COLLATE utf8mb4_unicode_ci DEFAULT NULL,
  `created_at` timestamp NULL DEFAULT NULL,
  `updated_at` timestamp NULL DEFAULT NULL
) ENGINE=InnoDB DEFAULT CHARSET=utf8mb4 COLLATE=utf8mb4_unicode_ci;

--
-- Dumping data for table `users`
--

INSERT INTO `users` (`id`, `name`, `email`, `email_verified_at`, `password`, `remember_token`, `created_at`, `updated_at`) VALUES
(1, 'Prueba', 'prueba@prueba.com', NULL, '$2y$10$jfam4URUvRPN0.uVS9mDfuo1gIPVylfYaEAmbVL3EeSG/mcvXDhsa', NULL, '2019-10-09 21:34:28', '2019-10-09 21:34:28');

-- --------------------------------------------------------

--
-- Table structure for table `zones`
--

CREATE TABLE `zones` (
  `id` int(10) UNSIGNED NOT NULL,
  `name` varchar(191) COLLATE utf8mb4_unicode_ci NOT NULL,
  `created_at` timestamp NULL DEFAULT NULL,
  `updated_at` timestamp NULL DEFAULT NULL
) ENGINE=InnoDB DEFAULT CHARSET=utf8mb4 COLLATE=utf8mb4_unicode_ci;

--
-- Dumping data for table `zones`
--

INSERT INTO `zones` (`id`, `name`, `created_at`, `updated_at`) VALUES
(1, 'PACIFICO', '2020-02-25 00:53:47', '2020-02-25 00:53:47'),
(2, 'NORTE', '2020-02-25 00:53:47', '2020-02-25 00:53:47'),
(3, 'SUR', '2020-02-25 00:53:47', '2020-02-25 00:53:47'),
(4, 'ORIENTE', '2020-02-25 01:01:26', '2020-02-25 01:01:26'),
(5, 'BOTA CAUCANA', '2020-02-25 01:10:35', '2020-02-25 01:10:35'),
(6, 'CENTRO', '2020-02-25 01:24:08', '2020-02-25 01:24:08'),
(7, 'MACIZO', '2020-02-25 01:24:26', '2020-02-25 01:24:26');

--
-- Indexes for dumped tables
--

--
-- Indexes for table `departments`
--
ALTER TABLE `departments`
  ADD PRIMARY KEY (`id`);

--
-- Indexes for table `failed_jobs`
--
ALTER TABLE `failed_jobs`
  ADD PRIMARY KEY (`id`);

--
-- Indexes for table `headquarters`
--
ALTER TABLE `headquarters`
  ADD PRIMARY KEY (`id`),
  ADD KEY `headquarters_town_id_foreign` (`town_id`),
  ADD KEY `headquarters_institution_id_foreign` (`institution_id`);

--
-- Indexes for table `institutions`
--
ALTER TABLE `institutions`
  ADD PRIMARY KEY (`id`);

--
-- Indexes for table `migrations`
--
ALTER TABLE `migrations`
  ADD PRIMARY KEY (`id`);

--
-- Indexes for table `password_resets`
--
ALTER TABLE `password_resets`
  ADD KEY `password_resets_email_index` (`email`);

--
-- Indexes for table `towns`
--
ALTER TABLE `towns`
  ADD PRIMARY KEY (`id`),
  ADD KEY `towns_department_id_foreign` (`department_id`),
  ADD KEY `towns_zone_id_foreign` (`zone_id`),
  ADD KEY `towns_town_type_id_foreign` (`town_type_id`);

--
-- Indexes for table `town_types`
--
ALTER TABLE `town_types`
  ADD PRIMARY KEY (`id`);

--
-- Indexes for table `users`
--
ALTER TABLE `users`
  ADD PRIMARY KEY (`id`),
  ADD UNIQUE KEY `users_email_unique` (`email`);

--
-- Indexes for table `zones`
--
ALTER TABLE `zones`
  ADD PRIMARY KEY (`id`);

--
-- AUTO_INCREMENT for dumped tables
--

--
-- AUTO_INCREMENT for table `departments`
--
ALTER TABLE `departments`
  MODIFY `id` int(10) UNSIGNED NOT NULL AUTO_INCREMENT, AUTO_INCREMENT=3;

--
-- AUTO_INCREMENT for table `failed_jobs`
--
ALTER TABLE `failed_jobs`
  MODIFY `id` bigint(20) UNSIGNED NOT NULL AUTO_INCREMENT;

--
-- AUTO_INCREMENT for table `headquarters`
--
ALTER TABLE `headquarters`
  MODIFY `id` bigint(20) UNSIGNED NOT NULL AUTO_INCREMENT, AUTO_INCREMENT=2390;

--
-- AUTO_INCREMENT for table `institutions`
--
ALTER TABLE `institutions`
  MODIFY `id` bigint(20) UNSIGNED NOT NULL AUTO_INCREMENT, AUTO_INCREMENT=540;

--
-- AUTO_INCREMENT for table `migrations`
--
ALTER TABLE `migrations`
  MODIFY `id` int(10) UNSIGNED NOT NULL AUTO_INCREMENT, AUTO_INCREMENT=10;

--
-- AUTO_INCREMENT for table `towns`
--
ALTER TABLE `towns`
  MODIFY `id` int(10) UNSIGNED NOT NULL AUTO_INCREMENT, AUTO_INCREMENT=42;

--
-- AUTO_INCREMENT for table `town_types`
--
ALTER TABLE `town_types`
  MODIFY `id` int(10) UNSIGNED NOT NULL AUTO_INCREMENT, AUTO_INCREMENT=3;

--
-- AUTO_INCREMENT for table `users`
--
ALTER TABLE `users`
  MODIFY `id` bigint(20) UNSIGNED NOT NULL AUTO_INCREMENT, AUTO_INCREMENT=2;

--
-- AUTO_INCREMENT for table `zones`
--
ALTER TABLE `zones`
  MODIFY `id` int(10) UNSIGNED NOT NULL AUTO_INCREMENT, AUTO_INCREMENT=8;

--
-- Constraints for dumped tables
--

--
-- Constraints for table `headquarters`
--
ALTER TABLE `headquarters`
  ADD CONSTRAINT `headquarters_institution_id_foreign` FOREIGN KEY (`institution_id`) REFERENCES `institutions` (`id`) ON DELETE CASCADE ON UPDATE CASCADE,
  ADD CONSTRAINT `headquarters_town_id_foreign` FOREIGN KEY (`town_id`) REFERENCES `towns` (`id`) ON DELETE CASCADE ON UPDATE CASCADE;

--
-- Constraints for table `towns`
--
ALTER TABLE `towns`
  ADD CONSTRAINT `towns_department_id_foreign` FOREIGN KEY (`department_id`) REFERENCES `departments` (`id`) ON DELETE CASCADE ON UPDATE CASCADE,
  ADD CONSTRAINT `towns_town_type_id_foreign` FOREIGN KEY (`town_type_id`) REFERENCES `town_types` (`id`) ON DELETE CASCADE ON UPDATE CASCADE,
  ADD CONSTRAINT `towns_zone_id_foreign` FOREIGN KEY (`zone_id`) REFERENCES `zones` (`id`) ON DELETE CASCADE ON UPDATE CASCADE;
COMMIT;

/*!40101 SET CHARACTER_SET_CLIENT=@OLD_CHARACTER_SET_CLIENT */;
/*!40101 SET CHARACTER_SET_RESULTS=@OLD_CHARACTER_SET_RESULTS */;
/*!40101 SET COLLATION_CONNECTION=@OLD_COLLATION_CONNECTION */;
